[2024-10-14 13:02:32,059] INFO [django.utils.autoreload:668] Watching for file changes with StatReloader
[2024-10-14 13:02:40,914] INFO [django.utils.autoreload:266] C:\Users\DEV-018\Desktop\sakib\backend\GraphQL\Employee-management-project\User\middleware2.py changed, reloading.
[2024-10-14 13:02:42,154] INFO [django.utils.autoreload:668] Watching for file changes with StatReloader
[2024-10-14 13:02:52,188] INFO [django.server:213] "GET /d HTTP/1.1" 302 0
[2024-10-14 13:02:52,247] INFO [django.server:213] "GET /l HTTP/1.1" 200 9038
[2024-10-14 13:02:58,702] INFO [django.server:213] "POST /graphql/ HTTP/1.1" 200 342
[2024-10-14 13:02:58,747] INFO [django.server:213] "GET /d HTTP/1.1" 200 9243
[2024-10-14 13:02:58,932] INFO [django.server:213] "GET /graphql/?query=%0A%20%20%20%20%20%20%20%20query%20%7B%0A%20%20%20%20%20%20%20%20%20%20%20%20allEmployee%20%7B%0A%20%20%20%20%20%20%20%20%20%20%20%20%20%20%20%20id%0A%20%20%20%20%20%20%20%20%20%20%20%20%20%20%20%20employeeId%0A%20%20%20%20%20%20%20%20%20%20%20%20%20%20%20%20address%0A%20%20%20%20%20%20%20%20%20%20%20%20%20%20%20%20user%20%7B%0A%20%20%20%20%20%20%20%20%20%20%20%20%20%20%20%20%20%20%20%20id%0A%20%20%20%20%20%20%20%20%20%20%20%20%20%20%20%20%20%20%20%20username%0A%20%20%20%20%20%20%20%20%20%20%20%20%20%20%20%20%20%20%20%20role%7B%0A%20%20%20%20%20%20%20%20%20%20%20%20%20%20%20%20%20%20%20%20name%0A%20%20%20%20%20%20%20%20%20%20%20%20%20%20%20%20%20%20%20%20%7D%0A%20%20%20%20%20%20%20%20%20%20%20%20%20%20%20%20%7D%0A%20%20%20%20%20%20%20%20%20%20%20%20%20%20%20%20department%20%7B%0A%20%20%20%20%20%20%20%20%20%20%20%20%20%20%20%20%20%20%20%20name%0A%20%20%20%20%20%20%20%20%20%20%20%20%20%20%20%20%7D%0A%20%20%20%20%20%20%20%20%20%20%20%20%7D%0A%20%20%20%20%20%20%20%20%7D%0A%20%20%20%20 HTTP/1.1" 200 953
[2024-10-14 13:03:38,799] INFO [django.utils.autoreload:266] C:\Users\DEV-018\Desktop\sakib\backend\GraphQL\Employee-management-project\Employee\schema_employee.py changed, reloading.
[2024-10-14 13:03:40,387] INFO [django.utils.autoreload:668] Watching for file changes with StatReloader
[2024-10-14 13:03:40,905] INFO [django.server:213] "GET /le HTTP/1.1" 200 12136
[2024-10-14 13:03:41,069] INFO [django.server:213] "GET /graphql/?query=%0A%20%20%20%20%20%20%20%20%20%20%20%20%20%20%20%20query%7B%0A%20%20%20%20%20%20%20%20%20%20%20%20%20%20%20%20allLeave%7B%0A%20%20%20%20%20%20%20%20%20%20%20%20%20%20%20%20%20%20%20%20id%0A%20%20%20%20%20%20%20%20%20%20%20%20%20%20%20%20%20%20%20%20employee%7B%0A%20%20%20%20%20%20%20%20%20%20%20%20%20%20%20%20%20%20%20%20user%7B%0A%20%20%20%20%20%20%20%20%20%20%20%20%20%20%20%20%20%20%20%20%20%20%20%20username%0A%20%20%20%20%20%20%20%20%20%20%20%20%20%20%20%20%20%20%20%20%7D%0A%20%20%20%20%20%20%20%20%20%20%20%20%20%20%20%20%20%20%20%20%7D%0A%20%20%20%20%20%20%20%20%20%20%20%20%20%20%20%20%20%20%20%20status%0A%20%20%20%20%20%20%20%20%20%20%20%20%20%20%20%20%20%20%20%20startDate%0A%20%20%20%20%20%20%20%20%20%20%20%20%20%20%20%20%20%20%20%20endDate%0A%20%20%20%20%20%20%20%20%20%20%20%20%20%20%20%20%7D%0A%20%20%20%20%20%20%20%20%20%20%20%20%20%20%20%20%7D%0A%20%20%20%20%20%20%20%20%20%20%20%20 HTTP/1.1" 200 153
[2024-10-14 13:03:57,258] INFO [django.server:213] "GET /le HTTP/1.1" 200 12136
[2024-10-14 13:03:57,360] INFO [django.server:213] "GET /graphql/?query=%0A%20%20%20%20%20%20%20%20%20%20%20%20%20%20%20%20query%7B%0A%20%20%20%20%20%20%20%20%20%20%20%20%20%20%20%20allLeave%7B%0A%20%20%20%20%20%20%20%20%20%20%20%20%20%20%20%20%20%20%20%20id%0A%20%20%20%20%20%20%20%20%20%20%20%20%20%20%20%20%20%20%20%20employee%7B%0A%20%20%20%20%20%20%20%20%20%20%20%20%20%20%20%20%20%20%20%20user%7B%0A%20%20%20%20%20%20%20%20%20%20%20%20%20%20%20%20%20%20%20%20%20%20%20%20username%0A%20%20%20%20%20%20%20%20%20%20%20%20%20%20%20%20%20%20%20%20%7D%0A%20%20%20%20%20%20%20%20%20%20%20%20%20%20%20%20%20%20%20%20%7D%0A%20%20%20%20%20%20%20%20%20%20%20%20%20%20%20%20%20%20%20%20status%0A%20%20%20%20%20%20%20%20%20%20%20%20%20%20%20%20%20%20%20%20startDate%0A%20%20%20%20%20%20%20%20%20%20%20%20%20%20%20%20%20%20%20%20endDate%0A%20%20%20%20%20%20%20%20%20%20%20%20%20%20%20%20%7D%0A%20%20%20%20%20%20%20%20%20%20%20%20%20%20%20%20%7D%0A%20%20%20%20%20%20%20%20%20%20%20%20 HTTP/1.1" 200 153
[2024-10-14 13:04:28,954] INFO [django.utils.autoreload:266] C:\Users\DEV-018\Desktop\sakib\backend\GraphQL\Employee-management-project\User\middleware2.py changed, reloading.
[2024-10-14 13:04:30,234] INFO [django.utils.autoreload:668] Watching for file changes with StatReloader
[2024-10-14 13:10:34,193] INFO [django.utils.autoreload:266] C:\Users\DEV-018\Desktop\sakib\backend\GraphQL\Employee-management-project\User\middleware2.py changed, reloading.
[2024-10-14 13:10:35,560] INFO [django.utils.autoreload:668] Watching for file changes with StatReloader
[2024-10-14 13:10:44,450] INFO [django.server:213] "GET /le HTTP/1.1" 302 0
[2024-10-14 13:10:44,489] INFO [django.server:213] "GET /l HTTP/1.1" 200 9038
[2024-10-14 13:10:51,841] INFO [django.server:213] "POST /graphql/ HTTP/1.1" 200 342
[2024-10-14 13:10:51,867] INFO [django.server:213] "GET /d HTTP/1.1" 302 0
[2024-10-14 13:10:51,884] INFO [django.server:213] "GET /l HTTP/1.1" 200 9038
[2024-10-14 13:12:31,205] INFO [django.server:213] "GET /l HTTP/1.1" 200 9038
[2024-10-14 13:12:42,143] INFO [django.server:213] "GET /l HTTP/1.1" 200 9038
[2024-10-14 13:12:50,379] INFO [django.server:213] "POST /graphql/ HTTP/1.1" 200 342
[2024-10-14 13:12:50,405] INFO [django.server:213] "GET /d HTTP/1.1" 302 0
[2024-10-14 13:12:50,421] INFO [django.server:213] "GET /l HTTP/1.1" 200 9038
[2024-10-14 13:15:07,012] INFO [django.utils.autoreload:266] C:\Users\DEV-018\Desktop\sakib\backend\GraphQL\Employee-management-project\User\mutation.py changed, reloading.
[2024-10-14 13:15:08,613] INFO [django.utils.autoreload:668] Watching for file changes with StatReloader
[2024-10-14 13:15:18,453] INFO [django.utils.autoreload:266] C:\Users\DEV-018\Desktop\sakib\backend\GraphQL\Employee-management-project\User\mutation.py changed, reloading.
[2024-10-14 13:15:19,845] INFO [django.utils.autoreload:668] Watching for file changes with StatReloader
[2024-10-14 13:15:49,665] INFO [django.utils.autoreload:266] C:\Users\DEV-018\Desktop\sakib\backend\GraphQL\Employee-management-project\User\mutation.py changed, reloading.
[2024-10-14 13:15:51,035] INFO [django.utils.autoreload:668] Watching for file changes with StatReloader
[2024-10-14 13:16:20,749] INFO [django.utils.autoreload:266] C:\Users\DEV-018\Desktop\sakib\backend\GraphQL\Employee-management-project\User\mutation.py changed, reloading.
[2024-10-14 13:16:22,077] INFO [django.utils.autoreload:668] Watching for file changes with StatReloader
[2024-10-14 13:16:23,798] INFO [django.utils.autoreload:266] C:\Users\DEV-018\Desktop\sakib\backend\GraphQL\Employee-management-project\User\mutation.py changed, reloading.
[2024-10-14 13:16:25,265] INFO [django.utils.autoreload:668] Watching for file changes with StatReloader
[2024-10-14 13:16:27,466] WARNING [django.request:248] Bad Request: /graphql/
[2024-10-14 13:16:27,466] WARNING [django.server:213] "POST /graphql/ HTTP/1.1" 400 168
[2024-10-14 13:17:19,010] INFO [django.server:213] "POST /graphql/ HTTP/1.1" 200 356
[2024-10-14 13:17:59,276] INFO [django.utils.autoreload:266] C:\Users\DEV-018\Desktop\sakib\backend\GraphQL\Employee-management-project\User\mutation.py changed, reloading.
[2024-10-14 13:18:00,524] INFO [django.utils.autoreload:668] Watching for file changes with StatReloader
[2024-10-14 13:18:03,267] INFO [django.utils.autoreload:266] C:\Users\DEV-018\Desktop\sakib\backend\GraphQL\Employee-management-project\User\mutation.py changed, reloading.
[2024-10-14 13:18:04,605] INFO [django.utils.autoreload:668] Watching for file changes with StatReloader
[2024-10-14 13:18:07,950] INFO [django.utils.autoreload:266] C:\Users\DEV-018\Desktop\sakib\backend\GraphQL\Employee-management-project\User\mutation.py changed, reloading.
[2024-10-14 13:18:09,336] INFO [django.utils.autoreload:668] Watching for file changes with StatReloader
[2024-10-14 13:18:30,820] INFO [django.utils.autoreload:266] C:\Users\DEV-018\Desktop\sakib\backend\GraphQL\Employee-management-project\User\mutation.py changed, reloading.
[2024-10-14 13:18:32,172] INFO [django.utils.autoreload:668] Watching for file changes with StatReloader
[2024-10-14 13:19:03,005] INFO [django.utils.autoreload:266] C:\Users\DEV-018\Desktop\sakib\backend\GraphQL\Employee-management-project\User\mutation.py changed, reloading.
[2024-10-14 13:19:04,453] INFO [django.utils.autoreload:668] Watching for file changes with StatReloader
[2024-10-14 13:19:05,722] INFO [django.utils.autoreload:266] C:\Users\DEV-018\Desktop\sakib\backend\GraphQL\Employee-management-project\User\mutation.py changed, reloading.
[2024-10-14 13:19:07,022] INFO [django.utils.autoreload:668] Watching for file changes with StatReloader
[2024-10-14 13:19:17,351] INFO [django.server:213] "POST /graphql/ HTTP/1.1" 200 356
[2024-10-14 13:21:46,426] INFO [django.utils.autoreload:266] C:\Users\DEV-018\Desktop\sakib\backend\GraphQL\Employee-management-project\User\mutation.py changed, reloading.
[2024-10-14 13:21:47,944] INFO [django.utils.autoreload:668] Watching for file changes with StatReloader
[2024-10-14 13:22:16,771] INFO [django.utils.autoreload:266] C:\Users\DEV-018\Desktop\sakib\backend\GraphQL\Employee-management-project\User\mutation.py changed, reloading.
[2024-10-14 13:22:18,209] INFO [django.utils.autoreload:668] Watching for file changes with StatReloader
[2024-10-14 13:22:57,421] INFO [django.server:213] "POST /graphql/ HTTP/1.1" 200 356
[2024-10-14 13:24:25,481] INFO [django.utils.autoreload:266] C:\Users\DEV-018\Desktop\sakib\backend\GraphQL\Employee-management-project\User\mutation.py changed, reloading.
[2024-10-14 13:24:26,868] INFO [django.utils.autoreload:668] Watching for file changes with StatReloader
[2024-10-14 13:24:29,740] INFO [django.utils.autoreload:266] C:\Users\DEV-018\Desktop\sakib\backend\GraphQL\Employee-management-project\User\mutation.py changed, reloading.
[2024-10-14 13:24:30,989] INFO [django.utils.autoreload:668] Watching for file changes with StatReloader
[2024-10-14 13:24:32,534] INFO [django.utils.autoreload:266] C:\Users\DEV-018\Desktop\sakib\backend\GraphQL\Employee-management-project\User\mutation.py changed, reloading.
[2024-10-14 13:24:33,645] INFO [django.utils.autoreload:668] Watching for file changes with StatReloader
[2024-10-14 13:24:47,344] INFO [django.utils.autoreload:266] C:\Users\DEV-018\Desktop\sakib\backend\GraphQL\Employee-management-project\User\mutation.py changed, reloading.
[2024-10-14 13:24:48,386] INFO [django.utils.autoreload:668] Watching for file changes with StatReloader
[2024-10-14 13:24:53,835] INFO [django.utils.autoreload:266] C:\Users\DEV-018\Desktop\sakib\backend\GraphQL\Employee-management-project\User\mutation.py changed, reloading.
[2024-10-14 13:24:55,552] INFO [django.utils.autoreload:668] Watching for file changes with StatReloader
[2024-10-14 13:24:56,846] INFO [django.utils.autoreload:266] C:\Users\DEV-018\Desktop\sakib\backend\GraphQL\Employee-management-project\User\mutation.py changed, reloading.
[2024-10-14 13:24:57,780] INFO [django.utils.autoreload:668] Watching for file changes with StatReloader
[2024-10-14 13:25:45,910] INFO [django.utils.autoreload:266] C:\Users\DEV-018\Desktop\sakib\backend\GraphQL\Employee-management-project\User\mutation.py changed, reloading.
[2024-10-14 13:25:47,229] INFO [django.utils.autoreload:668] Watching for file changes with StatReloader
[2024-10-14 13:25:50,063] INFO [django.server:213] "POST /graphql/ HTTP/1.1" 200 356
[2024-10-14 14:58:02,566] INFO [django.server:213] "POST /graphql/ HTTP/1.1" 200 356
[2024-10-14 15:00:08,327] INFO [django.utils.autoreload:266] C:\Users\DEV-018\Desktop\sakib\backend\GraphQL\Employee-management-project\User\mutation.py changed, reloading.
[2024-10-14 15:00:10,005] INFO [django.utils.autoreload:668] Watching for file changes with StatReloader
[2024-10-14 15:00:13,727] INFO [django.utils.autoreload:266] C:\Users\DEV-018\Desktop\sakib\backend\GraphQL\Employee-management-project\User\mutation.py changed, reloading.
[2024-10-14 15:00:15,072] INFO [django.utils.autoreload:668] Watching for file changes with StatReloader
[2024-10-14 15:00:17,879] INFO [django.utils.autoreload:266] C:\Users\DEV-018\Desktop\sakib\backend\GraphQL\Employee-management-project\User\mutation.py changed, reloading.
[2024-10-14 15:00:19,266] INFO [django.utils.autoreload:668] Watching for file changes with StatReloader
[2024-10-14 15:00:28,096] INFO [django.server:213] "POST /graphql/ HTTP/1.1" 200 345
[2024-10-14 15:03:05,147] INFO [django.utils.autoreload:266] C:\Users\DEV-018\Desktop\sakib\backend\GraphQL\Employee-management-project\User\middleware2.py changed, reloading.
[2024-10-14 15:03:06,505] INFO [django.utils.autoreload:668] Watching for file changes with StatReloader
[2024-10-14 15:03:11,326] INFO [django.utils.autoreload:266] C:\Users\DEV-018\Desktop\sakib\backend\GraphQL\Employee-management-project\User\middleware2.py changed, reloading.
[2024-10-14 15:03:12,620] INFO [django.utils.autoreload:668] Watching for file changes with StatReloader
[2024-10-14 15:03:16,392] INFO [django.utils.autoreload:266] C:\Users\DEV-018\Desktop\sakib\backend\GraphQL\Employee-management-project\User\middleware2.py changed, reloading.
[2024-10-14 15:03:17,954] INFO [django.utils.autoreload:668] Watching for file changes with StatReloader
[2024-10-14 15:03:20,464] INFO [django.server:213] "GET /l HTTP/1.1" 200 9038
[2024-10-14 15:03:27,817] INFO [django.server:213] "POST /graphql/ HTTP/1.1" 200 342
[2024-10-14 15:03:27,850] INFO [django.server:213] "GET /d HTTP/1.1" 302 0
[2024-10-14 15:03:27,866] INFO [django.server:213] "GET /l HTTP/1.1" 200 9038
[2024-10-14 15:11:30,783] INFO [django.server:213] "POST /graphql/ HTTP/1.1" 200 345
[2024-10-14 15:13:16,579] INFO [django.server:213] "GET /l HTTP/1.1" 200 9209
[2024-10-14 15:13:30,290] INFO [django.server:213] "GET /l HTTP/1.1" 200 9209
[2024-10-14 15:13:37,064] INFO [django.server:213] "POST /graphql/ HTTP/1.1" 200 345
[2024-10-14 15:13:37,100] INFO [django.server:213] "GET /d HTTP/1.1" 302 0
[2024-10-14 15:13:37,120] INFO [django.server:213] "GET /l HTTP/1.1" 200 9209
[2024-10-14 15:13:51,912] INFO [django.server:213] "GET /l HTTP/1.1" 200 9212
[2024-10-14 15:13:58,974] INFO [django.server:213] "POST /graphql/ HTTP/1.1" 200 345
[2024-10-14 15:22:48,801] INFO [django.server:213] "GET /l HTTP/1.1" 200 9212
[2024-10-14 15:22:58,061] INFO [django.server:213] "GET /l HTTP/1.1" 200 9209
[2024-10-14 15:23:05,643] INFO [django.server:213] "POST /graphql/ HTTP/1.1" 200 345
[2024-10-14 15:23:05,675] INFO [django.server:213] "GET /d HTTP/1.1" 302 0
[2024-10-14 15:23:05,692] INFO [django.server:213] "GET /l HTTP/1.1" 200 9209
[2024-10-14 15:24:32,832] INFO [django.utils.autoreload:266] C:\Users\DEV-018\Desktop\sakib\backend\GraphQL\Employee-management-project\User\middleware2.py changed, reloading.
[2024-10-14 15:24:34,180] INFO [django.utils.autoreload:668] Watching for file changes with StatReloader
[2024-10-14 15:27:44,246] INFO [django.server:213] "GET /l HTTP/1.1" 200 9209
[2024-10-14 15:27:53,856] INFO [django.server:213] "GET /l HTTP/1.1" 200 9209
[2024-10-14 15:28:02,198] INFO [django.server:213] "POST /graphql/ HTTP/1.1" 200 345
[2024-10-14 15:28:02,237] INFO [django.server:213] "GET /d HTTP/1.1" 302 0
[2024-10-14 15:28:02,253] INFO [django.server:213] "GET /l HTTP/1.1" 200 9209
[2024-10-14 15:39:07,662] INFO [django.utils.autoreload:266] C:\Users\DEV-018\Desktop\sakib\backend\GraphQL\Employee-management-project\User\mutation.py changed, reloading.
[2024-10-14 15:39:09,082] INFO [django.utils.autoreload:668] Watching for file changes with StatReloader
[2024-10-14 15:39:11,461] INFO [django.utils.autoreload:266] C:\Users\DEV-018\Desktop\sakib\backend\GraphQL\Employee-management-project\User\mutation.py changed, reloading.
[2024-10-14 15:39:12,960] INFO [django.utils.autoreload:668] Watching for file changes with StatReloader
[2024-10-14 15:39:29,353] INFO [django.utils.autoreload:266] C:\Users\DEV-018\Desktop\sakib\backend\GraphQL\Employee-management-project\User\mutation.py changed, reloading.
[2024-10-14 15:39:30,740] INFO [django.utils.autoreload:668] Watching for file changes with StatReloader
[2024-10-14 15:39:32,061] INFO [django.utils.autoreload:266] C:\Users\DEV-018\Desktop\sakib\backend\GraphQL\Employee-management-project\User\mutation.py changed, reloading.
[2024-10-14 15:39:33,295] INFO [django.utils.autoreload:668] Watching for file changes with StatReloader
[2024-10-14 15:39:41,867] INFO [django.utils.autoreload:266] C:\Users\DEV-018\Desktop\sakib\backend\GraphQL\Employee-management-project\User\mutation.py changed, reloading.
[2024-10-14 15:39:43,156] INFO [django.utils.autoreload:668] Watching for file changes with StatReloader
[2024-10-14 15:39:44,430] INFO [django.utils.autoreload:266] C:\Users\DEV-018\Desktop\sakib\backend\GraphQL\Employee-management-project\User\mutation.py changed, reloading.
[2024-10-14 15:39:45,793] INFO [django.utils.autoreload:668] Watching for file changes with StatReloader
[2024-10-14 15:40:05,424] INFO [django.utils.autoreload:266] C:\Users\DEV-018\Desktop\sakib\backend\GraphQL\Employee-management-project\User\mutation.py changed, reloading.
[2024-10-14 15:40:06,875] INFO [django.utils.autoreload:668] Watching for file changes with StatReloader
[2024-10-14 15:40:15,886] INFO [django.utils.autoreload:266] C:\Users\DEV-018\Desktop\sakib\backend\GraphQL\Employee-management-project\User\mutation.py changed, reloading.
[2024-10-14 15:40:17,372] INFO [django.utils.autoreload:668] Watching for file changes with StatReloader
[2024-10-14 15:40:25,357] INFO [django.utils.autoreload:266] C:\Users\DEV-018\Desktop\sakib\backend\GraphQL\Employee-management-project\User\mutation.py changed, reloading.
[2024-10-14 15:40:26,787] INFO [django.utils.autoreload:668] Watching for file changes with StatReloader
[2024-10-14 15:40:34,781] INFO [django.utils.autoreload:266] C:\Users\DEV-018\Desktop\sakib\backend\GraphQL\Employee-management-project\User\mutation.py changed, reloading.
[2024-10-14 15:40:36,021] INFO [django.utils.autoreload:668] Watching for file changes with StatReloader
[2024-10-14 15:40:52,524] INFO [django.utils.autoreload:266] C:\Users\DEV-018\Desktop\sakib\backend\GraphQL\Employee-management-project\User\mutation.py changed, reloading.
[2024-10-14 15:40:53,985] INFO [django.utils.autoreload:668] Watching for file changes with StatReloader
[2024-10-14 15:41:05,158] INFO [django.utils.autoreload:266] C:\Users\DEV-018\Desktop\sakib\backend\GraphQL\Employee-management-project\User\mutation.py changed, reloading.
[2024-10-14 15:41:06,516] INFO [django.utils.autoreload:668] Watching for file changes with StatReloader
[2024-10-14 15:41:10,372] INFO [django.utils.autoreload:266] C:\Users\DEV-018\Desktop\sakib\backend\GraphQL\Employee-management-project\User\mutation.py changed, reloading.
[2024-10-14 15:41:11,684] INFO [django.utils.autoreload:668] Watching for file changes with StatReloader
[2024-10-14 15:41:14,399] INFO [django.utils.autoreload:266] C:\Users\DEV-018\Desktop\sakib\backend\GraphQL\Employee-management-project\User\mutation.py changed, reloading.
[2024-10-14 15:41:15,879] INFO [django.utils.autoreload:668] Watching for file changes with StatReloader
[2024-10-14 15:41:22,752] INFO [django.utils.autoreload:266] C:\Users\DEV-018\Desktop\sakib\backend\GraphQL\Employee-management-project\User\mutation.py changed, reloading.
[2024-10-14 15:41:24,189] INFO [django.utils.autoreload:668] Watching for file changes with StatReloader
[2024-10-14 15:41:33,181] INFO [django.server:213] "POST /graphql/ HTTP/1.1" 200 357
[2024-10-14 15:41:47,199] INFO [django.utils.autoreload:266] C:\Users\DEV-018\Desktop\sakib\backend\GraphQL\Employee-management-project\User\mutation.py changed, reloading.
[2024-10-14 15:41:48,542] INFO [django.utils.autoreload:668] Watching for file changes with StatReloader
[2024-10-14 15:42:35,832] WARNING [django.request:248] Bad Request: /graphql/
[2024-10-14 15:42:35,832] WARNING [django.server:213] "POST /graphql/ HTTP/1.1" 400 168
[2024-10-14 15:43:17,694] INFO [django.server:213] "GET /l HTTP/1.1" 200 9208
[2024-10-14 15:43:30,201] INFO [django.server:213] "POST /graphql/ HTTP/1.1" 200 184
[2024-10-14 15:44:37,032] INFO [django.utils.autoreload:266] C:\Users\DEV-018\Desktop\sakib\backend\GraphQL\Employee-management-project\User\mutation.py changed, reloading.
[2024-10-14 15:44:39,082] INFO [django.utils.autoreload:668] Watching for file changes with StatReloader
[2024-10-14 15:44:39,646] INFO [django.server:213] "GET /l HTTP/1.1" 200 9208
[2024-10-14 15:44:50,400] INFO [django.server:213] "GET /l HTTP/1.1" 200 9208
[2024-10-14 15:45:07,950] INFO [django.server:213] "POST /graphql/ HTTP/1.1" 200 356
[2024-10-14 15:45:07,996] INFO [django.server:213] "GET /d HTTP/1.1" 302 0
[2024-10-14 15:45:08,020] INFO [django.server:213] "GET /l HTTP/1.1" 200 9208
[2024-10-14 15:48:09,348] INFO [django.utils.autoreload:266] C:\Users\DEV-018\Desktop\sakib\backend\GraphQL\Employee-management-project\EmployeeManagement\settings.py changed, reloading.
[2024-10-14 15:48:11,606] INFO [django.utils.autoreload:668] Watching for file changes with StatReloader
[2024-10-14 15:50:13,080] INFO [django.utils.autoreload:266] C:\Users\DEV-018\Desktop\sakib\backend\GraphQL\Employee-management-project\EmployeeManagement\settings.py changed, reloading.
[2024-10-14 15:50:15,015] INFO [django.utils.autoreload:668] Watching for file changes with StatReloader
[2024-10-14 15:50:25,701] INFO [django.server:213] "GET /l HTTP/1.1" 200 9208
[2024-10-14 15:50:34,633] INFO [django.server:213] "POST /graphql/ HTTP/1.1" 200 402
[2024-10-14 15:56:27,618] INFO [django.utils.autoreload:266] C:\Users\DEV-018\Desktop\sakib\backend\GraphQL\Employee-management-project\EmployeeManagement\settings.py changed, reloading.
[2024-10-14 15:56:29,649] INFO [django.utils.autoreload:668] Watching for file changes with StatReloader
[2024-10-14 15:56:40,246] INFO [django.server:213] "POST /graphql/ HTTP/1.1" 200 356
[2024-10-14 15:59:35,959] INFO [django.utils.autoreload:266] C:\Users\DEV-018\Desktop\sakib\backend\GraphQL\Employee-management-project\User\mutation.py changed, reloading.
[2024-10-14 15:59:36,766] INFO [django.utils.autoreload:668] Watching for file changes with StatReloader
[2024-10-14 15:59:38,195] INFO [django.utils.autoreload:266] C:\Users\DEV-018\Desktop\sakib\backend\GraphQL\Employee-management-project\User\mutation.py changed, reloading.
[2024-10-14 15:59:39,166] INFO [django.utils.autoreload:668] Watching for file changes with StatReloader
[2024-10-14 15:59:43,137] INFO [django.server:213] "GET /l HTTP/1.1" 200 9208
[2024-10-14 15:59:50,948] INFO [django.server:213] "POST /graphql/ HTTP/1.1" 200 356
[2024-10-14 15:59:50,966] INFO [django.server:213] "GET /d HTTP/1.1" 302 0
[2024-10-14 15:59:50,974] INFO [django.server:213] "GET /l HTTP/1.1" 200 9208
[2024-10-14 16:02:19,275] INFO [django.utils.autoreload:266] C:\Users\DEV-018\Desktop\sakib\backend\GraphQL\Employee-management-project\EmployeeManagement\settings.py changed, reloading.
[2024-10-14 16:02:19,987] INFO [django.utils.autoreload:668] Watching for file changes with StatReloader
[2024-10-14 16:03:28,164] INFO [django.utils.autoreload:266] C:\Users\DEV-018\Desktop\sakib\backend\GraphQL\Employee-management-project\EmployeeManagement\settings.py changed, reloading.
[2024-10-14 16:03:28,898] INFO [django.utils.autoreload:668] Watching for file changes with StatReloader
[2024-10-14 16:03:32,946] INFO [django.server:213] "GET /l HTTP/1.1" 200 9208
[2024-10-14 16:03:40,705] INFO [django.server:213] "POST /graphql/ HTTP/1.1" 200 374
[2024-10-14 16:03:40,723] INFO [django.server:213] "GET /d HTTP/1.1" 302 0
[2024-10-14 16:03:40,730] INFO [django.server:213] "GET /l HTTP/1.1" 200 9208
[2024-10-14 16:05:05,397] INFO [django.utils.autoreload:266] C:\Users\DEV-018\Desktop\sakib\backend\GraphQL\Employee-management-project\User\middleware2.py changed, reloading.
[2024-10-14 16:05:06,178] INFO [django.utils.autoreload:668] Watching for file changes with StatReloader
[2024-10-14 16:05:07,665] INFO [django.server:213] "GET /l HTTP/1.1" 200 9208
[2024-10-14 16:05:14,863] INFO [django.server:213] "POST /graphql/ HTTP/1.1" 200 374
[2024-10-14 16:05:14,879] INFO [django.server:213] "GET /d HTTP/1.1" 302 0
[2024-10-14 16:05:14,888] INFO [django.server:213] "GET /l HTTP/1.1" 200 9208
[2024-10-14 16:05:33,667] INFO [django.utils.autoreload:266] C:\Users\DEV-018\Desktop\sakib\backend\GraphQL\Employee-management-project\User\middleware2.py changed, reloading.
[2024-10-14 16:05:34,396] INFO [django.utils.autoreload:668] Watching for file changes with StatReloader
[2024-10-14 16:05:38,847] INFO [django.utils.autoreload:266] C:\Users\DEV-018\Desktop\sakib\backend\GraphQL\Employee-management-project\User\middleware2.py changed, reloading.
[2024-10-14 16:05:39,549] INFO [django.utils.autoreload:668] Watching for file changes with StatReloader
[2024-10-14 16:05:57,663] INFO [django.server:213] "GET /l HTTP/1.1" 200 9208
[2024-10-14 16:06:05,597] INFO [django.server:213] "POST /graphql/ HTTP/1.1" 200 374
[2024-10-14 16:06:05,623] INFO [django.server:213] "GET /d HTTP/1.1" 302 0
[2024-10-14 16:06:05,630] INFO [django.server:213] "GET /l HTTP/1.1" 200 9208
[2024-10-14 16:08:05,167] INFO [django.utils.autoreload:266] C:\Users\DEV-018\Desktop\sakib\backend\GraphQL\Employee-management-project\User\middleware2.py changed, reloading.
[2024-10-14 16:08:05,856] INFO [django.utils.autoreload:668] Watching for file changes with StatReloader
[2024-10-14 16:08:10,260] INFO [django.utils.autoreload:266] C:\Users\DEV-018\Desktop\sakib\backend\GraphQL\Employee-management-project\User\middleware2.py changed, reloading.
[2024-10-14 16:08:10,995] INFO [django.utils.autoreload:668] Watching for file changes with StatReloader
[2024-10-14 16:08:14,486] INFO [django.server:213] "GET /l HTTP/1.1" 200 9208
[2024-10-14 16:08:22,100] INFO [django.server:213] "POST /graphql/ HTTP/1.1" 200 374
[2024-10-14 16:08:22,118] INFO [django.server:213] "GET /d HTTP/1.1" 302 0
[2024-10-14 16:08:22,126] INFO [django.server:213] "GET /l HTTP/1.1" 200 9208
[2024-10-14 16:09:02,990] INFO [django.utils.autoreload:266] C:\Users\DEV-018\Desktop\sakib\backend\GraphQL\Employee-management-project\User\middleware2.py changed, reloading.
[2024-10-14 16:09:03,746] INFO [django.utils.autoreload:668] Watching for file changes with StatReloader
[2024-10-14 16:09:13,394] INFO [django.server:213] "GET /l HTTP/1.1" 200 9208
[2024-10-14 16:09:20,722] INFO [django.server:213] "POST /graphql/ HTTP/1.1" 200 374
[2024-10-14 16:09:20,746] INFO [django.server:213] "GET /d HTTP/1.1" 200 9243
[2024-10-14 16:09:20,807] INFO [django.server:213] "GET /graphql/?query=%0A%20%20%20%20%20%20%20%20query%20%7B%0A%20%20%20%20%20%20%20%20%20%20%20%20allEmployee%20%7B%0A%20%20%20%20%20%20%20%20%20%20%20%20%20%20%20%20id%0A%20%20%20%20%20%20%20%20%20%20%20%20%20%20%20%20employeeId%0A%20%20%20%20%20%20%20%20%20%20%20%20%20%20%20%20address%0A%20%20%20%20%20%20%20%20%20%20%20%20%20%20%20%20user%20%7B%0A%20%20%20%20%20%20%20%20%20%20%20%20%20%20%20%20%20%20%20%20id%0A%20%20%20%20%20%20%20%20%20%20%20%20%20%20%20%20%20%20%20%20username%0A%20%20%20%20%20%20%20%20%20%20%20%20%20%20%20%20%20%20%20%20role%7B%0A%20%20%20%20%20%20%20%20%20%20%20%20%20%20%20%20%20%20%20%20name%0A%20%20%20%20%20%20%20%20%20%20%20%20%20%20%20%20%20%20%20%20%7D%0A%20%20%20%20%20%20%20%20%20%20%20%20%20%20%20%20%7D%0A%20%20%20%20%20%20%20%20%20%20%20%20%20%20%20%20department%20%7B%0A%20%20%20%20%20%20%20%20%20%20%20%20%20%20%20%20%20%20%20%20name%0A%20%20%20%20%20%20%20%20%20%20%20%20%20%20%20%20%7D%0A%20%20%20%20%20%20%20%20%20%20%20%20%7D%0A%20%20%20%20%20%20%20%20%7D%0A%20%20%20%20 HTTP/1.1" 200 953
[2024-10-14 16:09:30,934] INFO [django.server:213] "GET /le HTTP/1.1" 200 12136
[2024-10-14 16:09:30,987] INFO [django.server:213] "GET /graphql/?query=%0A%20%20%20%20%20%20%20%20%20%20%20%20%20%20%20%20query%7B%0A%20%20%20%20%20%20%20%20%20%20%20%20%20%20%20%20allLeave%7B%0A%20%20%20%20%20%20%20%20%20%20%20%20%20%20%20%20%20%20%20%20id%0A%20%20%20%20%20%20%20%20%20%20%20%20%20%20%20%20%20%20%20%20employee%7B%0A%20%20%20%20%20%20%20%20%20%20%20%20%20%20%20%20%20%20%20%20user%7B%0A%20%20%20%20%20%20%20%20%20%20%20%20%20%20%20%20%20%20%20%20%20%20%20%20username%0A%20%20%20%20%20%20%20%20%20%20%20%20%20%20%20%20%20%20%20%20%7D%0A%20%20%20%20%20%20%20%20%20%20%20%20%20%20%20%20%20%20%20%20%7D%0A%20%20%20%20%20%20%20%20%20%20%20%20%20%20%20%20%20%20%20%20status%0A%20%20%20%20%20%20%20%20%20%20%20%20%20%20%20%20%20%20%20%20startDate%0A%20%20%20%20%20%20%20%20%20%20%20%20%20%20%20%20%20%20%20%20endDate%0A%20%20%20%20%20%20%20%20%20%20%20%20%20%20%20%20%7D%0A%20%20%20%20%20%20%20%20%20%20%20%20%20%20%20%20%7D%0A%20%20%20%20%20%20%20%20%20%20%20%20 HTTP/1.1" 200 153
[2024-10-14 16:35:56,464] INFO [django.server:213] "POST /graphql/ HTTP/1.1" 200 374
[2024-10-14 16:41:30,125] INFO [django.server:213] "POST /graphql/ HTTP/1.1" 200 374
[2024-10-14 16:44:28,274] INFO [django.server:213] "GET /le HTTP/1.1" 302 0
[2024-10-14 16:44:28,283] INFO [django.server:213] "GET /l HTTP/1.1" 200 9208
[2024-10-14 16:45:00,951] INFO [django.server:213] "GET /l HTTP/1.1" 200 9211
[2024-10-14 16:45:14,548] INFO [django.server:213] "POST /graphql/ HTTP/1.1" 200 374
[2024-10-14 16:45:26,675] INFO [django.server:213] "POST /graphql/ HTTP/1.1" 200 374
[2024-10-14 16:46:00,522] INFO [django.utils.autoreload:668] Watching for file changes with StatReloader
[2024-10-14 16:47:05,813] INFO [django.utils.autoreload:266] C:\Users\DEV-018\Desktop\sakib\backend\GraphQL\Employee-management-project\User\mutation.py changed, reloading.
[2024-10-14 16:47:06,604] INFO [django.utils.autoreload:668] Watching for file changes with StatReloader
[2024-10-14 16:47:10,097] INFO [django.utils.autoreload:266] C:\Users\DEV-018\Desktop\sakib\backend\GraphQL\Employee-management-project\User\mutation.py changed, reloading.
[2024-10-14 16:47:10,836] INFO [django.utils.autoreload:668] Watching for file changes with StatReloader
[2024-10-14 16:47:13,278] INFO [django.utils.autoreload:266] C:\Users\DEV-018\Desktop\sakib\backend\GraphQL\Employee-management-project\User\mutation.py changed, reloading.
[2024-10-14 16:47:14,000] INFO [django.utils.autoreload:668] Watching for file changes with StatReloader
[2024-10-14 16:47:16,937] INFO [django.server:213] "POST /graphql/ HTTP/1.1" 200 374
[2024-10-14 16:49:14,103] INFO [django.utils.autoreload:266] C:\Users\DEV-018\Desktop\sakib\backend\GraphQL\Employee-management-project\User\mutation.py changed, reloading.
[2024-10-14 16:49:14,877] INFO [django.utils.autoreload:668] Watching for file changes with StatReloader
[2024-10-14 16:49:16,284] INFO [django.utils.autoreload:266] C:\Users\DEV-018\Desktop\sakib\backend\GraphQL\Employee-management-project\User\mutation.py changed, reloading.
[2024-10-14 16:49:17,038] INFO [django.utils.autoreload:668] Watching for file changes with StatReloader
[2024-10-14 16:49:19,437] INFO [django.utils.autoreload:266] C:\Users\DEV-018\Desktop\sakib\backend\GraphQL\Employee-management-project\User\mutation.py changed, reloading.
[2024-10-14 16:49:20,215] INFO [django.utils.autoreload:668] Watching for file changes with StatReloader
[2024-10-14 16:49:22,977] INFO [django.server:213] "POST /graphql/ HTTP/1.1" 200 374
[2024-10-14 16:50:03,044] INFO [django.utils.autoreload:266] C:\Users\DEV-018\Desktop\sakib\backend\GraphQL\Employee-management-project\User\mutation.py changed, reloading.
[2024-10-14 16:50:03,796] INFO [django.utils.autoreload:668] Watching for file changes with StatReloader
[2024-10-14 16:50:08,124] INFO [django.server:213] "POST /graphql/ HTTP/1.1" 200 374
[2024-10-14 16:50:25,918] INFO [django.utils.autoreload:266] C:\Users\DEV-018\Desktop\sakib\backend\GraphQL\Employee-management-project\User\mutation.py changed, reloading.
[2024-10-14 16:50:26,599] INFO [django.utils.autoreload:668] Watching for file changes with StatReloader
[2024-10-14 17:07:20,136] INFO [django.server:213] "POST /graphql/ HTTP/1.1" 200 374
[2024-10-14 17:07:29,500] INFO [django.server:213] "GET /l HTTP/1.1" 200 9208
[2024-10-14 17:07:37,783] INFO [django.server:213] "POST /graphql/ HTTP/1.1" 200 374
[2024-10-14 17:07:37,879] INFO [django.server:213] "GET /d HTTP/1.1" 200 9243
[2024-10-14 17:07:37,953] INFO [django.server:213] "GET /graphql/?query=%0A%20%20%20%20%20%20%20%20query%20%7B%0A%20%20%20%20%20%20%20%20%20%20%20%20allEmployee%20%7B%0A%20%20%20%20%20%20%20%20%20%20%20%20%20%20%20%20id%0A%20%20%20%20%20%20%20%20%20%20%20%20%20%20%20%20employeeId%0A%20%20%20%20%20%20%20%20%20%20%20%20%20%20%20%20address%0A%20%20%20%20%20%20%20%20%20%20%20%20%20%20%20%20user%20%7B%0A%20%20%20%20%20%20%20%20%20%20%20%20%20%20%20%20%20%20%20%20id%0A%20%20%20%20%20%20%20%20%20%20%20%20%20%20%20%20%20%20%20%20username%0A%20%20%20%20%20%20%20%20%20%20%20%20%20%20%20%20%20%20%20%20role%7B%0A%20%20%20%20%20%20%20%20%20%20%20%20%20%20%20%20%20%20%20%20name%0A%20%20%20%20%20%20%20%20%20%20%20%20%20%20%20%20%20%20%20%20%7D%0A%20%20%20%20%20%20%20%20%20%20%20%20%20%20%20%20%7D%0A%20%20%20%20%20%20%20%20%20%20%20%20%20%20%20%20department%20%7B%0A%20%20%20%20%20%20%20%20%20%20%20%20%20%20%20%20%20%20%20%20name%0A%20%20%20%20%20%20%20%20%20%20%20%20%20%20%20%20%7D%0A%20%20%20%20%20%20%20%20%20%20%20%20%7D%0A%20%20%20%20%20%20%20%20%7D%0A%20%20%20%20 HTTP/1.1" 200 953
[2024-10-14 17:18:18,799] INFO [django.server:213] "GET /le HTTP/1.1" 200 12136
[2024-10-14 17:18:18,887] INFO [django.server:213] "GET /graphql/?query=%0A%20%20%20%20%20%20%20%20%20%20%20%20%20%20%20%20query%7B%0A%20%20%20%20%20%20%20%20%20%20%20%20%20%20%20%20allLeave%7B%0A%20%20%20%20%20%20%20%20%20%20%20%20%20%20%20%20%20%20%20%20id%0A%20%20%20%20%20%20%20%20%20%20%20%20%20%20%20%20%20%20%20%20employee%7B%0A%20%20%20%20%20%20%20%20%20%20%20%20%20%20%20%20%20%20%20%20user%7B%0A%20%20%20%20%20%20%20%20%20%20%20%20%20%20%20%20%20%20%20%20%20%20%20%20username%0A%20%20%20%20%20%20%20%20%20%20%20%20%20%20%20%20%20%20%20%20%7D%0A%20%20%20%20%20%20%20%20%20%20%20%20%20%20%20%20%20%20%20%20%7D%0A%20%20%20%20%20%20%20%20%20%20%20%20%20%20%20%20%20%20%20%20status%0A%20%20%20%20%20%20%20%20%20%20%20%20%20%20%20%20%20%20%20%20startDate%0A%20%20%20%20%20%20%20%20%20%20%20%20%20%20%20%20%20%20%20%20endDate%0A%20%20%20%20%20%20%20%20%20%20%20%20%20%20%20%20%7D%0A%20%20%20%20%20%20%20%20%20%20%20%20%20%20%20%20%7D%0A%20%20%20%20%20%20%20%20%20%20%20%20 HTTP/1.1" 200 153
[2024-10-14 17:39:00,379] INFO [django.utils.autoreload:668] Watching for file changes with StatReloader
[2024-10-14 17:40:30,843] INFO [django.server:213] "GET /le HTTP/1.1" 302 0
[2024-10-14 17:40:30,896] INFO [django.server:213] "GET /l HTTP/1.1" 200 9208
[2024-10-14 17:40:54,417] INFO [django.server:213] "POST /graphql/ HTTP/1.1" 200 374
[2024-10-14 17:40:54,481] INFO [django.server:213] "GET /d HTTP/1.1" 200 9243
[2024-10-14 17:40:54,705] INFO [django.server:213] "GET /graphql/?query=%0A%20%20%20%20%20%20%20%20query%20%7B%0A%20%20%20%20%20%20%20%20%20%20%20%20allEmployee%20%7B%0A%20%20%20%20%20%20%20%20%20%20%20%20%20%20%20%20id%0A%20%20%20%20%20%20%20%20%20%20%20%20%20%20%20%20employeeId%0A%20%20%20%20%20%20%20%20%20%20%20%20%20%20%20%20address%0A%20%20%20%20%20%20%20%20%20%20%20%20%20%20%20%20user%20%7B%0A%20%20%20%20%20%20%20%20%20%20%20%20%20%20%20%20%20%20%20%20id%0A%20%20%20%20%20%20%20%20%20%20%20%20%20%20%20%20%20%20%20%20username%0A%20%20%20%20%20%20%20%20%20%20%20%20%20%20%20%20%20%20%20%20role%7B%0A%20%20%20%20%20%20%20%20%20%20%20%20%20%20%20%20%20%20%20%20name%0A%20%20%20%20%20%20%20%20%20%20%20%20%20%20%20%20%20%20%20%20%7D%0A%20%20%20%20%20%20%20%20%20%20%20%20%20%20%20%20%7D%0A%20%20%20%20%20%20%20%20%20%20%20%20%20%20%20%20department%20%7B%0A%20%20%20%20%20%20%20%20%20%20%20%20%20%20%20%20%20%20%20%20name%0A%20%20%20%20%20%20%20%20%20%20%20%20%20%20%20%20%7D%0A%20%20%20%20%20%20%20%20%20%20%20%20%7D%0A%20%20%20%20%20%20%20%20%7D%0A%20%20%20%20 HTTP/1.1" 200 953
[2024-10-14 17:45:00,803] INFO [django.utils.autoreload:266] C:\Users\DEV-018\Desktop\sakib\backend\GraphQL\Employee-management-project\User\mutation.py changed, reloading.
[2024-10-14 17:45:02,496] INFO [django.utils.autoreload:668] Watching for file changes with StatReloader
[2024-10-14 17:46:27,348] INFO [django.utils.autoreload:266] C:\Users\DEV-018\Desktop\sakib\backend\GraphQL\Employee-management-project\User\mutation.py changed, reloading.
[2024-10-14 17:46:29,019] INFO [django.utils.autoreload:668] Watching for file changes with StatReloader
[2024-10-14 17:48:30,080] INFO [django.server:213] "GET /d HTTP/1.1" 200 9243
[2024-10-14 17:48:30,250] INFO [django.server:213] "GET /graphql/?query=%0A%20%20%20%20%20%20%20%20query%20%7B%0A%20%20%20%20%20%20%20%20%20%20%20%20allEmployee%20%7B%0A%20%20%20%20%20%20%20%20%20%20%20%20%20%20%20%20id%0A%20%20%20%20%20%20%20%20%20%20%20%20%20%20%20%20employeeId%0A%20%20%20%20%20%20%20%20%20%20%20%20%20%20%20%20address%0A%20%20%20%20%20%20%20%20%20%20%20%20%20%20%20%20user%20%7B%0A%20%20%20%20%20%20%20%20%20%20%20%20%20%20%20%20%20%20%20%20id%0A%20%20%20%20%20%20%20%20%20%20%20%20%20%20%20%20%20%20%20%20username%0A%20%20%20%20%20%20%20%20%20%20%20%20%20%20%20%20%20%20%20%20role%7B%0A%20%20%20%20%20%20%20%20%20%20%20%20%20%20%20%20%20%20%20%20name%0A%20%20%20%20%20%20%20%20%20%20%20%20%20%20%20%20%20%20%20%20%7D%0A%20%20%20%20%20%20%20%20%20%20%20%20%20%20%20%20%7D%0A%20%20%20%20%20%20%20%20%20%20%20%20%20%20%20%20department%20%7B%0A%20%20%20%20%20%20%20%20%20%20%20%20%20%20%20%20%20%20%20%20name%0A%20%20%20%20%20%20%20%20%20%20%20%20%20%20%20%20%7D%0A%20%20%20%20%20%20%20%20%20%20%20%20%7D%0A%20%20%20%20%20%20%20%20%7D%0A%20%20%20%20 HTTP/1.1" 200 953
[2024-10-14 17:48:39,253] INFO [django.server:213] "GET /d HTTP/1.1" 302 0
[2024-10-14 17:48:39,273] INFO [django.server:213] "GET /l HTTP/1.1" 200 9208
[2024-10-14 17:48:48,373] INFO [django.server:213] "POST /graphql/ HTTP/1.1" 200 374
[2024-10-14 17:48:48,416] INFO [django.server:213] "GET /d HTTP/1.1" 200 9243
[2024-10-14 17:48:48,554] INFO [django.server:213] "GET /graphql/?query=%0A%20%20%20%20%20%20%20%20query%20%7B%0A%20%20%20%20%20%20%20%20%20%20%20%20allEmployee%20%7B%0A%20%20%20%20%20%20%20%20%20%20%20%20%20%20%20%20id%0A%20%20%20%20%20%20%20%20%20%20%20%20%20%20%20%20employeeId%0A%20%20%20%20%20%20%20%20%20%20%20%20%20%20%20%20address%0A%20%20%20%20%20%20%20%20%20%20%20%20%20%20%20%20user%20%7B%0A%20%20%20%20%20%20%20%20%20%20%20%20%20%20%20%20%20%20%20%20id%0A%20%20%20%20%20%20%20%20%20%20%20%20%20%20%20%20%20%20%20%20username%0A%20%20%20%20%20%20%20%20%20%20%20%20%20%20%20%20%20%20%20%20role%7B%0A%20%20%20%20%20%20%20%20%20%20%20%20%20%20%20%20%20%20%20%20name%0A%20%20%20%20%20%20%20%20%20%20%20%20%20%20%20%20%20%20%20%20%7D%0A%20%20%20%20%20%20%20%20%20%20%20%20%20%20%20%20%7D%0A%20%20%20%20%20%20%20%20%20%20%20%20%20%20%20%20department%20%7B%0A%20%20%20%20%20%20%20%20%20%20%20%20%20%20%20%20%20%20%20%20name%0A%20%20%20%20%20%20%20%20%20%20%20%20%20%20%20%20%7D%0A%20%20%20%20%20%20%20%20%20%20%20%20%7D%0A%20%20%20%20%20%20%20%20%7D%0A%20%20%20%20 HTTP/1.1" 200 953
[2024-10-14 17:48:58,971] INFO [django.server:213] "GET /le HTTP/1.1" 200 12136
[2024-10-14 17:48:59,103] INFO [django.server:213] "GET /graphql/?query=%0A%20%20%20%20%20%20%20%20%20%20%20%20%20%20%20%20query%7B%0A%20%20%20%20%20%20%20%20%20%20%20%20%20%20%20%20allLeave%7B%0A%20%20%20%20%20%20%20%20%20%20%20%20%20%20%20%20%20%20%20%20id%0A%20%20%20%20%20%20%20%20%20%20%20%20%20%20%20%20%20%20%20%20employee%7B%0A%20%20%20%20%20%20%20%20%20%20%20%20%20%20%20%20%20%20%20%20user%7B%0A%20%20%20%20%20%20%20%20%20%20%20%20%20%20%20%20%20%20%20%20%20%20%20%20username%0A%20%20%20%20%20%20%20%20%20%20%20%20%20%20%20%20%20%20%20%20%7D%0A%20%20%20%20%20%20%20%20%20%20%20%20%20%20%20%20%20%20%20%20%7D%0A%20%20%20%20%20%20%20%20%20%20%20%20%20%20%20%20%20%20%20%20status%0A%20%20%20%20%20%20%20%20%20%20%20%20%20%20%20%20%20%20%20%20startDate%0A%20%20%20%20%20%20%20%20%20%20%20%20%20%20%20%20%20%20%20%20endDate%0A%20%20%20%20%20%20%20%20%20%20%20%20%20%20%20%20%7D%0A%20%20%20%20%20%20%20%20%20%20%20%20%20%20%20%20%7D%0A%20%20%20%20%20%20%20%20%20%20%20%20 HTTP/1.1" 200 153
[2024-10-14 17:50:03,795] INFO [django.server:213] "POST /graphql/ HTTP/1.1" 200 374
[2024-10-14 17:50:19,529] INFO [django.server:213] "GET /graphql/ HTTP/1.1" 200 245
[2024-10-14 17:51:17,773] INFO [django.utils.autoreload:668] Watching for file changes with StatReloader
[2024-10-14 17:51:19,177] INFO [django.server:213] "GET /graphql/ HTTP/1.1" 200 129
[2024-10-14 17:51:24,878] INFO [django.server:213] "POST /graphql/ HTTP/1.1" 200 374
[2024-10-14 17:51:41,513] INFO [django.server:213] "GET /graphql/ HTTP/1.1" 200 245
[2024-10-14 17:52:21,792] INFO [django.server:213] "GET /le HTTP/1.1" 302 0
[2024-10-14 17:52:21,817] INFO [django.server:213] "GET /l HTTP/1.1" 200 9208
[2024-10-14 17:52:32,474] INFO [django.server:213] "POST /graphql/ HTTP/1.1" 200 374
[2024-10-14 17:52:32,537] INFO [django.server:213] "GET /d HTTP/1.1" 200 9243
[2024-10-14 17:52:32,748] INFO [django.server:213] "GET /graphql/?query=%0A%20%20%20%20%20%20%20%20query%20%7B%0A%20%20%20%20%20%20%20%20%20%20%20%20allEmployee%20%7B%0A%20%20%20%20%20%20%20%20%20%20%20%20%20%20%20%20id%0A%20%20%20%20%20%20%20%20%20%20%20%20%20%20%20%20employeeId%0A%20%20%20%20%20%20%20%20%20%20%20%20%20%20%20%20address%0A%20%20%20%20%20%20%20%20%20%20%20%20%20%20%20%20user%20%7B%0A%20%20%20%20%20%20%20%20%20%20%20%20%20%20%20%20%20%20%20%20id%0A%20%20%20%20%20%20%20%20%20%20%20%20%20%20%20%20%20%20%20%20username%0A%20%20%20%20%20%20%20%20%20%20%20%20%20%20%20%20%20%20%20%20role%7B%0A%20%20%20%20%20%20%20%20%20%20%20%20%20%20%20%20%20%20%20%20name%0A%20%20%20%20%20%20%20%20%20%20%20%20%20%20%20%20%20%20%20%20%7D%0A%20%20%20%20%20%20%20%20%20%20%20%20%20%20%20%20%7D%0A%20%20%20%20%20%20%20%20%20%20%20%20%20%20%20%20department%20%7B%0A%20%20%20%20%20%20%20%20%20%20%20%20%20%20%20%20%20%20%20%20name%0A%20%20%20%20%20%20%20%20%20%20%20%20%20%20%20%20%7D%0A%20%20%20%20%20%20%20%20%20%20%20%20%7D%0A%20%20%20%20%20%20%20%20%7D%0A%20%20%20%20 HTTP/1.1" 200 953
[2024-10-14 17:53:45,330] INFO [django.server:213] "GET /le HTTP/1.1" 200 12136
[2024-10-14 17:53:45,515] INFO [django.server:213] "GET /graphql/?query=%0A%20%20%20%20%20%20%20%20%20%20%20%20%20%20%20%20query%7B%0A%20%20%20%20%20%20%20%20%20%20%20%20%20%20%20%20allLeave%7B%0A%20%20%20%20%20%20%20%20%20%20%20%20%20%20%20%20%20%20%20%20id%0A%20%20%20%20%20%20%20%20%20%20%20%20%20%20%20%20%20%20%20%20employee%7B%0A%20%20%20%20%20%20%20%20%20%20%20%20%20%20%20%20%20%20%20%20user%7B%0A%20%20%20%20%20%20%20%20%20%20%20%20%20%20%20%20%20%20%20%20%20%20%20%20username%0A%20%20%20%20%20%20%20%20%20%20%20%20%20%20%20%20%20%20%20%20%7D%0A%20%20%20%20%20%20%20%20%20%20%20%20%20%20%20%20%20%20%20%20%7D%0A%20%20%20%20%20%20%20%20%20%20%20%20%20%20%20%20%20%20%20%20status%0A%20%20%20%20%20%20%20%20%20%20%20%20%20%20%20%20%20%20%20%20startDate%0A%20%20%20%20%20%20%20%20%20%20%20%20%20%20%20%20%20%20%20%20endDate%0A%20%20%20%20%20%20%20%20%20%20%20%20%20%20%20%20%7D%0A%20%20%20%20%20%20%20%20%20%20%20%20%20%20%20%20%7D%0A%20%20%20%20%20%20%20%20%20%20%20%20 HTTP/1.1" 200 153
[2024-10-14 17:54:00,469] INFO [django.server:213] "GET /graphql/ HTTP/1.1" 200 129
[2024-10-14 17:54:07,274] INFO [django.server:213] "GET /graphql/ HTTP/1.1" 200 152
[2024-10-14 18:05:49,861] INFO [django.utils.autoreload:266] C:\Users\DEV-018\Desktop\sakib\backend\GraphQL\Employee-management-project\User\middleware2.py changed, reloading.
[2024-10-14 18:05:51,288] INFO [django.utils.autoreload:668] Watching for file changes with StatReloader
[2024-10-14 18:05:58,088] INFO [django.utils.autoreload:266] C:\Users\DEV-018\Desktop\sakib\backend\GraphQL\Employee-management-project\User\middleware2.py changed, reloading.
[2024-10-14 18:05:59,500] INFO [django.utils.autoreload:668] Watching for file changes with StatReloader
[2024-10-14 18:06:19,957] INFO [django.utils.autoreload:266] C:\Users\DEV-018\Desktop\sakib\backend\GraphQL\Employee-management-project\User\views.py changed, reloading.
[2024-10-14 18:06:21,525] INFO [django.utils.autoreload:668] Watching for file changes with StatReloader
[2024-10-14 18:06:26,267] INFO [django.utils.autoreload:266] C:\Users\DEV-018\Desktop\sakib\backend\GraphQL\Employee-management-project\User\views.py changed, reloading.
[2024-10-14 18:06:27,713] INFO [django.utils.autoreload:668] Watching for file changes with StatReloader
[2024-10-14 18:06:42,949] INFO [django.utils.autoreload:266] C:\Users\DEV-018\Desktop\sakib\backend\GraphQL\Employee-management-project\User\mutation.py changed, reloading.
[2024-10-14 18:06:44,496] INFO [django.utils.autoreload:668] Watching for file changes with StatReloader
[2024-10-14 18:06:46,134] INFO [django.utils.autoreload:266] C:\Users\DEV-018\Desktop\sakib\backend\GraphQL\Employee-management-project\User\mutation.py changed, reloading.
[2024-10-14 18:06:47,284] INFO [django.utils.autoreload:668] Watching for file changes with StatReloader
[2024-10-14 18:06:50,980] INFO [django.utils.autoreload:266] C:\Users\DEV-018\Desktop\sakib\backend\GraphQL\Employee-management-project\User\mutation.py changed, reloading.
[2024-10-14 18:06:52,203] INFO [django.utils.autoreload:668] Watching for file changes with StatReloader
[2024-10-14 18:07:42,889] INFO [django.utils.autoreload:266] C:\Users\DEV-018\Desktop\sakib\backend\GraphQL\Employee-management-project\User\middleware2.py changed, reloading.
[2024-10-14 18:07:44,024] INFO [django.utils.autoreload:668] Watching for file changes with StatReloader
[2024-10-14 18:07:48,840] INFO [django.utils.autoreload:266] C:\Users\DEV-018\Desktop\sakib\backend\GraphQL\Employee-management-project\User\middleware2.py changed, reloading.
[2024-10-14 18:07:50,221] INFO [django.utils.autoreload:668] Watching for file changes with StatReloader
[2024-10-14 18:08:36,623] INFO [django.utils.autoreload:266] C:\Users\DEV-018\Desktop\sakib\backend\GraphQL\Employee-management-project\User\middleware2.py changed, reloading.
[2024-10-14 18:08:38,182] INFO [django.utils.autoreload:668] Watching for file changes with StatReloader
[2024-10-14 18:08:41,995] INFO [django.server:213] "GET /le HTTP/1.1" 200 12136
[2024-10-14 18:08:42,125] INFO [django.server:213] "GET /graphql/?query=%0A%20%20%20%20%20%20%20%20%20%20%20%20%20%20%20%20query%7B%0A%20%20%20%20%20%20%20%20%20%20%20%20%20%20%20%20allLeave%7B%0A%20%20%20%20%20%20%20%20%20%20%20%20%20%20%20%20%20%20%20%20id%0A%20%20%20%20%20%20%20%20%20%20%20%20%20%20%20%20%20%20%20%20employee%7B%0A%20%20%20%20%20%20%20%20%20%20%20%20%20%20%20%20%20%20%20%20user%7B%0A%20%20%20%20%20%20%20%20%20%20%20%20%20%20%20%20%20%20%20%20%20%20%20%20username%0A%20%20%20%20%20%20%20%20%20%20%20%20%20%20%20%20%20%20%20%20%7D%0A%20%20%20%20%20%20%20%20%20%20%20%20%20%20%20%20%20%20%20%20%7D%0A%20%20%20%20%20%20%20%20%20%20%20%20%20%20%20%20%20%20%20%20status%0A%20%20%20%20%20%20%20%20%20%20%20%20%20%20%20%20%20%20%20%20startDate%0A%20%20%20%20%20%20%20%20%20%20%20%20%20%20%20%20%20%20%20%20endDate%0A%20%20%20%20%20%20%20%20%20%20%20%20%20%20%20%20%7D%0A%20%20%20%20%20%20%20%20%20%20%20%20%20%20%20%20%7D%0A%20%20%20%20%20%20%20%20%20%20%20%20 HTTP/1.1" 200 153
[2024-10-14 18:08:50,731] INFO [django.server:213] "GET /le HTTP/1.1" 302 0
[2024-10-14 18:08:50,749] INFO [django.server:213] "GET /l HTTP/1.1" 200 9208
[2024-10-14 18:08:58,575] INFO [django.server:213] "POST /graphql/ HTTP/1.1" 200 374
[2024-10-14 18:08:58,634] INFO [django.server:213] "GET /d HTTP/1.1" 200 9243
[2024-10-14 18:08:58,790] INFO [django.server:213] "GET /graphql/?query=%0A%20%20%20%20%20%20%20%20query%20%7B%0A%20%20%20%20%20%20%20%20%20%20%20%20allEmployee%20%7B%0A%20%20%20%20%20%20%20%20%20%20%20%20%20%20%20%20id%0A%20%20%20%20%20%20%20%20%20%20%20%20%20%20%20%20employeeId%0A%20%20%20%20%20%20%20%20%20%20%20%20%20%20%20%20address%0A%20%20%20%20%20%20%20%20%20%20%20%20%20%20%20%20user%20%7B%0A%20%20%20%20%20%20%20%20%20%20%20%20%20%20%20%20%20%20%20%20id%0A%20%20%20%20%20%20%20%20%20%20%20%20%20%20%20%20%20%20%20%20username%0A%20%20%20%20%20%20%20%20%20%20%20%20%20%20%20%20%20%20%20%20role%7B%0A%20%20%20%20%20%20%20%20%20%20%20%20%20%20%20%20%20%20%20%20name%0A%20%20%20%20%20%20%20%20%20%20%20%20%20%20%20%20%20%20%20%20%7D%0A%20%20%20%20%20%20%20%20%20%20%20%20%20%20%20%20%7D%0A%20%20%20%20%20%20%20%20%20%20%20%20%20%20%20%20department%20%7B%0A%20%20%20%20%20%20%20%20%20%20%20%20%20%20%20%20%20%20%20%20name%0A%20%20%20%20%20%20%20%20%20%20%20%20%20%20%20%20%7D%0A%20%20%20%20%20%20%20%20%20%20%20%20%7D%0A%20%20%20%20%20%20%20%20%7D%0A%20%20%20%20 HTTP/1.1" 200 953
[2024-10-14 18:10:20,993] INFO [django.server:213] "GET /le HTTP/1.1" 200 12136
[2024-10-14 18:10:21,192] INFO [django.server:213] "GET /graphql/?query=%0A%20%20%20%20%20%20%20%20%20%20%20%20%20%20%20%20query%7B%0A%20%20%20%20%20%20%20%20%20%20%20%20%20%20%20%20allLeave%7B%0A%20%20%20%20%20%20%20%20%20%20%20%20%20%20%20%20%20%20%20%20id%0A%20%20%20%20%20%20%20%20%20%20%20%20%20%20%20%20%20%20%20%20employee%7B%0A%20%20%20%20%20%20%20%20%20%20%20%20%20%20%20%20%20%20%20%20user%7B%0A%20%20%20%20%20%20%20%20%20%20%20%20%20%20%20%20%20%20%20%20%20%20%20%20username%0A%20%20%20%20%20%20%20%20%20%20%20%20%20%20%20%20%20%20%20%20%7D%0A%20%20%20%20%20%20%20%20%20%20%20%20%20%20%20%20%20%20%20%20%7D%0A%20%20%20%20%20%20%20%20%20%20%20%20%20%20%20%20%20%20%20%20status%0A%20%20%20%20%20%20%20%20%20%20%20%20%20%20%20%20%20%20%20%20startDate%0A%20%20%20%20%20%20%20%20%20%20%20%20%20%20%20%20%20%20%20%20endDate%0A%20%20%20%20%20%20%20%20%20%20%20%20%20%20%20%20%7D%0A%20%20%20%20%20%20%20%20%20%20%20%20%20%20%20%20%7D%0A%20%20%20%20%20%20%20%20%20%20%20%20 HTTP/1.1" 200 153
[2024-10-14 18:10:37,768] INFO [django.server:213] "GET /l HTTP/1.1" 200 9208
[2024-10-14 18:10:45,767] INFO [django.server:213] "POST /graphql/ HTTP/1.1" 200 374
[2024-10-14 18:10:45,815] INFO [django.server:213] "GET /d HTTP/1.1" 200 9243
[2024-10-14 18:10:45,944] INFO [django.server:213] "GET /graphql/?query=%0A%20%20%20%20%20%20%20%20query%20%7B%0A%20%20%20%20%20%20%20%20%20%20%20%20allEmployee%20%7B%0A%20%20%20%20%20%20%20%20%20%20%20%20%20%20%20%20id%0A%20%20%20%20%20%20%20%20%20%20%20%20%20%20%20%20employeeId%0A%20%20%20%20%20%20%20%20%20%20%20%20%20%20%20%20address%0A%20%20%20%20%20%20%20%20%20%20%20%20%20%20%20%20user%20%7B%0A%20%20%20%20%20%20%20%20%20%20%20%20%20%20%20%20%20%20%20%20id%0A%20%20%20%20%20%20%20%20%20%20%20%20%20%20%20%20%20%20%20%20username%0A%20%20%20%20%20%20%20%20%20%20%20%20%20%20%20%20%20%20%20%20role%7B%0A%20%20%20%20%20%20%20%20%20%20%20%20%20%20%20%20%20%20%20%20name%0A%20%20%20%20%20%20%20%20%20%20%20%20%20%20%20%20%20%20%20%20%7D%0A%20%20%20%20%20%20%20%20%20%20%20%20%20%20%20%20%7D%0A%20%20%20%20%20%20%20%20%20%20%20%20%20%20%20%20department%20%7B%0A%20%20%20%20%20%20%20%20%20%20%20%20%20%20%20%20%20%20%20%20name%0A%20%20%20%20%20%20%20%20%20%20%20%20%20%20%20%20%7D%0A%20%20%20%20%20%20%20%20%20%20%20%20%7D%0A%20%20%20%20%20%20%20%20%7D%0A%20%20%20%20 HTTP/1.1" 200 953
[2024-10-14 18:10:48,809] INFO [django.server:213] "GET /le HTTP/1.1" 200 12136
[2024-10-14 18:10:48,914] INFO [django.server:213] "GET /graphql/?query=%0A%20%20%20%20%20%20%20%20%20%20%20%20%20%20%20%20query%7B%0A%20%20%20%20%20%20%20%20%20%20%20%20%20%20%20%20allLeave%7B%0A%20%20%20%20%20%20%20%20%20%20%20%20%20%20%20%20%20%20%20%20id%0A%20%20%20%20%20%20%20%20%20%20%20%20%20%20%20%20%20%20%20%20employee%7B%0A%20%20%20%20%20%20%20%20%20%20%20%20%20%20%20%20%20%20%20%20user%7B%0A%20%20%20%20%20%20%20%20%20%20%20%20%20%20%20%20%20%20%20%20%20%20%20%20username%0A%20%20%20%20%20%20%20%20%20%20%20%20%20%20%20%20%20%20%20%20%7D%0A%20%20%20%20%20%20%20%20%20%20%20%20%20%20%20%20%20%20%20%20%7D%0A%20%20%20%20%20%20%20%20%20%20%20%20%20%20%20%20%20%20%20%20status%0A%20%20%20%20%20%20%20%20%20%20%20%20%20%20%20%20%20%20%20%20startDate%0A%20%20%20%20%20%20%20%20%20%20%20%20%20%20%20%20%20%20%20%20endDate%0A%20%20%20%20%20%20%20%20%20%20%20%20%20%20%20%20%7D%0A%20%20%20%20%20%20%20%20%20%20%20%20%20%20%20%20%7D%0A%20%20%20%20%20%20%20%20%20%20%20%20 HTTP/1.1" 200 153
[2024-10-14 18:12:29,464] INFO [django.utils.autoreload:266] C:\Users\DEV-018\Desktop\sakib\backend\GraphQL\Employee-management-project\Employee\schema_employee.py changed, reloading.
[2024-10-14 18:12:30,887] INFO [django.utils.autoreload:668] Watching for file changes with StatReloader
[2024-10-14 18:12:31,326] INFO [django.server:213] "GET /le HTTP/1.1" 200 12136
[2024-10-14 18:12:31,442] INFO [django.server:213] "GET /graphql/?query=%0A%20%20%20%20%20%20%20%20%20%20%20%20%20%20%20%20query%7B%0A%20%20%20%20%20%20%20%20%20%20%20%20%20%20%20%20allLeave%7B%0A%20%20%20%20%20%20%20%20%20%20%20%20%20%20%20%20%20%20%20%20id%0A%20%20%20%20%20%20%20%20%20%20%20%20%20%20%20%20%20%20%20%20employee%7B%0A%20%20%20%20%20%20%20%20%20%20%20%20%20%20%20%20%20%20%20%20user%7B%0A%20%20%20%20%20%20%20%20%20%20%20%20%20%20%20%20%20%20%20%20%20%20%20%20username%0A%20%20%20%20%20%20%20%20%20%20%20%20%20%20%20%20%20%20%20%20%7D%0A%20%20%20%20%20%20%20%20%20%20%20%20%20%20%20%20%20%20%20%20%7D%0A%20%20%20%20%20%20%20%20%20%20%20%20%20%20%20%20%20%20%20%20status%0A%20%20%20%20%20%20%20%20%20%20%20%20%20%20%20%20%20%20%20%20startDate%0A%20%20%20%20%20%20%20%20%20%20%20%20%20%20%20%20%20%20%20%20endDate%0A%20%20%20%20%20%20%20%20%20%20%20%20%20%20%20%20%7D%0A%20%20%20%20%20%20%20%20%20%20%20%20%20%20%20%20%7D%0A%20%20%20%20%20%20%20%20%20%20%20%20 HTTP/1.1" 200 263
[2024-11-05 10:54:54,782] INFO [django.utils.autoreload:668] Watching for file changes with StatReloader
[2024-11-05 10:56:03,715] INFO [django.utils.autoreload:668] Watching for file changes with StatReloader
[2024-11-05 10:56:10,318] INFO [django.server:213] "GET / HTTP/1.1" 200 9496
[2024-11-05 10:56:10,376] WARNING [django.server:213] "GET /static/images/img3.jpg HTTP/1.1" 404 1972
[2024-11-05 10:56:10,397] INFO [django.server:213] "GET /static/image/img1.jpg HTTP/1.1" 200 100315
[2024-11-05 10:56:10,413] INFO [django.server:213] "GET /static/image/img2.jpg HTTP/1.1" 200 2436694
[2024-11-05 10:56:11,947] INFO [django.server:213] "GET /l HTTP/1.1" 200 9208
[2024-11-05 10:56:11,962] INFO [django.server:213] "GET /static/css/registration.css HTTP/1.1" 200 16995
[2024-11-05 10:56:25,546] INFO [django.server:213] "GET /l HTTP/1.1" 200 9208
[2024-11-05 10:56:25,582] INFO [django.server:213] "GET /static/css/registration.css HTTP/1.1" 304 0
[2024-11-05 10:56:45,386] INFO [django.server:213] "POST /graphql/ HTTP/1.1" 200 368
[2024-11-05 10:56:45,418] WARNING [django.request:248] Not Found: /d/
[2024-11-05 10:56:45,418] WARNING [django.server:213] "GET /d/ HTTP/1.1" 404 4764
[2024-11-13 14:49:29,693] INFO [django.utils.autoreload:668] Watching for file changes with StatReloader
[2024-11-13 14:49:40,279] INFO [django.server:213] "GET / HTTP/1.1" 200 9496
[2024-11-13 14:49:40,405] WARNING [django.server:213] "GET /static/images/img3.jpg HTTP/1.1" 404 1972
[2024-11-13 14:49:40,596] INFO [django.server:213] "GET /static/image/img1.jpg HTTP/1.1" 200 100315
[2024-11-13 14:49:40,673] INFO [django.server:213] "GET /static/image/img2.jpg HTTP/1.1" 200 2436694
[2024-11-13 14:49:40,703] WARNING [django.request:248] Not Found: /favicon.ico/
[2024-11-13 14:49:40,703] WARNING [django.server:213] "GET /favicon.ico/ HTTP/1.1" 404 4804
[2024-11-13 14:49:42,996] INFO [django.server:213] "GET /l HTTP/1.1" 200 9208
[2024-11-13 14:49:43,040] INFO [django.server:213] "GET /static/css/registration.css HTTP/1.1" 200 16995
[2024-11-13 14:49:51,683] INFO [django.server:213] "POST /graphql/ HTTP/1.1" 200 133
[2024-11-13 14:49:56,857] INFO [django.server:213] "GET /l HTTP/1.1" 200 9208
[2024-11-13 14:50:03,227] INFO [django.server:213] "POST /graphql/ HTTP/1.1" 200 133
[2024-11-13 14:50:07,649] INFO [django.server:213] "GET /l HTTP/1.1" 200 9208
[2024-11-13 14:50:11,870] INFO [django.server:213] "GET /admin/ HTTP/1.1" 302 0
[2024-11-13 14:50:12,150] INFO [django.server:213] "GET /admin/login/?next=/admin/ HTTP/1.1" 200 4160
[2024-11-13 14:50:12,214] INFO [django.server:213] "GET /static/admin/css/base.css HTTP/1.1" 304 0
[2024-11-13 14:50:12,218] INFO [django.server:213] "GET /static/admin/css/dark_mode.css HTTP/1.1" 304 0
[2024-11-13 14:50:12,222] INFO [django.server:213] "GET /static/admin/js/theme.js HTTP/1.1" 304 0
[2024-11-13 14:50:12,222] INFO [django.server:213] "GET /static/admin/css/nav_sidebar.css HTTP/1.1" 304 0
[2024-11-13 14:50:12,222] INFO [django.server:213] "GET /static/admin/css/login.css HTTP/1.1" 304 0
[2024-11-13 14:50:12,222] INFO [django.server:213] "GET /static/admin/css/responsive.css HTTP/1.1" 304 0
[2024-11-13 14:50:12,238] INFO [django.server:213] "GET /static/admin/js/nav_sidebar.js HTTP/1.1" 304 0
[2024-11-13 14:50:19,133] INFO [django.server:213] "POST /admin/login/?next=/admin/ HTTP/1.1" 302 0
[2024-11-13 14:50:19,235] INFO [django.server:213] "GET /admin/ HTTP/1.1" 200 16563
[2024-11-13 14:50:29,215] INFO [django.server:213] "POST /graphql/ HTTP/1.1" 200 368
[2024-11-13 14:50:29,391] INFO [django.server:213] "GET /d HTTP/1.1" 200 9785
[2024-11-13 14:50:29,515] INFO [django.server:213] "GET /graphql/?query=%0A%20%20%20%20%20%20%20%20query%20%7B%0A%20%20%20%20%20%20%20%20%20%20%20%20allEmployee%20%7B%0A%20%20%20%20%20%20%20%20%20%20%20%20%20%20%20%20id%0A%20%20%20%20%20%20%20%20%20%20%20%20%20%20%20%20employeeId%0A%20%20%20%20%20%20%20%20%20%20%20%20%20%20%20%20address%0A%20%20%20%20%20%20%20%20%20%20%20%20%20%20%20%20user%20%7B%0A%20%20%20%20%20%20%20%20%20%20%20%20%20%20%20%20%20%20%20%20id%0A%20%20%20%20%20%20%20%20%20%20%20%20%20%20%20%20%20%20%20%20username%0A%20%20%20%20%20%20%20%20%20%20%20%20%20%20%20%20%20%20%20%20role%7B%0A%20%20%20%20%20%20%20%20%20%20%20%20%20%20%20%20%20%20%20%20name%0A%20%20%20%20%20%20%20%20%20%20%20%20%20%20%20%20%20%20%20%20%7D%0A%20%20%20%20%20%20%20%20%20%20%20%20%20%20%20%20%7D%0A%20%20%20%20%20%20%20%20%20%20%20%20%20%20%20%20department%20%7B%0A%20%20%20%20%20%20%20%20%20%20%20%20%20%20%20%20%20%20%20%20name%0A%20%20%20%20%20%20%20%20%20%20%20%20%20%20%20%20%7D%0A%20%20%20%20%20%20%20%20%20%20%20%20%7D%0A%20%20%20%20%20%20%20%20%7D%0A%20%20%20%20 HTTP/1.1" 200 953
[2024-11-13 14:50:39,290] INFO [django.server:213] "GET /admin/User/customuser/ HTTP/1.1" 200 17780
[2024-11-13 14:50:39,364] INFO [django.server:213] "GET /admin/jsi18n/ HTTP/1.1" 200 3342
[2024-11-13 14:50:46,630] INFO [django.server:213] "GET /admin/User/customuser/6/change/ HTTP/1.1" 200 32266
[2024-11-13 14:50:46,673] INFO [django.server:213] "GET /admin/jsi18n/ HTTP/1.1" 200 3342
[2024-11-13 14:50:46,691] INFO [django.server:213] "GET /static/admin/js/calendar.js HTTP/1.1" 200 9141
[2024-11-13 14:50:46,704] INFO [django.server:213] "GET /static/admin/js/admin/DateTimeShortcuts.js HTTP/1.1" 200 19319
[2024-11-13 14:50:46,772] INFO [django.server:213] "GET /static/admin/img/icon-calendar.svg HTTP/1.1" 200 1086
[2024-11-13 14:50:46,777] INFO [django.server:213] "GET /static/admin/img/icon-clock.svg HTTP/1.1" 200 677
[2024-11-13 14:50:59,173] INFO [django.server:213] "GET /admin/ HTTP/1.1" 302 0
[2024-11-13 14:50:59,195] INFO [django.server:213] "GET /admin/login/?next=/admin/ HTTP/1.1" 200 4160
[2024-11-13 14:50:59,278] INFO [django.server:213] "GET /static/admin/css/base.css HTTP/1.1" 304 0
[2024-11-13 14:50:59,282] INFO [django.server:213] "GET /static/admin/css/dark_mode.css HTTP/1.1" 304 0
[2024-11-13 14:50:59,295] INFO [django.server:213] "GET /static/admin/js/theme.js HTTP/1.1" 304 0
[2024-11-13 14:50:59,296] INFO [django.server:213] "GET /static/admin/css/nav_sidebar.css HTTP/1.1" 304 0
[2024-11-13 14:50:59,300] INFO [django.server:213] "GET /static/admin/css/login.css HTTP/1.1" 304 0
[2024-11-13 14:50:59,302] INFO [django.server:213] "GET /static/admin/css/responsive.css HTTP/1.1" 304 0
[2024-11-13 14:50:59,309] INFO [django.server:213] "GET /static/admin/js/nav_sidebar.js HTTP/1.1" 304 0
[2024-11-13 14:50:59,390] WARNING [django.request:248] Not Found: /favicon.ico
[2024-11-13 14:50:59,397] WARNING [django.server:213] "GET /favicon.ico HTTP/1.1" 404 4801
[2024-11-13 14:51:06,469] INFO [django.server:213] "POST /admin/login/?next=/admin/ HTTP/1.1" 302 0
[2024-11-13 14:51:06,504] INFO [django.server:213] "GET /admin/ HTTP/1.1" 200 4506
[2024-11-13 14:51:06,542] INFO [django.server:213] "GET /static/admin/css/dashboard.css HTTP/1.1" 304 0
[2024-11-13 14:51:13,393] INFO [django.server:213] "GET / HTTP/1.1" 200 9413
[2024-11-13 14:51:13,492] WARNING [django.server:213] "GET /static/images/img3.jpg HTTP/1.1" 404 1972
[2024-11-13 14:54:46,942] INFO [django.server:213] "GET /de HTTP/1.1" 302 0
[2024-11-13 14:54:46,960] INFO [django.server:213] "GET /l HTTP/1.1" 200 9125
[2024-11-13 14:54:47,026] INFO [django.server:213] "GET /static/css/registration.css HTTP/1.1" 304 0
[2024-11-13 14:59:47,481] INFO [django.server:213] "GET /l HTTP/1.1" 200 9125
[2024-11-13 14:59:57,072] INFO [django.server:213] "GET /ec HTTP/1.1" 200 16700
[2024-11-13 14:59:57,134] INFO [django.server:213] "GET /graphql/?query=query%20%7B%20allUserData%20%7Bid%20email%20%7D%20%7D HTTP/1.1" 200 296
[2024-11-13 14:59:57,157] INFO [django.server:213] "GET /graphql/?query=query%20%7B%20allDepartment%20%7B%20id%20name%20%7D%20%7D HTTP/1.1" 200 158
[2024-11-13 15:00:05,900] INFO [django.server:213] "GET /eu/5/ HTTP/1.1" 200 20698
[2024-11-13 15:00:05,980] INFO [django.server:213] "GET /graphql/?query=query%20%7B%20allDepartment%20%7B%20id%20name%20%7D%20%7D HTTP/1.1" 200 158
[2024-11-13 15:00:05,989] INFO [django.server:213] "GET /graphql/?query=%0A%20%20%20%20%20%20%20%20%20%20%20%20query%20%7B%0A%20%20%20%20%20%20%20%20%20%20%20%20%20%20%20%20getParticularEmployee(id%3A%205)%20%7B%0A%20%20%20%20%20%20%20%20%20%20%20%20%20%20%20%20%20%20%20%20employeeId%0A%20%20%20%20%20%20%20%20%20%20%20%20%20%20%20%20%20%20%20%20address%0A%20%20%20%20%20%20%20%20%20%20%20%20%20%20%20%20%20%20%20%20dateOfBirth%0A%20%20%20%20%20%20%20%20%20%20%20%20%20%20%20%20%20%20%20%20phoneNumber%0A%20%20%20%20%20%20%20%20%20%20%20%20%20%20%20%20%20%20%20%20department%20%7B%0A%20%20%20%20%20%20%20%20%20%20%20%20%20%20%20%20%20%20%20%20%20%20%20%20id%0A%20%20%20%20%20%20%20%20%20%20%20%20%20%20%20%20%20%20%20%20%20%20%20%20name%0A%20%20%20%20%20%20%20%20%20%20%20%20%20%20%20%20%20%20%20%20%7D%0A%20%20%20%20%20%20%20%20%20%20%20%20%20%20%20%20%20%20%20%20employmentDetails%20%7B%0A%20%20%20%20%20%20%20%20%20%20%20%20%20%20%20%20%20%20%20%20%20%20%20%20id%0A%20%20%20%20%20%20%20%20%20%20%20%20%20%20%20%20%20%20%20%20%20%20%20%20startDate%0A%20%20%20%20%20%20%20%20%20%20%20%20%20%20%20%20%20%20%20%20%20%20%20%20dateOfResignation%0A%20%20%20%20%20%20%20%20%20%20%20%20%20%20%20%20%20%20%20%20%20%20%20%20jobTitle%0A%20%20%20%20%20%20%20%20%20%20%20%20%20%20%20%20%20%20%20%20%20%20%20%20supervisor%0A%20%20%20%20%20%20%20%20%20%20%20%20%20%20%20%20%20%20%20%20%20%20%20%20employmentType%0A%20%20%20%20%20%20%20%20%20%20%20%20%20%20%20%20%20%20%20%20%20%20%20%20employmentStatus%0A%20%20%20%20%20%20%20%20%20%20%20%20%20%20%20%20%20%20%20%20%20%20%20%20officeLocation%0A%20%20%20%20%20%20%20%20%20%20%20%20%20%20%20%20%20%20%20%20%20%20%20%20reason%0A%20%20%20%20%20%20%20%20%20%20%20%20%20%20%20%20%20%20%20%20%7D%0A%20%20%20%20%20%20%20%20%20%20%20%20%20%20%20%20%7D%0A%20%20%20%20%20%20%20%20%20%20%20%20%7D%0A%20%20%20%20%20%20%20%20 HTTP/1.1" 200 647
[2024-11-13 15:00:10,769] INFO [django.server:213] "GET /eu/7/ HTTP/1.1" 200 20698
[2024-11-13 15:00:10,847] INFO [django.server:213] "GET /graphql/?query=query%20%7B%20allDepartment%20%7B%20id%20name%20%7D%20%7D HTTP/1.1" 200 158
[2024-11-13 15:00:10,849] INFO [django.server:213] "GET /graphql/?query=%0A%20%20%20%20%20%20%20%20%20%20%20%20query%20%7B%0A%20%20%20%20%20%20%20%20%20%20%20%20%20%20%20%20getParticularEmployee(id%3A%207)%20%7B%0A%20%20%20%20%20%20%20%20%20%20%20%20%20%20%20%20%20%20%20%20employeeId%0A%20%20%20%20%20%20%20%20%20%20%20%20%20%20%20%20%20%20%20%20address%0A%20%20%20%20%20%20%20%20%20%20%20%20%20%20%20%20%20%20%20%20dateOfBirth%0A%20%20%20%20%20%20%20%20%20%20%20%20%20%20%20%20%20%20%20%20phoneNumber%0A%20%20%20%20%20%20%20%20%20%20%20%20%20%20%20%20%20%20%20%20department%20%7B%0A%20%20%20%20%20%20%20%20%20%20%20%20%20%20%20%20%20%20%20%20%20%20%20%20id%0A%20%20%20%20%20%20%20%20%20%20%20%20%20%20%20%20%20%20%20%20%20%20%20%20name%0A%20%20%20%20%20%20%20%20%20%20%20%20%20%20%20%20%20%20%20%20%7D%0A%20%20%20%20%20%20%20%20%20%20%20%20%20%20%20%20%20%20%20%20employmentDetails%20%7B%0A%20%20%20%20%20%20%20%20%20%20%20%20%20%20%20%20%20%20%20%20%20%20%20%20id%0A%20%20%20%20%20%20%20%20%20%20%20%20%20%20%20%20%20%20%20%20%20%20%20%20startDate%0A%20%20%20%20%20%20%20%20%20%20%20%20%20%20%20%20%20%20%20%20%20%20%20%20dateOfResignation%0A%20%20%20%20%20%20%20%20%20%20%20%20%20%20%20%20%20%20%20%20%20%20%20%20jobTitle%0A%20%20%20%20%20%20%20%20%20%20%20%20%20%20%20%20%20%20%20%20%20%20%20%20supervisor%0A%20%20%20%20%20%20%20%20%20%20%20%20%20%20%20%20%20%20%20%20%20%20%20%20employmentType%0A%20%20%20%20%20%20%20%20%20%20%20%20%20%20%20%20%20%20%20%20%20%20%20%20employmentStatus%0A%20%20%20%20%20%20%20%20%20%20%20%20%20%20%20%20%20%20%20%20%20%20%20%20officeLocation%0A%20%20%20%20%20%20%20%20%20%20%20%20%20%20%20%20%20%20%20%20%20%20%20%20reason%0A%20%20%20%20%20%20%20%20%20%20%20%20%20%20%20%20%20%20%20%20%7D%0A%20%20%20%20%20%20%20%20%20%20%20%20%20%20%20%20%7D%0A%20%20%20%20%20%20%20%20%20%20%20%20%7D%0A%20%20%20%20%20%20%20%20 HTTP/1.1" 200 637
[2024-11-13 15:01:38,039] INFO [django.server:213] "GET /d HTTP/1.1" 302 0
[2024-11-13 15:01:38,044] INFO [django.server:213] "GET /l HTTP/1.1" 200 9125
[2024-11-13 15:07:56,676] INFO [django.utils.autoreload:266] C:\Users\DEV-018\Desktop\sakib\backend\GraphQL\Employee-management-project\EmployeeManagement\settings.py changed, reloading.
[2024-11-13 15:07:58,229] INFO [django.utils.autoreload:668] Watching for file changes with StatReloader
[2024-11-13 15:07:58,638] INFO [django.server:213] "GET /l HTTP/1.1" 200 9125
[2024-11-13 15:08:06,772] INFO [django.server:213] "GET /d HTTP/1.1" 302 0
[2024-11-13 15:08:06,794] INFO [django.server:213] "GET /l HTTP/1.1" 200 9125
[2024-11-13 15:08:24,535] INFO [django.server:213] "GET / HTTP/1.1" 200 9413
[2024-11-13 15:08:24,590] WARNING [django.server:213] "GET /static/images/img3.jpg HTTP/1.1" 404 1972
[2024-11-13 15:08:29,362] INFO [django.server:213] "GET /d HTTP/1.1" 302 0
[2024-11-13 15:08:29,383] INFO [django.server:213] "GET /l HTTP/1.1" 200 9125
[2024-11-13 15:09:16,768] INFO [django.server:213] "GET /admin/ HTTP/1.1" 200 16563
[2024-11-13 15:09:19,495] INFO [django.server:213] "GET /a HTTP/1.1" 302 0
[2024-11-13 15:09:19,503] INFO [django.server:213] "GET /l HTTP/1.1" 200 9125
[2024-11-13 15:09:42,660] INFO [django.utils.autoreload:266] C:\Users\DEV-018\Desktop\sakib\backend\GraphQL\Employee-management-project\EmployeeManagement\settings.py changed, reloading.
[2024-11-13 15:09:43,874] INFO [django.utils.autoreload:668] Watching for file changes with StatReloader
[2024-11-13 15:10:05,214] INFO [django.server:213] "GET /l HTTP/1.1" 200 9125
[2024-11-13 15:10:07,730] INFO [django.server:213] "GET /d HTTP/1.1" 200 9785
[2024-11-13 15:10:07,805] INFO [django.server:213] "GET /graphql/?query=%0A%20%20%20%20%20%20%20%20query%20%7B%0A%20%20%20%20%20%20%20%20%20%20%20%20allEmployee%20%7B%0A%20%20%20%20%20%20%20%20%20%20%20%20%20%20%20%20id%0A%20%20%20%20%20%20%20%20%20%20%20%20%20%20%20%20employeeId%0A%20%20%20%20%20%20%20%20%20%20%20%20%20%20%20%20address%0A%20%20%20%20%20%20%20%20%20%20%20%20%20%20%20%20user%20%7B%0A%20%20%20%20%20%20%20%20%20%20%20%20%20%20%20%20%20%20%20%20id%0A%20%20%20%20%20%20%20%20%20%20%20%20%20%20%20%20%20%20%20%20username%0A%20%20%20%20%20%20%20%20%20%20%20%20%20%20%20%20%20%20%20%20role%7B%0A%20%20%20%20%20%20%20%20%20%20%20%20%20%20%20%20%20%20%20%20name%0A%20%20%20%20%20%20%20%20%20%20%20%20%20%20%20%20%20%20%20%20%7D%0A%20%20%20%20%20%20%20%20%20%20%20%20%20%20%20%20%7D%0A%20%20%20%20%20%20%20%20%20%20%20%20%20%20%20%20department%20%7B%0A%20%20%20%20%20%20%20%20%20%20%20%20%20%20%20%20%20%20%20%20name%0A%20%20%20%20%20%20%20%20%20%20%20%20%20%20%20%20%7D%0A%20%20%20%20%20%20%20%20%20%20%20%20%7D%0A%20%20%20%20%20%20%20%20%7D%0A%20%20%20%20 HTTP/1.1" 200 953
[2024-11-13 15:10:14,080] INFO [django.server:213] "GET /a HTTP/1.1" 200 11786
[2024-11-13 15:10:14,409] INFO [django.server:213] "GET /graphql/?query=%0A%20%20%20%20%20%20query%20%7B%0A%20%20%20%20%20%20%20%20myAttendance%20%7B%0A%20%20%20%20%20%20%20%20%20%20date%0A%20%20%20%20%20%20%20%20%20%20status%0A%20%20%20%20%20%20%20%20%7D%0A%20%20%20%20%20%20%7D%0A%20%20%20%20 HTTP/1.1" 200 148
[2024-11-13 15:10:19,830] INFO [django.server:213] "GET /de HTTP/1.1" 200 10711
[2024-11-13 15:10:19,894] INFO [django.server:213] "GET /graphql/?query=%0A%20%20%20%20%20%20%20%20%20%20%20%20%20%20%20%20query%7B%0A%20%20%20%20%20%20%20%20%20%20%20%20%20%20%20%20allRole%7B%0A%20%20%20%20%20%20%20%20%20%20%20%20%20%20%20%20id%0A%20%20%20%20%20%20%20%20%20%20%20%20%20%20%20%20name%0A%20%20%20%20%20%20%20%20%20%20%20%20%20%20%20%20description%0A%20%20%20%20%20%20%20%20%20%20%20%20%20%20%20%20%7D%0A%20%20%20%20%20%20%20%20%20%20%20%20%20%20%20%20%7D%0A%20%20%20%20%20%20%20%20%20%20%20%20 HTTP/1.1" 200 230
[2024-11-13 15:10:45,921] INFO [django.server:213] "POST /graphql/ HTTP/1.1" 200 175
[2024-11-13 15:10:45,930] INFO [django.server:81] - Broken pipe from ('127.0.0.1', 63268)
[2024-11-13 15:10:45,938] INFO [django.server:213] "GET /a? HTTP/1.1" 200 11786
[2024-11-13 15:10:45,963] INFO [django.server:213] "POST /graphql/ HTTP/1.1" 200 175
[2024-11-13 15:10:46,101] INFO [django.server:213] "GET /graphql/?query=%0A%20%20%20%20%20%20query%20%7B%0A%20%20%20%20%20%20%20%20myAttendance%20%7B%0A%20%20%20%20%20%20%20%20%20%20date%0A%20%20%20%20%20%20%20%20%20%20status%0A%20%20%20%20%20%20%20%20%7D%0A%20%20%20%20%20%20%7D%0A%20%20%20%20 HTTP/1.1" 200 109
[2024-11-13 15:10:50,399] INFO [django.server:213] "GET /a? HTTP/1.1" 200 11786
[2024-11-13 15:10:50,518] INFO [django.server:213] "GET /graphql/?query=%0A%20%20%20%20%20%20query%20%7B%0A%20%20%20%20%20%20%20%20myAttendance%20%7B%0A%20%20%20%20%20%20%20%20%20%20date%0A%20%20%20%20%20%20%20%20%20%20status%0A%20%20%20%20%20%20%20%20%7D%0A%20%20%20%20%20%20%7D%0A%20%20%20%20 HTTP/1.1" 200 109
[2024-11-13 15:10:55,966] INFO [django.server:213] "POST /graphql/ HTTP/1.1" 200 174
[2024-11-13 15:10:56,017] INFO [django.server:213] "GET /a? HTTP/1.1" 200 11786
[2024-11-13 15:10:56,134] INFO [django.server:213] "GET /graphql/?query=%0A%20%20%20%20%20%20query%20%7B%0A%20%20%20%20%20%20%20%20myAttendance%20%7B%0A%20%20%20%20%20%20%20%20%20%20date%0A%20%20%20%20%20%20%20%20%20%20status%0A%20%20%20%20%20%20%20%20%7D%0A%20%20%20%20%20%20%7D%0A%20%20%20%20 HTTP/1.1" 200 149
[2024-11-13 15:11:09,579] INFO [django.server:213] "POST /graphql/ HTTP/1.1" 200 175
[2024-11-13 15:11:09,641] INFO [django.server:213] "GET /a? HTTP/1.1" 200 11786
[2024-11-13 15:11:09,762] INFO [django.server:213] "GET /graphql/?query=%0A%20%20%20%20%20%20query%20%7B%0A%20%20%20%20%20%20%20%20myAttendance%20%7B%0A%20%20%20%20%20%20%20%20%20%20date%0A%20%20%20%20%20%20%20%20%20%20status%0A%20%20%20%20%20%20%20%20%7D%0A%20%20%20%20%20%20%7D%0A%20%20%20%20 HTTP/1.1" 200 190
[2024-11-13 15:11:18,310] INFO [django.server:213] "POST /graphql/ HTTP/1.1" 200 173
[2024-11-13 15:11:18,376] INFO [django.server:213] "GET /a? HTTP/1.1" 200 11786
[2024-11-13 15:11:18,493] INFO [django.server:213] "GET /graphql/?query=%0A%20%20%20%20%20%20query%20%7B%0A%20%20%20%20%20%20%20%20myAttendance%20%7B%0A%20%20%20%20%20%20%20%20%20%20date%0A%20%20%20%20%20%20%20%20%20%20status%0A%20%20%20%20%20%20%20%20%7D%0A%20%20%20%20%20%20%7D%0A%20%20%20%20 HTTP/1.1" 200 229
[2024-11-13 15:12:46,046] INFO [django.server:213] "GET /admin/User/customuser/ HTTP/1.1" 200 17780
[2024-11-13 15:12:46,089] INFO [django.server:213] "GET /admin/jsi18n/ HTTP/1.1" 200 3342
[2024-11-13 15:12:56,008] INFO [django.server:213] "GET / HTTP/1.1" 200 9496
[2024-11-13 15:12:56,101] WARNING [django.server:213] "GET /static/images/img3.jpg HTTP/1.1" 404 1972
[2024-11-13 15:12:56,318] INFO [django.server:213] "GET /static/image/img1.jpg HTTP/1.1" 200 100315
[2024-11-13 15:12:56,352] INFO [django.server:213] "GET /static/image/img2.jpg HTTP/1.1" 200 2436694
[2024-11-13 15:12:56,392] WARNING [django.request:248] Not Found: /favicon.ico/
[2024-11-13 15:12:56,392] WARNING [django.server:213] "GET /favicon.ico/ HTTP/1.1" 404 4804
[2024-11-13 15:12:57,346] INFO [django.server:213] "GET /l HTTP/1.1" 200 9208
[2024-11-13 15:12:57,386] INFO [django.server:213] "GET /static/css/registration.css HTTP/1.1" 304 0
[2024-11-13 15:13:06,038] INFO [django.server:213] "POST /graphql/ HTTP/1.1" 200 368
[2024-11-13 15:13:06,123] WARNING [django.request:248] Not Found: /d/
[2024-11-13 15:13:06,123] WARNING [django.server:213] "GET /d/ HTTP/1.1" 404 4764
[2024-11-13 15:13:21,548] INFO [django.server:213] "GET /admin/ HTTP/1.1" 302 0
[2024-11-13 15:13:21,595] INFO [django.server:213] "GET /admin/login/?next=/admin/ HTTP/1.1" 200 4160
[2024-11-13 15:13:21,662] INFO [django.server:213] "GET /static/admin/css/base.css HTTP/1.1" 304 0
[2024-11-13 15:13:21,662] INFO [django.server:213] "GET /static/admin/css/dark_mode.css HTTP/1.1" 304 0
[2024-11-13 15:13:21,688] INFO [django.server:213] "GET /static/admin/js/theme.js HTTP/1.1" 304 0
[2024-11-13 15:13:21,688] INFO [django.server:213] "GET /static/admin/css/nav_sidebar.css HTTP/1.1" 304 0
[2024-11-13 15:13:21,691] INFO [django.server:213] "GET /static/admin/css/responsive.css HTTP/1.1" 304 0
[2024-11-13 15:13:21,691] INFO [django.server:213] "GET /static/admin/css/login.css HTTP/1.1" 304 0
[2024-11-13 15:13:21,703] INFO [django.server:213] "GET /static/admin/js/nav_sidebar.js HTTP/1.1" 304 0
[2024-11-13 15:13:28,198] INFO [django.server:213] "POST /admin/login/?next=/admin/ HTTP/1.1" 200 4321
[2024-11-13 15:13:34,506] INFO [django.server:213] "POST /admin/login/?next=/admin/ HTTP/1.1" 200 4321
[2024-11-13 15:13:46,073] INFO [django.server:213] "POST /admin/login/?next=/admin/ HTTP/1.1" 200 4321
[2024-11-13 15:13:53,754] INFO [django.server:213] "POST /admin/login/?next=/admin/ HTTP/1.1" 200 4320
[2024-11-13 15:13:58,304] INFO [django.server:213] "GET /admin/User/customuser/5/change/ HTTP/1.1" 200 32221
[2024-11-13 15:13:58,353] INFO [django.server:213] "GET /admin/jsi18n/ HTTP/1.1" 200 3342
[2024-11-13 15:14:11,928] INFO [django.server:213] "POST /admin/User/customuser/5/change/ HTTP/1.1" 302 0
[2024-11-13 15:14:11,982] INFO [django.server:213] "GET /admin/User/customuser/ HTTP/1.1" 200 17979
[2024-11-13 15:14:12,031] INFO [django.server:213] "GET /admin/jsi18n/ HTTP/1.1" 200 3342
[2024-11-13 15:14:15,234] INFO [django.server:213] "GET /admin/User/customuser/?role__id__exact=2 HTTP/1.1" 200 16323
[2024-11-13 15:14:15,274] INFO [django.server:213] "GET /admin/jsi18n/ HTTP/1.1" 200 3342
[2024-11-13 15:14:17,253] INFO [django.server:213] "GET /admin/User/customuser/? HTTP/1.1" 200 17780
[2024-11-13 15:14:17,294] INFO [django.server:213] "GET /admin/jsi18n/ HTTP/1.1" 200 3342
[2024-11-13 15:14:25,795] INFO [django.server:213] "POST /admin/login/?next=/admin/ HTTP/1.1" 200 4320
[2024-11-13 15:14:33,169] INFO [django.server:213] "POST /admin/login/?next=/admin/ HTTP/1.1" 302 0
[2024-11-13 15:14:33,195] INFO [django.server:213] "GET /admin/ HTTP/1.1" 200 4506
[2024-11-13 15:14:33,225] INFO [django.server:213] "GET /static/admin/css/dashboard.css HTTP/1.1" 304 0
[2024-11-13 15:14:36,976] INFO [django.server:213] "GET / HTTP/1.1" 200 9413
[2024-11-13 15:14:37,009] WARNING [django.server:213] "GET /static/images/img3.jpg HTTP/1.1" 404 1972
[2024-11-13 15:14:40,691] WARNING [django.request:248] Not Found: /d/
[2024-11-13 15:14:40,691] WARNING [django.server:213] "GET /d/ HTTP/1.1" 404 4764
[2024-11-13 15:14:43,906] WARNING [django.request:248] Not Found: /d/
[2024-11-13 15:14:43,906] WARNING [django.server:213] "GET /d/ HTTP/1.1" 404 4764
[2024-11-13 15:15:06,998] INFO [django.server:213] "GET /d HTTP/1.1" 200 9241
[2024-11-13 15:15:07,126] INFO [django.server:213] "GET /graphql/?query=%0A%20%20%20%20%20%20%20%20query%20%7B%0A%20%20%20%20%20%20%20%20%20%20%20%20allEmployee%20%7B%0A%20%20%20%20%20%20%20%20%20%20%20%20%20%20%20%20id%0A%20%20%20%20%20%20%20%20%20%20%20%20%20%20%20%20employeeId%0A%20%20%20%20%20%20%20%20%20%20%20%20%20%20%20%20address%0A%20%20%20%20%20%20%20%20%20%20%20%20%20%20%20%20user%20%7B%0A%20%20%20%20%20%20%20%20%20%20%20%20%20%20%20%20%20%20%20%20id%0A%20%20%20%20%20%20%20%20%20%20%20%20%20%20%20%20%20%20%20%20username%0A%20%20%20%20%20%20%20%20%20%20%20%20%20%20%20%20%20%20%20%20role%7B%0A%20%20%20%20%20%20%20%20%20%20%20%20%20%20%20%20%20%20%20%20name%0A%20%20%20%20%20%20%20%20%20%20%20%20%20%20%20%20%20%20%20%20%7D%0A%20%20%20%20%20%20%20%20%20%20%20%20%20%20%20%20%7D%0A%20%20%20%20%20%20%20%20%20%20%20%20%20%20%20%20department%20%7B%0A%20%20%20%20%20%20%20%20%20%20%20%20%20%20%20%20%20%20%20%20name%0A%20%20%20%20%20%20%20%20%20%20%20%20%20%20%20%20%7D%0A%20%20%20%20%20%20%20%20%20%20%20%20%7D%0A%20%20%20%20%20%20%20%20%7D%0A%20%20%20%20 HTTP/1.1" 200 953
[2024-11-13 15:46:41,491] INFO [django.server:213] "GET /a HTTP/1.1" 200 11786
[2024-11-13 15:46:41,772] INFO [django.server:213] "GET /graphql/?query=%0A%20%20%20%20%20%20query%20%7B%0A%20%20%20%20%20%20%20%20myAttendance%20%7B%0A%20%20%20%20%20%20%20%20%20%20date%0A%20%20%20%20%20%20%20%20%20%20status%0A%20%20%20%20%20%20%20%20%7D%0A%20%20%20%20%20%20%7D%0A%20%20%20%20 HTTP/1.1" 200 469
[2024-11-13 15:46:47,350] INFO [django.server:213] "GET /le HTTP/1.1" 200 12134
[2024-11-13 15:46:47,413] INFO [django.server:213] "GET /graphql/?query=%0A%20%20%20%20%20%20%20%20%20%20%20%20%20%20%20%20query%7B%0A%20%20%20%20%20%20%20%20%20%20%20%20%20%20%20%20allLeave%7B%0A%20%20%20%20%20%20%20%20%20%20%20%20%20%20%20%20%20%20%20%20id%0A%20%20%20%20%20%20%20%20%20%20%20%20%20%20%20%20%20%20%20%20employee%7B%0A%20%20%20%20%20%20%20%20%20%20%20%20%20%20%20%20%20%20%20%20user%7B%0A%20%20%20%20%20%20%20%20%20%20%20%20%20%20%20%20%20%20%20%20%20%20%20%20username%0A%20%20%20%20%20%20%20%20%20%20%20%20%20%20%20%20%20%20%20%20%7D%0A%20%20%20%20%20%20%20%20%20%20%20%20%20%20%20%20%20%20%20%20%7D%0A%20%20%20%20%20%20%20%20%20%20%20%20%20%20%20%20%20%20%20%20status%0A%20%20%20%20%20%20%20%20%20%20%20%20%20%20%20%20%20%20%20%20startDate%0A%20%20%20%20%20%20%20%20%20%20%20%20%20%20%20%20%20%20%20%20endDate%0A%20%20%20%20%20%20%20%20%20%20%20%20%20%20%20%20%7D%0A%20%20%20%20%20%20%20%20%20%20%20%20%20%20%20%20%7D%0A%20%20%20%20%20%20%20%20%20%20%20%20 HTTP/1.1" 200 263
[2024-11-13 15:47:03,891] INFO [django.server:213] "GET /le HTTP/1.1" 200 12134
[2024-11-13 15:47:04,020] INFO [django.server:213] "GET /graphql/?query=%0A%20%20%20%20%20%20%20%20%20%20%20%20%20%20%20%20query%7B%0A%20%20%20%20%20%20%20%20%20%20%20%20%20%20%20%20allLeave%7B%0A%20%20%20%20%20%20%20%20%20%20%20%20%20%20%20%20%20%20%20%20id%0A%20%20%20%20%20%20%20%20%20%20%20%20%20%20%20%20%20%20%20%20employee%7B%0A%20%20%20%20%20%20%20%20%20%20%20%20%20%20%20%20%20%20%20%20user%7B%0A%20%20%20%20%20%20%20%20%20%20%20%20%20%20%20%20%20%20%20%20%20%20%20%20username%0A%20%20%20%20%20%20%20%20%20%20%20%20%20%20%20%20%20%20%20%20%7D%0A%20%20%20%20%20%20%20%20%20%20%20%20%20%20%20%20%20%20%20%20%7D%0A%20%20%20%20%20%20%20%20%20%20%20%20%20%20%20%20%20%20%20%20status%0A%20%20%20%20%20%20%20%20%20%20%20%20%20%20%20%20%20%20%20%20startDate%0A%20%20%20%20%20%20%20%20%20%20%20%20%20%20%20%20%20%20%20%20endDate%0A%20%20%20%20%20%20%20%20%20%20%20%20%20%20%20%20%7D%0A%20%20%20%20%20%20%20%20%20%20%20%20%20%20%20%20%7D%0A%20%20%20%20%20%20%20%20%20%20%20%20 HTTP/1.1" 200 263
[2024-11-13 15:48:43,356] INFO [django.server:213] "GET /le HTTP/1.1" 200 12125
[2024-11-13 15:48:43,425] INFO [django.server:213] "GET /graphql/?query=%0A%20%20%20%20%20%20%20%20%20%20%20%20%20%20%20%20query%7B%0A%20%20%20%20%20%20%20%20%20%20%20%20%20%20%20%20allLeave%7B%0A%20%20%20%20%20%20%20%20%20%20%20%20%20%20%20%20%20%20%20%20id%0A%20%20%20%20%20%20%20%20%20%20%20%20%20%20%20%20%20%20%20%20employee%7B%0A%20%20%20%20%20%20%20%20%20%20%20%20%20%20%20%20%20%20%20%20user%7B%0A%20%20%20%20%20%20%20%20%20%20%20%20%20%20%20%20%20%20%20%20%20%20%20%20username%0A%20%20%20%20%20%20%20%20%20%20%20%20%20%20%20%20%20%20%20%20%7D%0A%20%20%20%20%20%20%20%20%20%20%20%20%20%20%20%20%20%20%20%20%7D%0A%20%20%20%20%20%20%20%20%20%20%20%20%20%20%20%20%20%20%20%20status%0A%20%20%20%20%20%20%20%20%20%20%20%20%20%20%20%20%20%20%20%20startDate%0A%20%20%20%20%20%20%20%20%20%20%20%20%20%20%20%20%20%20%20%20endDate%0A%20%20%20%20%20%20%20%20%20%20%20%20%20%20%20%20%7D%0A%20%20%20%20%20%20%20%20%20%20%20%20%20%20%20%20%7D%0A%20%20%20%20%20%20%20%20%20%20%20%20 HTTP/1.1" 200 263
[2024-11-20 11:18:14,435] INFO [django.utils.autoreload:668] Watching for file changes with StatReloader
[2024-11-20 11:18:19,295] INFO [django.server:213] "GET / HTTP/1.1" 200 9496
[2024-11-20 11:18:19,382] INFO [django.server:213] "GET /static/image/img1.jpg HTTP/1.1" 304 0
[2024-11-20 11:18:19,382] INFO [django.server:213] "GET /static/image/img2.jpg HTTP/1.1" 304 0
[2024-11-20 11:18:19,407] WARNING [django.server:213] "GET /static/images/img3.jpg HTTP/1.1" 404 1972
[2024-11-20 11:18:19,496] WARNING [django.request:248] Not Found: /favicon.ico/
[2024-11-20 11:18:19,496] WARNING [django.server:213] "GET /favicon.ico/ HTTP/1.1" 404 4804
[2024-11-20 11:18:21,278] INFO [django.server:213] "GET /l HTTP/1.1" 200 9208
[2024-11-20 11:18:21,304] INFO [django.server:213] "GET /static/css/registration.css HTTP/1.1" 304 0
[2024-11-20 11:18:32,411] INFO [django.server:213] "POST /graphql/ HTTP/1.1" 200 133
[2025-01-19 21:00:24,027] INFO [django.utils.autoreload:668] Watching for file changes with StatReloader
[2025-01-19 21:00:30,655] INFO [django.server:213] "GET / HTTP/1.1" 200 9496
[2025-01-19 21:00:30,710] WARNING [django.server:213] "GET /static/images/img3.jpg HTTP/1.1" 404 1972
[2025-01-19 21:00:30,731] INFO [django.server:213] "GET /static/image/img1.jpg HTTP/1.1" 200 100315
[2025-01-19 21:00:30,748] INFO [django.server:213] "GET /static/image/img2.jpg HTTP/1.1" 200 2436694
[2025-01-19 21:00:30,928] WARNING [django.request:248] Not Found: /favicon.ico/
[2025-01-19 21:00:30,928] WARNING [django.server:213] "GET /favicon.ico/ HTTP/1.1" 404 4804
[2025-01-19 21:00:41,673] INFO [django.server:213] "GET /l HTTP/1.1" 200 9208
[2025-01-19 21:00:41,695] INFO [django.server:213] "GET /static/css/registration.css HTTP/1.1" 200 16995
[2025-01-19 21:01:01,879] INFO [django.server:213] "GET /admin/ HTTP/1.1" 302 0
[2025-01-19 21:01:02,082] INFO [django.server:213] "GET /admin/login/?next=/admin/ HTTP/1.1" 200 4160
[2025-01-19 21:01:02,115] INFO [django.server:213] "GET /static/admin/css/base.css HTTP/1.1" 304 0
[2025-01-19 21:01:02,118] INFO [django.server:213] "GET /static/admin/js/theme.js HTTP/1.1" 304 0
[2025-01-19 21:01:02,120] INFO [django.server:213] "GET /static/admin/css/dark_mode.css HTTP/1.1" 304 0
[2025-01-19 21:01:02,120] INFO [django.server:213] "GET /static/admin/css/nav_sidebar.css HTTP/1.1" 304 0
[2025-01-19 21:01:02,124] INFO [django.server:213] "GET /static/admin/css/responsive.css HTTP/1.1" 304 0
[2025-01-19 21:01:02,124] INFO [django.server:213] "GET /static/admin/css/login.css HTTP/1.1" 304 0
[2025-01-19 21:01:02,125] INFO [django.server:213] "GET /static/admin/js/nav_sidebar.js HTTP/1.1" 304 0
[2025-01-19 21:01:02,160] WARNING [django.request:248] Not Found: /favicon.ico/
[2025-01-19 21:01:02,163] WARNING [django.server:213] "GET /favicon.ico/ HTTP/1.1" 404 4804
[2025-01-19 21:01:09,979] INFO [django.server:213] "POST /admin/login/?next=/admin/ HTTP/1.1" 302 0
[2025-01-19 21:01:10,030] INFO [django.server:213] "GET /admin/ HTTP/1.1" 200 16579
[2025-01-19 21:01:10,045] INFO [django.server:213] "GET /static/admin/css/dashboard.css HTTP/1.1" 304 0
[2025-01-19 21:01:10,045] INFO [django.server:213] "GET /static/admin/img/icon-addlink.svg HTTP/1.1" 304 0
[2025-01-19 21:01:10,045] INFO [django.server:213] "GET /static/admin/img/icon-changelink.svg HTTP/1.1" 304 0
[2025-01-19 21:01:10,045] INFO [django.server:213] "GET /static/admin/img/icon-deletelink.svg HTTP/1.1" 304 0
[2025-01-19 21:01:14,962] INFO [django.server:213] "GET /admin/User/customuser/ HTTP/1.1" 200 17780
[2025-01-19 21:01:14,985] INFO [django.server:213] "GET /static/admin/css/changelists.css HTTP/1.1" 304 0
[2025-01-19 21:01:14,989] INFO [django.server:213] "GET /static/admin/js/prepopulate.js HTTP/1.1" 304 0
[2025-01-19 21:01:14,991] INFO [django.server:213] "GET /static/admin/js/jquery.init.js HTTP/1.1" 304 0
[2025-01-19 21:01:14,992] INFO [django.server:213] "GET /static/admin/js/actions.js HTTP/1.1" 304 0
[2025-01-19 21:01:14,995] INFO [django.server:213] "GET /static/admin/js/vendor/jquery/jquery.js HTTP/1.1" 304 0
[2025-01-19 21:01:14,996] INFO [django.server:213] "GET /static/admin/js/admin/RelatedObjectLookups.js HTTP/1.1" 304 0
[2025-01-19 21:01:14,996] INFO [django.server:213] "GET /static/admin/js/core.js HTTP/1.1" 304 0
[2025-01-19 21:01:14,999] INFO [django.server:213] "GET /static/admin/js/urlify.js HTTP/1.1" 304 0
[2025-01-19 21:01:15,000] INFO [django.server:213] "GET /static/admin/js/vendor/xregexp/xregexp.js HTTP/1.1" 304 0
[2025-01-19 21:01:15,003] INFO [django.server:213] "GET /static/admin/img/search.svg HTTP/1.1" 304 0
[2025-01-19 21:01:15,008] INFO [django.server:213] "GET /static/admin/js/filters.js HTTP/1.1" 304 0
[2025-01-19 21:01:15,020] INFO [django.server:213] "GET /admin/jsi18n/ HTTP/1.1" 200 3342
[2025-01-19 21:01:15,037] INFO [django.server:213] "GET /static/admin/img/icon-viewlink.svg HTTP/1.1" 304 0
[2025-01-19 21:01:15,037] INFO [django.server:213] "GET /static/admin/img/tooltag-add.svg HTTP/1.1" 304 0
[2025-01-19 21:01:30,647] INFO [django.server:213] "POST /graphql/ HTTP/1.1" 200 368
[2025-01-19 21:01:30,690] INFO [django.server:213] "GET /d HTTP/1.1" 200 7854
[2025-01-19 21:01:30,772] INFO [django.server:213] "GET /graphql/?query=%0A%20%20%20%20%20%20%20%20query%20%7B%0A%20%20%20%20%20%20%20%20%20%20%20%20allEmployee%20%7B%0A%20%20%20%20%20%20%20%20%20%20%20%20%20%20%20%20id%0A%20%20%20%20%20%20%20%20%20%20%20%20%20%20%20%20employeeId%0A%20%20%20%20%20%20%20%20%20%20%20%20%20%20%20%20address%0A%20%20%20%20%20%20%20%20%20%20%20%20%20%20%20%20user%20%7B%0A%20%20%20%20%20%20%20%20%20%20%20%20%20%20%20%20%20%20%20%20id%0A%20%20%20%20%20%20%20%20%20%20%20%20%20%20%20%20%20%20%20%20username%0A%20%20%20%20%20%20%20%20%20%20%20%20%20%20%20%20%20%20%20%20role%7B%0A%20%20%20%20%20%20%20%20%20%20%20%20%20%20%20%20%20%20%20%20name%0A%20%20%20%20%20%20%20%20%20%20%20%20%20%20%20%20%20%20%20%20%7D%0A%20%20%20%20%20%20%20%20%20%20%20%20%20%20%20%20%7D%0A%20%20%20%20%20%20%20%20%20%20%20%20%20%20%20%20department%20%7B%0A%20%20%20%20%20%20%20%20%20%20%20%20%20%20%20%20%20%20%20%20name%0A%20%20%20%20%20%20%20%20%20%20%20%20%20%20%20%20%7D%0A%20%20%20%20%20%20%20%20%20%20%20%20%7D%0A%20%20%20%20%20%20%20%20%7D%0A%20%20%20%20 HTTP/1.1" 200 953
[2025-01-19 21:01:38,475] INFO [django.server:213] "GET /de HTTP/1.1" 200 10794
[2025-01-19 21:01:38,508] INFO [django.server:213] "GET /graphql/?query=%0A%20%20%20%20%20%20%20%20%20%20%20%20%20%20%20%20query%7B%0A%20%20%20%20%20%20%20%20%20%20%20%20%20%20%20%20allRole%7B%0A%20%20%20%20%20%20%20%20%20%20%20%20%20%20%20%20id%0A%20%20%20%20%20%20%20%20%20%20%20%20%20%20%20%20name%0A%20%20%20%20%20%20%20%20%20%20%20%20%20%20%20%20description%0A%20%20%20%20%20%20%20%20%20%20%20%20%20%20%20%20%7D%0A%20%20%20%20%20%20%20%20%20%20%20%20%20%20%20%20%7D%0A%20%20%20%20%20%20%20%20%20%20%20%20 HTTP/1.1" 200 230
[2025-01-19 21:01:51,800] INFO [django.server:213] "GET /ur/1/ HTTP/1.1" 200 8263
[2025-01-19 21:01:51,830] WARNING [django.request:248] Bad Request: /graphql/
[2025-01-19 21:01:51,831] WARNING [django.server:213] "GET /graphql/?query=%0A%20%20%20%20%20%20%20%20%20%20%20%20%20%20%20%20query%20%7B%0A%20%20%20%20%20%20%20%20%20%20%20%20%20%20%20%20%20%20%20%20particularRole(id%3A%20)%20%7B%0A%20%20%20%20%20%20%20%20%20%20%20%20%20%20%20%20%20%20%20%20%20%20%20%20name%0A%20%20%20%20%20%20%20%20%20%20%20%20%20%20%20%20%20%20%20%20%20%20%20%20description%0A%0A%20%20%20%20%20%20%20%20%20%20%20%20%20%20%20%20%20%20%20%20%7D%0A%20%20%20%20%20%20%20%20%20%20%20%20%20%20%20%20%7D%0A%20%20%20%20%20%20%20%20%20%20%20%20 HTTP/1.1" 400 93
[2025-01-19 21:02:03,719] INFO [django.server:213] "GET / HTTP/1.1" 200 9496
[2025-01-19 21:02:03,743] INFO [django.server:213] "GET /static/image/img1.jpg HTTP/1.1" 200 100315
[2025-01-19 21:02:03,763] WARNING [django.server:213] "GET /static/images/img3.jpg HTTP/1.1" 404 1972
[2025-01-19 21:02:03,764] INFO [django.server:213] "GET /static/image/img2.jpg HTTP/1.1" 200 2436694
[2025-01-19 21:02:03,864] WARNING [django.request:248] Not Found: /favicon.ico
[2025-01-19 21:02:03,866] WARNING [django.server:213] "GET /favicon.ico HTTP/1.1" 404 4801
[2025-01-19 21:02:09,142] INFO [django.server:213] "GET /l HTTP/1.1" 200 9208
[2025-01-19 21:02:09,156] INFO [django.server:213] "GET /static/css/registration.css HTTP/1.1" 304 0
[2025-01-19 21:02:20,938] INFO [django.server:213] "POST /graphql/ HTTP/1.1" 200 368
[2025-01-19 21:02:20,955] INFO [django.server:213] "GET /d HTTP/1.1" 200 7854
[2025-01-19 21:02:21,019] INFO [django.server:213] "GET /graphql/?query=%0A%20%20%20%20%20%20%20%20query%20%7B%0A%20%20%20%20%20%20%20%20%20%20%20%20allEmployee%20%7B%0A%20%20%20%20%20%20%20%20%20%20%20%20%20%20%20%20id%0A%20%20%20%20%20%20%20%20%20%20%20%20%20%20%20%20employeeId%0A%20%20%20%20%20%20%20%20%20%20%20%20%20%20%20%20address%0A%20%20%20%20%20%20%20%20%20%20%20%20%20%20%20%20user%20%7B%0A%20%20%20%20%20%20%20%20%20%20%20%20%20%20%20%20%20%20%20%20id%0A%20%20%20%20%20%20%20%20%20%20%20%20%20%20%20%20%20%20%20%20username%0A%20%20%20%20%20%20%20%20%20%20%20%20%20%20%20%20%20%20%20%20role%7B%0A%20%20%20%20%20%20%20%20%20%20%20%20%20%20%20%20%20%20%20%20name%0A%20%20%20%20%20%20%20%20%20%20%20%20%20%20%20%20%20%20%20%20%7D%0A%20%20%20%20%20%20%20%20%20%20%20%20%20%20%20%20%7D%0A%20%20%20%20%20%20%20%20%20%20%20%20%20%20%20%20department%20%7B%0A%20%20%20%20%20%20%20%20%20%20%20%20%20%20%20%20%20%20%20%20name%0A%20%20%20%20%20%20%20%20%20%20%20%20%20%20%20%20%7D%0A%20%20%20%20%20%20%20%20%20%20%20%20%7D%0A%20%20%20%20%20%20%20%20%7D%0A%20%20%20%20 HTTP/1.1" 200 953
[2025-01-19 21:03:05,224] INFO [django.server:213] "GET / HTTP/1.1" 200 9413
[2025-01-19 21:03:05,275] WARNING [django.server:213] "GET /static/images/img3.jpg HTTP/1.1" 404 1972
[2025-01-19 21:03:05,277] INFO [django.server:213] "GET /static/image/img1.jpg HTTP/1.1" 200 100315
[2025-01-19 21:03:05,290] INFO [django.server:213] "GET /static/image/img2.jpg HTTP/1.1" 200 2436694
[2025-01-19 21:03:31,212] INFO [django.server:213] "GET / HTTP/1.1" 200 9496
[2025-01-19 21:03:31,249] WARNING [django.server:213] "GET /static/images/img3.jpg HTTP/1.1" 404 1972
[2025-01-19 21:03:34,263] INFO [django.server:213] "GET /l HTTP/1.1" 200 9208
[2025-01-19 21:04:04,196] INFO [django.server:213] "GET /admin/ HTTP/1.1" 302 0
[2025-01-19 21:04:04,204] INFO [django.server:213] "GET /admin/login/?next=/admin/ HTTP/1.1" 200 4160
[2025-01-19 21:04:04,301] INFO [django.server:213] "GET /static/admin/css/base.css HTTP/1.1" 304 0
[2025-01-19 21:04:04,303] INFO [django.server:213] "GET /static/admin/css/dark_mode.css HTTP/1.1" 304 0
[2025-01-19 21:04:04,305] INFO [django.server:213] "GET /static/admin/css/nav_sidebar.css HTTP/1.1" 304 0
[2025-01-19 21:04:04,306] INFO [django.server:213] "GET /static/admin/css/login.css HTTP/1.1" 304 0
[2025-01-19 21:04:04,307] INFO [django.server:213] "GET /static/admin/css/responsive.css HTTP/1.1" 304 0
[2025-01-19 21:04:04,307] INFO [django.server:213] "GET /static/admin/js/theme.js HTTP/1.1" 304 0
[2025-01-19 21:04:04,311] INFO [django.server:213] "GET /static/admin/js/nav_sidebar.js HTTP/1.1" 304 0
[2025-01-19 21:04:10,236] INFO [django.server:213] "POST /admin/login/?next=/admin/ HTTP/1.1" 302 0
[2025-01-19 21:04:10,252] INFO [django.server:213] "GET /admin/ HTTP/1.1" 200 4506
[2025-01-19 21:04:10,295] INFO [django.server:213] "GET /static/admin/css/dashboard.css HTTP/1.1" 304 0
[2025-01-19 21:04:13,726] INFO [django.server:213] "GET /l HTTP/1.1" 200 9125
[2025-01-19 21:04:16,502] INFO [django.server:213] "GET / HTTP/1.1" 200 9413
[2025-01-19 21:04:16,528] WARNING [django.server:213] "GET /static/images/img3.jpg HTTP/1.1" 404 1972
[2025-01-19 21:04:32,441] INFO [django.server:213] "GET /d HTTP/1.1" 200 9241
[2025-01-19 21:04:32,485] INFO [django.server:213] "GET /graphql/?query=%0A%20%20%20%20%20%20%20%20query%20%7B%0A%20%20%20%20%20%20%20%20%20%20%20%20allEmployee%20%7B%0A%20%20%20%20%20%20%20%20%20%20%20%20%20%20%20%20id%0A%20%20%20%20%20%20%20%20%20%20%20%20%20%20%20%20employeeId%0A%20%20%20%20%20%20%20%20%20%20%20%20%20%20%20%20address%0A%20%20%20%20%20%20%20%20%20%20%20%20%20%20%20%20user%20%7B%0A%20%20%20%20%20%20%20%20%20%20%20%20%20%20%20%20%20%20%20%20id%0A%20%20%20%20%20%20%20%20%20%20%20%20%20%20%20%20%20%20%20%20username%0A%20%20%20%20%20%20%20%20%20%20%20%20%20%20%20%20%20%20%20%20role%7B%0A%20%20%20%20%20%20%20%20%20%20%20%20%20%20%20%20%20%20%20%20name%0A%20%20%20%20%20%20%20%20%20%20%20%20%20%20%20%20%20%20%20%20%7D%0A%20%20%20%20%20%20%20%20%20%20%20%20%20%20%20%20%7D%0A%20%20%20%20%20%20%20%20%20%20%20%20%20%20%20%20department%20%7B%0A%20%20%20%20%20%20%20%20%20%20%20%20%20%20%20%20%20%20%20%20name%0A%20%20%20%20%20%20%20%20%20%20%20%20%20%20%20%20%7D%0A%20%20%20%20%20%20%20%20%20%20%20%20%7D%0A%20%20%20%20%20%20%20%20%7D%0A%20%20%20%20 HTTP/1.1" 200 953
[2025-01-19 21:04:53,870] INFO [django.server:213] "GET /a HTTP/1.1" 200 11786
[2025-01-19 21:04:53,991] INFO [django.server:213] "GET /graphql/?query=%0A%20%20%20%20%20%20query%20%7B%0A%20%20%20%20%20%20%20%20myAttendance%20%7B%0A%20%20%20%20%20%20%20%20%20%20date%0A%20%20%20%20%20%20%20%20%20%20status%0A%20%20%20%20%20%20%20%20%7D%0A%20%20%20%20%20%20%7D%0A%20%20%20%20 HTTP/1.1" 200 469
[2025-01-19 21:05:10,341] INFO [django.server:213] "GET /a? HTTP/1.1" 200 11786
[2025-01-19 21:05:10,341] INFO [django.server:213] "POST /graphql/ HTTP/1.1" 200 175
[2025-01-19 21:05:10,506] INFO [django.server:213] "GET /graphql/?query=%0A%20%20%20%20%20%20query%20%7B%0A%20%20%20%20%20%20%20%20myAttendance%20%7B%0A%20%20%20%20%20%20%20%20%20%20date%0A%20%20%20%20%20%20%20%20%20%20status%0A%20%20%20%20%20%20%20%20%7D%0A%20%20%20%20%20%20%7D%0A%20%20%20%20 HTTP/1.1" 200 510
[2025-01-19 21:05:22,578] INFO [django.server:213] "POST /graphql/ HTTP/1.1" 200 174
[2025-01-19 21:05:22,618] INFO [django.server:213] "GET /a? HTTP/1.1" 200 11786
[2025-01-19 21:05:22,694] INFO [django.server:213] "GET /graphql/?query=%0A%20%20%20%20%20%20query%20%7B%0A%20%20%20%20%20%20%20%20myAttendance%20%7B%0A%20%20%20%20%20%20%20%20%20%20date%0A%20%20%20%20%20%20%20%20%20%20status%0A%20%20%20%20%20%20%20%20%7D%0A%20%20%20%20%20%20%7D%0A%20%20%20%20 HTTP/1.1" 200 550
[2025-01-19 21:05:35,542] INFO [django.server:213] "POST /graphql/ HTTP/1.1" 200 173
[2025-01-19 21:05:35,575] INFO [django.server:213] "GET /a? HTTP/1.1" 200 11786
[2025-01-19 21:05:35,645] INFO [django.server:213] "GET /graphql/?query=%0A%20%20%20%20%20%20query%20%7B%0A%20%20%20%20%20%20%20%20myAttendance%20%7B%0A%20%20%20%20%20%20%20%20%20%20date%0A%20%20%20%20%20%20%20%20%20%20status%0A%20%20%20%20%20%20%20%20%7D%0A%20%20%20%20%20%20%7D%0A%20%20%20%20 HTTP/1.1" 200 589
[2025-01-19 21:05:49,836] INFO [django.server:213] "POST /graphql/ HTTP/1.1" 200 175
[2025-01-19 21:05:49,857] INFO [django.server:213] "GET /a? HTTP/1.1" 200 11786
[2025-01-19 21:05:49,920] INFO [django.server:213] "GET /graphql/?query=%0A%20%20%20%20%20%20query%20%7B%0A%20%20%20%20%20%20%20%20myAttendance%20%7B%0A%20%20%20%20%20%20%20%20%20%20date%0A%20%20%20%20%20%20%20%20%20%20status%0A%20%20%20%20%20%20%20%20%7D%0A%20%20%20%20%20%20%7D%0A%20%20%20%20 HTTP/1.1" 200 630
[2025-01-19 21:08:48,839] INFO [django.server:213] "GET /admin/ HTTP/1.1" 302 0
[2025-01-19 21:08:48,852] INFO [django.server:213] "GET /admin/login/?next=/admin/ HTTP/1.1" 200 4160
[2025-01-19 21:08:48,895] INFO [django.server:213] "GET /static/admin/css/login.css HTTP/1.1" 200 951
[2025-01-19 21:08:48,898] INFO [django.server:213] "GET /static/admin/css/dark_mode.css HTTP/1.1" 304 0
[2025-01-19 21:08:48,898] INFO [django.server:213] "GET /static/admin/css/nav_sidebar.css HTTP/1.1" 304 0
[2025-01-19 21:08:48,898] INFO [django.server:213] "GET /static/admin/css/base.css HTTP/1.1" 304 0
[2025-01-19 21:08:48,900] INFO [django.server:213] "GET /static/admin/css/responsive.css HTTP/1.1" 304 0
[2025-01-19 21:08:48,900] INFO [django.server:213] "GET /static/admin/js/theme.js HTTP/1.1" 304 0
[2025-01-19 21:08:48,912] INFO [django.server:213] "GET /static/admin/js/nav_sidebar.js HTTP/1.1" 304 0
[2025-01-19 21:09:04,528] INFO [django.server:213] "GET / HTTP/1.1" 200 9413
[2025-01-19 21:09:04,568] WARNING [django.server:213] "GET /static/images/img3.jpg HTTP/1.1" 404 1972
[2025-01-19 21:09:08,325] INFO [django.server:213] "GET /d HTTP/1.1" 200 9241
[2025-01-19 21:09:08,372] INFO [django.server:213] "GET /graphql/?query=%0A%20%20%20%20%20%20%20%20query%20%7B%0A%20%20%20%20%20%20%20%20%20%20%20%20allEmployee%20%7B%0A%20%20%20%20%20%20%20%20%20%20%20%20%20%20%20%20id%0A%20%20%20%20%20%20%20%20%20%20%20%20%20%20%20%20employeeId%0A%20%20%20%20%20%20%20%20%20%20%20%20%20%20%20%20address%0A%20%20%20%20%20%20%20%20%20%20%20%20%20%20%20%20user%20%7B%0A%20%20%20%20%20%20%20%20%20%20%20%20%20%20%20%20%20%20%20%20id%0A%20%20%20%20%20%20%20%20%20%20%20%20%20%20%20%20%20%20%20%20username%0A%20%20%20%20%20%20%20%20%20%20%20%20%20%20%20%20%20%20%20%20role%7B%0A%20%20%20%20%20%20%20%20%20%20%20%20%20%20%20%20%20%20%20%20name%0A%20%20%20%20%20%20%20%20%20%20%20%20%20%20%20%20%20%20%20%20%7D%0A%20%20%20%20%20%20%20%20%20%20%20%20%20%20%20%20%7D%0A%20%20%20%20%20%20%20%20%20%20%20%20%20%20%20%20department%20%7B%0A%20%20%20%20%20%20%20%20%20%20%20%20%20%20%20%20%20%20%20%20name%0A%20%20%20%20%20%20%20%20%20%20%20%20%20%20%20%20%7D%0A%20%20%20%20%20%20%20%20%20%20%20%20%7D%0A%20%20%20%20%20%20%20%20%7D%0A%20%20%20%20 HTTP/1.1" 200 953
[2025-01-19 21:09:20,064] INFO [django.server:213] "GET /ec HTTP/1.1" 200 16700
[2025-01-19 21:09:20,104] INFO [django.server:213] "GET /graphql/?query=query%20%7B%20allUserData%20%7Bid%20email%20%7D%20%7D HTTP/1.1" 200 296
[2025-01-19 21:09:20,115] INFO [django.server:213] "GET /graphql/?query=query%20%7B%20allDepartment%20%7B%20id%20name%20%7D%20%7D HTTP/1.1" 200 158
[2025-01-19 21:09:57,234] INFO [django.server:213] "GET /eu/1/ HTTP/1.1" 200 20698
[2025-01-19 21:09:57,295] INFO [django.server:213] "GET /graphql/?query=query%20%7B%20allDepartment%20%7B%20id%20name%20%7D%20%7D HTTP/1.1" 200 158
[2025-01-19 21:09:57,296] INFO [django.server:213] "GET /graphql/?query=%0A%20%20%20%20%20%20%20%20%20%20%20%20query%20%7B%0A%20%20%20%20%20%20%20%20%20%20%20%20%20%20%20%20getParticularEmployee(id%3A%201)%20%7B%0A%20%20%20%20%20%20%20%20%20%20%20%20%20%20%20%20%20%20%20%20employeeId%0A%20%20%20%20%20%20%20%20%20%20%20%20%20%20%20%20%20%20%20%20address%0A%20%20%20%20%20%20%20%20%20%20%20%20%20%20%20%20%20%20%20%20dateOfBirth%0A%20%20%20%20%20%20%20%20%20%20%20%20%20%20%20%20%20%20%20%20phoneNumber%0A%20%20%20%20%20%20%20%20%20%20%20%20%20%20%20%20%20%20%20%20department%20%7B%0A%20%20%20%20%20%20%20%20%20%20%20%20%20%20%20%20%20%20%20%20%20%20%20%20id%0A%20%20%20%20%20%20%20%20%20%20%20%20%20%20%20%20%20%20%20%20%20%20%20%20name%0A%20%20%20%20%20%20%20%20%20%20%20%20%20%20%20%20%20%20%20%20%7D%0A%20%20%20%20%20%20%20%20%20%20%20%20%20%20%20%20%20%20%20%20employmentDetails%20%7B%0A%20%20%20%20%20%20%20%20%20%20%20%20%20%20%20%20%20%20%20%20%20%20%20%20id%0A%20%20%20%20%20%20%20%20%20%20%20%20%20%20%20%20%20%20%20%20%20%20%20%20startDate%0A%20%20%20%20%20%20%20%20%20%20%20%20%20%20%20%20%20%20%20%20%20%20%20%20dateOfResignation%0A%20%20%20%20%20%20%20%20%20%20%20%20%20%20%20%20%20%20%20%20%20%20%20%20jobTitle%0A%20%20%20%20%20%20%20%20%20%20%20%20%20%20%20%20%20%20%20%20%20%20%20%20supervisor%0A%20%20%20%20%20%20%20%20%20%20%20%20%20%20%20%20%20%20%20%20%20%20%20%20employmentType%0A%20%20%20%20%20%20%20%20%20%20%20%20%20%20%20%20%20%20%20%20%20%20%20%20employmentStatus%0A%20%20%20%20%20%20%20%20%20%20%20%20%20%20%20%20%20%20%20%20%20%20%20%20officeLocation%0A%20%20%20%20%20%20%20%20%20%20%20%20%20%20%20%20%20%20%20%20%20%20%20%20reason%0A%20%20%20%20%20%20%20%20%20%20%20%20%20%20%20%20%20%20%20%20%7D%0A%20%20%20%20%20%20%20%20%20%20%20%20%20%20%20%20%7D%0A%20%20%20%20%20%20%20%20%20%20%20%20%7D%0A%20%20%20%20%20%20%20%20 HTTP/1.1" 200 198
[2025-01-19 21:10:05,550] INFO [django.server:213] "GET /eu/8/ HTTP/1.1" 200 20698
[2025-01-19 21:10:05,594] INFO [django.server:213] "GET /graphql/?query=query%20%7B%20allDepartment%20%7B%20id%20name%20%7D%20%7D HTTP/1.1" 200 158
[2025-01-19 21:10:05,605] INFO [django.server:213] "GET /graphql/?query=%0A%20%20%20%20%20%20%20%20%20%20%20%20query%20%7B%0A%20%20%20%20%20%20%20%20%20%20%20%20%20%20%20%20getParticularEmployee(id%3A%208)%20%7B%0A%20%20%20%20%20%20%20%20%20%20%20%20%20%20%20%20%20%20%20%20employeeId%0A%20%20%20%20%20%20%20%20%20%20%20%20%20%20%20%20%20%20%20%20address%0A%20%20%20%20%20%20%20%20%20%20%20%20%20%20%20%20%20%20%20%20dateOfBirth%0A%20%20%20%20%20%20%20%20%20%20%20%20%20%20%20%20%20%20%20%20phoneNumber%0A%20%20%20%20%20%20%20%20%20%20%20%20%20%20%20%20%20%20%20%20department%20%7B%0A%20%20%20%20%20%20%20%20%20%20%20%20%20%20%20%20%20%20%20%20%20%20%20%20id%0A%20%20%20%20%20%20%20%20%20%20%20%20%20%20%20%20%20%20%20%20%20%20%20%20name%0A%20%20%20%20%20%20%20%20%20%20%20%20%20%20%20%20%20%20%20%20%7D%0A%20%20%20%20%20%20%20%20%20%20%20%20%20%20%20%20%20%20%20%20employmentDetails%20%7B%0A%20%20%20%20%20%20%20%20%20%20%20%20%20%20%20%20%20%20%20%20%20%20%20%20id%0A%20%20%20%20%20%20%20%20%20%20%20%20%20%20%20%20%20%20%20%20%20%20%20%20startDate%0A%20%20%20%20%20%20%20%20%20%20%20%20%20%20%20%20%20%20%20%20%20%20%20%20dateOfResignation%0A%20%20%20%20%20%20%20%20%20%20%20%20%20%20%20%20%20%20%20%20%20%20%20%20jobTitle%0A%20%20%20%20%20%20%20%20%20%20%20%20%20%20%20%20%20%20%20%20%20%20%20%20supervisor%0A%20%20%20%20%20%20%20%20%20%20%20%20%20%20%20%20%20%20%20%20%20%20%20%20employmentType%0A%20%20%20%20%20%20%20%20%20%20%20%20%20%20%20%20%20%20%20%20%20%20%20%20employmentStatus%0A%20%20%20%20%20%20%20%20%20%20%20%20%20%20%20%20%20%20%20%20%20%20%20%20officeLocation%0A%20%20%20%20%20%20%20%20%20%20%20%20%20%20%20%20%20%20%20%20%20%20%20%20reason%0A%20%20%20%20%20%20%20%20%20%20%20%20%20%20%20%20%20%20%20%20%7D%0A%20%20%20%20%20%20%20%20%20%20%20%20%20%20%20%20%7D%0A%20%20%20%20%20%20%20%20%20%20%20%20%7D%0A%20%20%20%20%20%20%20%20 HTTP/1.1" 200 806
[2025-01-19 21:10:33,540] INFO [django.server:213] "GET /eu/7/ HTTP/1.1" 200 20698
[2025-01-19 21:10:33,596] INFO [django.server:213] "GET /graphql/?query=query%20%7B%20allDepartment%20%7B%20id%20name%20%7D%20%7D HTTP/1.1" 200 158
[2025-01-19 21:10:33,598] INFO [django.server:213] "GET /graphql/?query=%0A%20%20%20%20%20%20%20%20%20%20%20%20query%20%7B%0A%20%20%20%20%20%20%20%20%20%20%20%20%20%20%20%20getParticularEmployee(id%3A%207)%20%7B%0A%20%20%20%20%20%20%20%20%20%20%20%20%20%20%20%20%20%20%20%20employeeId%0A%20%20%20%20%20%20%20%20%20%20%20%20%20%20%20%20%20%20%20%20address%0A%20%20%20%20%20%20%20%20%20%20%20%20%20%20%20%20%20%20%20%20dateOfBirth%0A%20%20%20%20%20%20%20%20%20%20%20%20%20%20%20%20%20%20%20%20phoneNumber%0A%20%20%20%20%20%20%20%20%20%20%20%20%20%20%20%20%20%20%20%20department%20%7B%0A%20%20%20%20%20%20%20%20%20%20%20%20%20%20%20%20%20%20%20%20%20%20%20%20id%0A%20%20%20%20%20%20%20%20%20%20%20%20%20%20%20%20%20%20%20%20%20%20%20%20name%0A%20%20%20%20%20%20%20%20%20%20%20%20%20%20%20%20%20%20%20%20%7D%0A%20%20%20%20%20%20%20%20%20%20%20%20%20%20%20%20%20%20%20%20employmentDetails%20%7B%0A%20%20%20%20%20%20%20%20%20%20%20%20%20%20%20%20%20%20%20%20%20%20%20%20id%0A%20%20%20%20%20%20%20%20%20%20%20%20%20%20%20%20%20%20%20%20%20%20%20%20startDate%0A%20%20%20%20%20%20%20%20%20%20%20%20%20%20%20%20%20%20%20%20%20%20%20%20dateOfResignation%0A%20%20%20%20%20%20%20%20%20%20%20%20%20%20%20%20%20%20%20%20%20%20%20%20jobTitle%0A%20%20%20%20%20%20%20%20%20%20%20%20%20%20%20%20%20%20%20%20%20%20%20%20supervisor%0A%20%20%20%20%20%20%20%20%20%20%20%20%20%20%20%20%20%20%20%20%20%20%20%20employmentType%0A%20%20%20%20%20%20%20%20%20%20%20%20%20%20%20%20%20%20%20%20%20%20%20%20employmentStatus%0A%20%20%20%20%20%20%20%20%20%20%20%20%20%20%20%20%20%20%20%20%20%20%20%20officeLocation%0A%20%20%20%20%20%20%20%20%20%20%20%20%20%20%20%20%20%20%20%20%20%20%20%20reason%0A%20%20%20%20%20%20%20%20%20%20%20%20%20%20%20%20%20%20%20%20%7D%0A%20%20%20%20%20%20%20%20%20%20%20%20%20%20%20%20%7D%0A%20%20%20%20%20%20%20%20%20%20%20%20%7D%0A%20%20%20%20%20%20%20%20 HTTP/1.1" 200 637
[2025-01-19 21:10:48,519] INFO [django.server:213] "GET /eu/7/ HTTP/1.1" 200 20698
[2025-01-19 21:10:48,605] INFO [django.server:213] "GET /graphql/?query=query%20%7B%20allDepartment%20%7B%20id%20name%20%7D%20%7D HTTP/1.1" 200 158
[2025-01-19 21:10:48,606] INFO [django.server:213] "GET /graphql/?query=%0A%20%20%20%20%20%20%20%20%20%20%20%20query%20%7B%0A%20%20%20%20%20%20%20%20%20%20%20%20%20%20%20%20getParticularEmployee(id%3A%207)%20%7B%0A%20%20%20%20%20%20%20%20%20%20%20%20%20%20%20%20%20%20%20%20employeeId%0A%20%20%20%20%20%20%20%20%20%20%20%20%20%20%20%20%20%20%20%20address%0A%20%20%20%20%20%20%20%20%20%20%20%20%20%20%20%20%20%20%20%20dateOfBirth%0A%20%20%20%20%20%20%20%20%20%20%20%20%20%20%20%20%20%20%20%20phoneNumber%0A%20%20%20%20%20%20%20%20%20%20%20%20%20%20%20%20%20%20%20%20department%20%7B%0A%20%20%20%20%20%20%20%20%20%20%20%20%20%20%20%20%20%20%20%20%20%20%20%20id%0A%20%20%20%20%20%20%20%20%20%20%20%20%20%20%20%20%20%20%20%20%20%20%20%20name%0A%20%20%20%20%20%20%20%20%20%20%20%20%20%20%20%20%20%20%20%20%7D%0A%20%20%20%20%20%20%20%20%20%20%20%20%20%20%20%20%20%20%20%20employmentDetails%20%7B%0A%20%20%20%20%20%20%20%20%20%20%20%20%20%20%20%20%20%20%20%20%20%20%20%20id%0A%20%20%20%20%20%20%20%20%20%20%20%20%20%20%20%20%20%20%20%20%20%20%20%20startDate%0A%20%20%20%20%20%20%20%20%20%20%20%20%20%20%20%20%20%20%20%20%20%20%20%20dateOfResignation%0A%20%20%20%20%20%20%20%20%20%20%20%20%20%20%20%20%20%20%20%20%20%20%20%20jobTitle%0A%20%20%20%20%20%20%20%20%20%20%20%20%20%20%20%20%20%20%20%20%20%20%20%20supervisor%0A%20%20%20%20%20%20%20%20%20%20%20%20%20%20%20%20%20%20%20%20%20%20%20%20employmentType%0A%20%20%20%20%20%20%20%20%20%20%20%20%20%20%20%20%20%20%20%20%20%20%20%20employmentStatus%0A%20%20%20%20%20%20%20%20%20%20%20%20%20%20%20%20%20%20%20%20%20%20%20%20officeLocation%0A%20%20%20%20%20%20%20%20%20%20%20%20%20%20%20%20%20%20%20%20%20%20%20%20reason%0A%20%20%20%20%20%20%20%20%20%20%20%20%20%20%20%20%20%20%20%20%7D%0A%20%20%20%20%20%20%20%20%20%20%20%20%20%20%20%20%7D%0A%20%20%20%20%20%20%20%20%20%20%20%20%7D%0A%20%20%20%20%20%20%20%20 HTTP/1.1" 200 637
[2025-01-19 22:01:28,736] INFO [django.utils.autoreload:668] Watching for file changes with StatReloader
[2025-01-19 22:01:32,304] INFO [django.server:213] "GET /ur/1/ HTTP/1.1" 200 8263
[2025-01-19 22:01:32,340] WARNING [django.request:248] Bad Request: /graphql/
[2025-01-19 22:01:32,340] WARNING [django.server:213] "GET /graphql/?query=%0A%20%20%20%20%20%20%20%20%20%20%20%20%20%20%20%20query%20%7B%0A%20%20%20%20%20%20%20%20%20%20%20%20%20%20%20%20%20%20%20%20particularRole(id%3A%20)%20%7B%0A%20%20%20%20%20%20%20%20%20%20%20%20%20%20%20%20%20%20%20%20%20%20%20%20name%0A%20%20%20%20%20%20%20%20%20%20%20%20%20%20%20%20%20%20%20%20%20%20%20%20description%0A%0A%20%20%20%20%20%20%20%20%20%20%20%20%20%20%20%20%20%20%20%20%7D%0A%20%20%20%20%20%20%20%20%20%20%20%20%20%20%20%20%7D%0A%20%20%20%20%20%20%20%20%20%20%20%20 HTTP/1.1" 400 93
[2025-01-19 22:01:43,916] INFO [django.server:213] "GET / HTTP/1.1" 200 9496
[2025-01-19 22:01:43,977] WARNING [django.server:213] "GET /static/images/img3.jpg HTTP/1.1" 404 1972
[2025-01-19 22:01:47,213] INFO [django.server:213] "GET / HTTP/1.1" 200 9496
[2025-01-19 22:01:47,237] WARNING [django.server:213] "GET /static/images/img3.jpg HTTP/1.1" 404 1972
[2025-01-19 22:01:49,353] INFO [django.server:213] "GET /l HTTP/1.1" 200 9208
[2025-01-19 22:02:14,088] INFO [django.server:213] "POST /graphql/ HTTP/1.1" 200 368
[2025-01-19 22:02:14,152] INFO [django.server:213] "GET /d HTTP/1.1" 200 9241
[2025-01-19 22:02:14,235] INFO [django.server:213] "GET /graphql/?query=%0A%20%20%20%20%20%20%20%20query%20%7B%0A%20%20%20%20%20%20%20%20%20%20%20%20allEmployee%20%7B%0A%20%20%20%20%20%20%20%20%20%20%20%20%20%20%20%20id%0A%20%20%20%20%20%20%20%20%20%20%20%20%20%20%20%20employeeId%0A%20%20%20%20%20%20%20%20%20%20%20%20%20%20%20%20address%0A%20%20%20%20%20%20%20%20%20%20%20%20%20%20%20%20user%20%7B%0A%20%20%20%20%20%20%20%20%20%20%20%20%20%20%20%20%20%20%20%20id%0A%20%20%20%20%20%20%20%20%20%20%20%20%20%20%20%20%20%20%20%20username%0A%20%20%20%20%20%20%20%20%20%20%20%20%20%20%20%20%20%20%20%20role%7B%0A%20%20%20%20%20%20%20%20%20%20%20%20%20%20%20%20%20%20%20%20name%0A%20%20%20%20%20%20%20%20%20%20%20%20%20%20%20%20%20%20%20%20%7D%0A%20%20%20%20%20%20%20%20%20%20%20%20%20%20%20%20%7D%0A%20%20%20%20%20%20%20%20%20%20%20%20%20%20%20%20department%20%7B%0A%20%20%20%20%20%20%20%20%20%20%20%20%20%20%20%20%20%20%20%20name%0A%20%20%20%20%20%20%20%20%20%20%20%20%20%20%20%20%7D%0A%20%20%20%20%20%20%20%20%20%20%20%20%7D%0A%20%20%20%20%20%20%20%20%7D%0A%20%20%20%20 HTTP/1.1" 200 953
[2025-01-19 22:02:22,207] INFO [django.server:213] "GET /d HTTP/1.1" 200 9241
[2025-01-19 22:02:22,300] INFO [django.server:213] "GET /graphql/?query=%0A%20%20%20%20%20%20%20%20query%20%7B%0A%20%20%20%20%20%20%20%20%20%20%20%20allEmployee%20%7B%0A%20%20%20%20%20%20%20%20%20%20%20%20%20%20%20%20id%0A%20%20%20%20%20%20%20%20%20%20%20%20%20%20%20%20employeeId%0A%20%20%20%20%20%20%20%20%20%20%20%20%20%20%20%20address%0A%20%20%20%20%20%20%20%20%20%20%20%20%20%20%20%20user%20%7B%0A%20%20%20%20%20%20%20%20%20%20%20%20%20%20%20%20%20%20%20%20id%0A%20%20%20%20%20%20%20%20%20%20%20%20%20%20%20%20%20%20%20%20username%0A%20%20%20%20%20%20%20%20%20%20%20%20%20%20%20%20%20%20%20%20role%7B%0A%20%20%20%20%20%20%20%20%20%20%20%20%20%20%20%20%20%20%20%20name%0A%20%20%20%20%20%20%20%20%20%20%20%20%20%20%20%20%20%20%20%20%7D%0A%20%20%20%20%20%20%20%20%20%20%20%20%20%20%20%20%7D%0A%20%20%20%20%20%20%20%20%20%20%20%20%20%20%20%20department%20%7B%0A%20%20%20%20%20%20%20%20%20%20%20%20%20%20%20%20%20%20%20%20name%0A%20%20%20%20%20%20%20%20%20%20%20%20%20%20%20%20%7D%0A%20%20%20%20%20%20%20%20%20%20%20%20%7D%0A%20%20%20%20%20%20%20%20%7D%0A%20%20%20%20 HTTP/1.1" 200 953
[2025-01-19 22:02:24,215] INFO [django.server:213] "GET /a HTTP/1.1" 200 11786
[2025-01-19 22:02:24,388] INFO [django.server:213] "GET /graphql/?query=%0A%20%20%20%20%20%20query%20%7B%0A%20%20%20%20%20%20%20%20myAttendance%20%7B%0A%20%20%20%20%20%20%20%20%20%20date%0A%20%20%20%20%20%20%20%20%20%20status%0A%20%20%20%20%20%20%20%20%7D%0A%20%20%20%20%20%20%7D%0A%20%20%20%20 HTTP/1.1" 200 165
[2025-01-19 22:02:30,990] INFO [django.server:213] "GET /a HTTP/1.1" 200 11786
[2025-01-19 22:02:31,124] INFO [django.server:213] "GET /graphql/?query=%0A%20%20%20%20%20%20query%20%7B%0A%20%20%20%20%20%20%20%20myAttendance%20%7B%0A%20%20%20%20%20%20%20%20%20%20date%0A%20%20%20%20%20%20%20%20%20%20status%0A%20%20%20%20%20%20%20%20%7D%0A%20%20%20%20%20%20%7D%0A%20%20%20%20 HTTP/1.1" 200 165
[2025-01-19 22:02:40,105] INFO [django.server:213] "GET /a HTTP/1.1" 200 11786
[2025-01-19 22:02:40,231] INFO [django.server:213] "GET /graphql/?query=%0A%20%20%20%20%20%20query%20%7B%0A%20%20%20%20%20%20%20%20myAttendance%20%7B%0A%20%20%20%20%20%20%20%20%20%20date%0A%20%20%20%20%20%20%20%20%20%20status%0A%20%20%20%20%20%20%20%20%7D%0A%20%20%20%20%20%20%7D%0A%20%20%20%20 HTTP/1.1" 200 165
[2025-01-19 22:02:43,914] INFO [django.server:213] "GET /de HTTP/1.1" 200 10711
[2025-01-19 22:02:44,030] INFO [django.server:213] "GET /graphql/?query=%0A%20%20%20%20%20%20%20%20%20%20%20%20%20%20%20%20query%7B%0A%20%20%20%20%20%20%20%20%20%20%20%20%20%20%20%20allRole%7B%0A%20%20%20%20%20%20%20%20%20%20%20%20%20%20%20%20id%0A%20%20%20%20%20%20%20%20%20%20%20%20%20%20%20%20name%0A%20%20%20%20%20%20%20%20%20%20%20%20%20%20%20%20description%0A%20%20%20%20%20%20%20%20%20%20%20%20%20%20%20%20%7D%0A%20%20%20%20%20%20%20%20%20%20%20%20%20%20%20%20%7D%0A%20%20%20%20%20%20%20%20%20%20%20%20 HTTP/1.1" 200 230
[2025-01-19 22:03:00,286] INFO [django.server:213] "GET /de HTTP/1.1" 302 0
[2025-01-19 22:03:00,297] INFO [django.server:213] "GET /l HTTP/1.1" 200 9208
[2025-01-19 22:03:07,154] INFO [django.server:213] "GET /l HTTP/1.1" 200 9208
[2025-01-19 22:03:21,306] INFO [django.utils.autoreload:266] C:\Users\DEV-018\Desktop\sakib\backend\GraphQL\Employee-management-project\EmployeeManagement\settings.py changed, reloading.
[2025-01-19 22:03:22,049] INFO [django.utils.autoreload:668] Watching for file changes with StatReloader
[2025-01-19 22:03:22,937] INFO [django.server:213] "GET /l HTTP/1.1" 200 9208
[2025-01-19 22:03:32,049] INFO [django.server:213] "GET /l HTTP/1.1" 200 9208
[2025-01-19 22:03:45,487] INFO [django.server:213] "POST /graphql/ HTTP/1.1" 200 368
[2025-01-19 22:03:45,520] INFO [django.server:213] "GET /d HTTP/1.1" 200 9243
[2025-01-19 22:03:45,616] INFO [django.server:213] "GET /graphql/?query=%0A%20%20%20%20%20%20%20%20query%20%7B%0A%20%20%20%20%20%20%20%20%20%20%20%20allEmployee%20%7B%0A%20%20%20%20%20%20%20%20%20%20%20%20%20%20%20%20id%0A%20%20%20%20%20%20%20%20%20%20%20%20%20%20%20%20employeeId%0A%20%20%20%20%20%20%20%20%20%20%20%20%20%20%20%20address%0A%20%20%20%20%20%20%20%20%20%20%20%20%20%20%20%20user%20%7B%0A%20%20%20%20%20%20%20%20%20%20%20%20%20%20%20%20%20%20%20%20id%0A%20%20%20%20%20%20%20%20%20%20%20%20%20%20%20%20%20%20%20%20username%0A%20%20%20%20%20%20%20%20%20%20%20%20%20%20%20%20%20%20%20%20role%7B%0A%20%20%20%20%20%20%20%20%20%20%20%20%20%20%20%20%20%20%20%20name%0A%20%20%20%20%20%20%20%20%20%20%20%20%20%20%20%20%20%20%20%20%7D%0A%20%20%20%20%20%20%20%20%20%20%20%20%20%20%20%20%7D%0A%20%20%20%20%20%20%20%20%20%20%20%20%20%20%20%20department%20%7B%0A%20%20%20%20%20%20%20%20%20%20%20%20%20%20%20%20%20%20%20%20name%0A%20%20%20%20%20%20%20%20%20%20%20%20%20%20%20%20%7D%0A%20%20%20%20%20%20%20%20%20%20%20%20%7D%0A%20%20%20%20%20%20%20%20%7D%0A%20%20%20%20 HTTP/1.1" 200 953
[2025-01-19 22:03:51,590] INFO [django.server:213] "GET /ec HTTP/1.1" 200 16783
[2025-01-19 22:03:51,688] INFO [django.server:213] "GET /graphql/?query=query%20%7B%20allUserData%20%7Bid%20email%20%7D%20%7D HTTP/1.1" 200 296
[2025-01-19 22:03:51,688] INFO [django.server:213] "GET /graphql/?query=query%20%7B%20allDepartment%20%7B%20id%20name%20%7D%20%7D HTTP/1.1" 200 158
[2025-01-19 22:04:30,793] INFO [django.server:213] "GET /de HTTP/1.1" 302 0
[2025-01-19 22:04:30,800] INFO [django.server:213] "GET /l HTTP/1.1" 200 9208
[2025-01-19 22:04:35,441] INFO [django.server:213] "GET /l HTTP/1.1" 200 9208
[2025-01-19 22:04:56,720] INFO [django.server:213] "GET /l HTTP/1.1" 200 9208
[2025-01-19 22:15:22,271] INFO [django.server:213] "GET /l HTTP/1.1" 200 9208
[2025-01-19 22:15:31,402] INFO [django.server:213] "POST /graphql/ HTTP/1.1" 200 368
[2025-01-19 22:15:31,438] INFO [django.server:213] "GET /d HTTP/1.1" 200 9243
[2025-01-19 22:15:31,529] INFO [django.server:213] "GET /graphql/?query=%0A%20%20%20%20%20%20%20%20query%20%7B%0A%20%20%20%20%20%20%20%20%20%20%20%20allEmployee%20%7B%0A%20%20%20%20%20%20%20%20%20%20%20%20%20%20%20%20id%0A%20%20%20%20%20%20%20%20%20%20%20%20%20%20%20%20employeeId%0A%20%20%20%20%20%20%20%20%20%20%20%20%20%20%20%20address%0A%20%20%20%20%20%20%20%20%20%20%20%20%20%20%20%20user%20%7B%0A%20%20%20%20%20%20%20%20%20%20%20%20%20%20%20%20%20%20%20%20id%0A%20%20%20%20%20%20%20%20%20%20%20%20%20%20%20%20%20%20%20%20username%0A%20%20%20%20%20%20%20%20%20%20%20%20%20%20%20%20%20%20%20%20role%7B%0A%20%20%20%20%20%20%20%20%20%20%20%20%20%20%20%20%20%20%20%20name%0A%20%20%20%20%20%20%20%20%20%20%20%20%20%20%20%20%20%20%20%20%7D%0A%20%20%20%20%20%20%20%20%20%20%20%20%20%20%20%20%7D%0A%20%20%20%20%20%20%20%20%20%20%20%20%20%20%20%20department%20%7B%0A%20%20%20%20%20%20%20%20%20%20%20%20%20%20%20%20%20%20%20%20name%0A%20%20%20%20%20%20%20%20%20%20%20%20%20%20%20%20%7D%0A%20%20%20%20%20%20%20%20%20%20%20%20%7D%0A%20%20%20%20%20%20%20%20%7D%0A%20%20%20%20 HTTP/1.1" 200 953
[2025-01-19 22:16:23,460] INFO [django.server:213] "GET /le HTTP/1.1" 302 0
[2025-01-19 22:16:23,468] INFO [django.server:213] "GET /l HTTP/1.1" 200 9208
[2025-01-19 22:16:32,898] INFO [django.server:213] "POST /graphql/ HTTP/1.1" 200 133
[2025-01-19 22:16:36,747] INFO [django.server:213] "GET /l HTTP/1.1" 200 9208
[2025-01-19 22:16:46,176] INFO [django.server:213] "POST /graphql/ HTTP/1.1" 200 368
[2025-01-19 22:16:46,215] INFO [django.server:213] "GET /d HTTP/1.1" 200 9243
[2025-01-19 22:16:46,310] INFO [django.server:213] "GET /graphql/?query=%0A%20%20%20%20%20%20%20%20query%20%7B%0A%20%20%20%20%20%20%20%20%20%20%20%20allEmployee%20%7B%0A%20%20%20%20%20%20%20%20%20%20%20%20%20%20%20%20id%0A%20%20%20%20%20%20%20%20%20%20%20%20%20%20%20%20employeeId%0A%20%20%20%20%20%20%20%20%20%20%20%20%20%20%20%20address%0A%20%20%20%20%20%20%20%20%20%20%20%20%20%20%20%20user%20%7B%0A%20%20%20%20%20%20%20%20%20%20%20%20%20%20%20%20%20%20%20%20id%0A%20%20%20%20%20%20%20%20%20%20%20%20%20%20%20%20%20%20%20%20username%0A%20%20%20%20%20%20%20%20%20%20%20%20%20%20%20%20%20%20%20%20role%7B%0A%20%20%20%20%20%20%20%20%20%20%20%20%20%20%20%20%20%20%20%20name%0A%20%20%20%20%20%20%20%20%20%20%20%20%20%20%20%20%20%20%20%20%7D%0A%20%20%20%20%20%20%20%20%20%20%20%20%20%20%20%20%7D%0A%20%20%20%20%20%20%20%20%20%20%20%20%20%20%20%20department%20%7B%0A%20%20%20%20%20%20%20%20%20%20%20%20%20%20%20%20%20%20%20%20name%0A%20%20%20%20%20%20%20%20%20%20%20%20%20%20%20%20%7D%0A%20%20%20%20%20%20%20%20%20%20%20%20%7D%0A%20%20%20%20%20%20%20%20%7D%0A%20%20%20%20 HTTP/1.1" 200 953
[2025-01-19 22:16:47,876] INFO [django.server:213] "GET /le HTTP/1.1" 200 12125
[2025-01-19 22:16:47,969] INFO [django.server:213] "GET /graphql/?query=%0A%20%20%20%20%20%20%20%20%20%20%20%20%20%20%20%20query%7B%0A%20%20%20%20%20%20%20%20%20%20%20%20%20%20%20%20allLeave%7B%0A%20%20%20%20%20%20%20%20%20%20%20%20%20%20%20%20%20%20%20%20id%0A%20%20%20%20%20%20%20%20%20%20%20%20%20%20%20%20%20%20%20%20employee%7B%0A%20%20%20%20%20%20%20%20%20%20%20%20%20%20%20%20%20%20%20%20user%7B%0A%20%20%20%20%20%20%20%20%20%20%20%20%20%20%20%20%20%20%20%20%20%20%20%20username%0A%20%20%20%20%20%20%20%20%20%20%20%20%20%20%20%20%20%20%20%20%7D%0A%20%20%20%20%20%20%20%20%20%20%20%20%20%20%20%20%20%20%20%20%7D%0A%20%20%20%20%20%20%20%20%20%20%20%20%20%20%20%20%20%20%20%20status%0A%20%20%20%20%20%20%20%20%20%20%20%20%20%20%20%20%20%20%20%20startDate%0A%20%20%20%20%20%20%20%20%20%20%20%20%20%20%20%20%20%20%20%20endDate%0A%20%20%20%20%20%20%20%20%20%20%20%20%20%20%20%20%7D%0A%20%20%20%20%20%20%20%20%20%20%20%20%20%20%20%20%7D%0A%20%20%20%20%20%20%20%20%20%20%20%20 HTTP/1.1" 200 263
[2025-01-19 22:17:01,255] INFO [django.server:213] "GET /le? HTTP/1.1" 200 12125
[2025-01-19 22:17:01,344] INFO [django.server:213] "GET /graphql/?query=%0A%20%20%20%20%20%20%20%20%20%20%20%20%20%20%20%20query%7B%0A%20%20%20%20%20%20%20%20%20%20%20%20%20%20%20%20allLeave%7B%0A%20%20%20%20%20%20%20%20%20%20%20%20%20%20%20%20%20%20%20%20id%0A%20%20%20%20%20%20%20%20%20%20%20%20%20%20%20%20%20%20%20%20employee%7B%0A%20%20%20%20%20%20%20%20%20%20%20%20%20%20%20%20%20%20%20%20user%7B%0A%20%20%20%20%20%20%20%20%20%20%20%20%20%20%20%20%20%20%20%20%20%20%20%20username%0A%20%20%20%20%20%20%20%20%20%20%20%20%20%20%20%20%20%20%20%20%7D%0A%20%20%20%20%20%20%20%20%20%20%20%20%20%20%20%20%20%20%20%20%7D%0A%20%20%20%20%20%20%20%20%20%20%20%20%20%20%20%20%20%20%20%20status%0A%20%20%20%20%20%20%20%20%20%20%20%20%20%20%20%20%20%20%20%20startDate%0A%20%20%20%20%20%20%20%20%20%20%20%20%20%20%20%20%20%20%20%20endDate%0A%20%20%20%20%20%20%20%20%20%20%20%20%20%20%20%20%7D%0A%20%20%20%20%20%20%20%20%20%20%20%20%20%20%20%20%7D%0A%20%20%20%20%20%20%20%20%20%20%20%20 HTTP/1.1" 200 263
[2025-01-19 22:17:05,508] INFO [django.server:213] "GET /le? HTTP/1.1" 200 12125
[2025-01-19 22:17:05,584] INFO [django.server:213] "GET /graphql/?query=%0A%20%20%20%20%20%20%20%20%20%20%20%20%20%20%20%20query%7B%0A%20%20%20%20%20%20%20%20%20%20%20%20%20%20%20%20allLeave%7B%0A%20%20%20%20%20%20%20%20%20%20%20%20%20%20%20%20%20%20%20%20id%0A%20%20%20%20%20%20%20%20%20%20%20%20%20%20%20%20%20%20%20%20employee%7B%0A%20%20%20%20%20%20%20%20%20%20%20%20%20%20%20%20%20%20%20%20user%7B%0A%20%20%20%20%20%20%20%20%20%20%20%20%20%20%20%20%20%20%20%20%20%20%20%20username%0A%20%20%20%20%20%20%20%20%20%20%20%20%20%20%20%20%20%20%20%20%7D%0A%20%20%20%20%20%20%20%20%20%20%20%20%20%20%20%20%20%20%20%20%7D%0A%20%20%20%20%20%20%20%20%20%20%20%20%20%20%20%20%20%20%20%20status%0A%20%20%20%20%20%20%20%20%20%20%20%20%20%20%20%20%20%20%20%20startDate%0A%20%20%20%20%20%20%20%20%20%20%20%20%20%20%20%20%20%20%20%20endDate%0A%20%20%20%20%20%20%20%20%20%20%20%20%20%20%20%20%7D%0A%20%20%20%20%20%20%20%20%20%20%20%20%20%20%20%20%7D%0A%20%20%20%20%20%20%20%20%20%20%20%20 HTTP/1.1" 200 263
[2025-01-19 22:17:23,728] INFO [django.utils.autoreload:266] C:\Users\DEV-018\Desktop\sakib\backend\GraphQL\Employee-management-project\Employee\schema_employee.py changed, reloading.
[2025-01-19 22:17:24,613] INFO [django.utils.autoreload:668] Watching for file changes with StatReloader
[2025-01-19 22:17:25,260] INFO [django.server:213] "GET /le? HTTP/1.1" 200 12208
[2025-01-19 22:17:25,340] INFO [django.server:213] "GET /graphql/?query=%0A%20%20%20%20%20%20%20%20%20%20%20%20%20%20%20%20query%7B%0A%20%20%20%20%20%20%20%20%20%20%20%20%20%20%20%20allLeave%7B%0A%20%20%20%20%20%20%20%20%20%20%20%20%20%20%20%20%20%20%20%20id%0A%20%20%20%20%20%20%20%20%20%20%20%20%20%20%20%20%20%20%20%20employee%7B%0A%20%20%20%20%20%20%20%20%20%20%20%20%20%20%20%20%20%20%20%20user%7B%0A%20%20%20%20%20%20%20%20%20%20%20%20%20%20%20%20%20%20%20%20%20%20%20%20username%0A%20%20%20%20%20%20%20%20%20%20%20%20%20%20%20%20%20%20%20%20%7D%0A%20%20%20%20%20%20%20%20%20%20%20%20%20%20%20%20%20%20%20%20%7D%0A%20%20%20%20%20%20%20%20%20%20%20%20%20%20%20%20%20%20%20%20status%0A%20%20%20%20%20%20%20%20%20%20%20%20%20%20%20%20%20%20%20%20startDate%0A%20%20%20%20%20%20%20%20%20%20%20%20%20%20%20%20%20%20%20%20endDate%0A%20%20%20%20%20%20%20%20%20%20%20%20%20%20%20%20%7D%0A%20%20%20%20%20%20%20%20%20%20%20%20%20%20%20%20%7D%0A%20%20%20%20%20%20%20%20%20%20%20%20 HTTP/1.1" 200 263
[2025-01-19 22:17:40,995] INFO [django.server:213] "GET /d HTTP/1.1" 302 0
[2025-01-19 22:17:41,008] INFO [django.server:213] "GET /l HTTP/1.1" 200 9208
[2025-01-19 22:17:51,771] INFO [django.server:213] "POST /graphql/ HTTP/1.1" 200 368
[2025-01-19 22:17:51,804] INFO [django.server:213] "GET /d HTTP/1.1" 200 9243
[2025-01-19 22:17:51,906] INFO [django.server:213] "GET /graphql/?query=%0A%20%20%20%20%20%20%20%20query%20%7B%0A%20%20%20%20%20%20%20%20%20%20%20%20allEmployee%20%7B%0A%20%20%20%20%20%20%20%20%20%20%20%20%20%20%20%20id%0A%20%20%20%20%20%20%20%20%20%20%20%20%20%20%20%20employeeId%0A%20%20%20%20%20%20%20%20%20%20%20%20%20%20%20%20address%0A%20%20%20%20%20%20%20%20%20%20%20%20%20%20%20%20user%20%7B%0A%20%20%20%20%20%20%20%20%20%20%20%20%20%20%20%20%20%20%20%20id%0A%20%20%20%20%20%20%20%20%20%20%20%20%20%20%20%20%20%20%20%20username%0A%20%20%20%20%20%20%20%20%20%20%20%20%20%20%20%20%20%20%20%20role%7B%0A%20%20%20%20%20%20%20%20%20%20%20%20%20%20%20%20%20%20%20%20name%0A%20%20%20%20%20%20%20%20%20%20%20%20%20%20%20%20%20%20%20%20%7D%0A%20%20%20%20%20%20%20%20%20%20%20%20%20%20%20%20%7D%0A%20%20%20%20%20%20%20%20%20%20%20%20%20%20%20%20department%20%7B%0A%20%20%20%20%20%20%20%20%20%20%20%20%20%20%20%20%20%20%20%20name%0A%20%20%20%20%20%20%20%20%20%20%20%20%20%20%20%20%7D%0A%20%20%20%20%20%20%20%20%20%20%20%20%7D%0A%20%20%20%20%20%20%20%20%7D%0A%20%20%20%20 HTTP/1.1" 200 953
[2025-01-19 22:18:22,604] INFO [django.server:213] "GET /a HTTP/1.1" 302 0
[2025-01-19 22:18:22,610] INFO [django.server:213] "GET /l HTTP/1.1" 200 9208
[2025-01-19 22:18:42,567] INFO [django.server:213] "POST /graphql/ HTTP/1.1" 200 368
[2025-01-19 22:18:42,588] INFO [django.server:213] "GET /d HTTP/1.1" 200 9243
[2025-01-19 22:18:42,687] INFO [django.server:213] "GET /graphql/?query=%0A%20%20%20%20%20%20%20%20query%20%7B%0A%20%20%20%20%20%20%20%20%20%20%20%20allEmployee%20%7B%0A%20%20%20%20%20%20%20%20%20%20%20%20%20%20%20%20id%0A%20%20%20%20%20%20%20%20%20%20%20%20%20%20%20%20employeeId%0A%20%20%20%20%20%20%20%20%20%20%20%20%20%20%20%20address%0A%20%20%20%20%20%20%20%20%20%20%20%20%20%20%20%20user%20%7B%0A%20%20%20%20%20%20%20%20%20%20%20%20%20%20%20%20%20%20%20%20id%0A%20%20%20%20%20%20%20%20%20%20%20%20%20%20%20%20%20%20%20%20username%0A%20%20%20%20%20%20%20%20%20%20%20%20%20%20%20%20%20%20%20%20role%7B%0A%20%20%20%20%20%20%20%20%20%20%20%20%20%20%20%20%20%20%20%20name%0A%20%20%20%20%20%20%20%20%20%20%20%20%20%20%20%20%20%20%20%20%7D%0A%20%20%20%20%20%20%20%20%20%20%20%20%20%20%20%20%7D%0A%20%20%20%20%20%20%20%20%20%20%20%20%20%20%20%20department%20%7B%0A%20%20%20%20%20%20%20%20%20%20%20%20%20%20%20%20%20%20%20%20name%0A%20%20%20%20%20%20%20%20%20%20%20%20%20%20%20%20%7D%0A%20%20%20%20%20%20%20%20%20%20%20%20%7D%0A%20%20%20%20%20%20%20%20%7D%0A%20%20%20%20 HTTP/1.1" 200 953
[2025-01-19 22:19:07,036] INFO [django.server:213] "GET /admin/User/customuser/ HTTP/1.1" 302 0
[2025-01-19 22:19:07,051] INFO [django.server:213] "GET /l HTTP/1.1" 200 9125
[2025-01-19 22:19:07,144] INFO [django.server:213] "GET /static/css/registration.css HTTP/1.1" 200 16995
[2025-01-19 22:19:12,933] INFO [django.server:213] "GET /admin/ HTTP/1.1" 302 0
[2025-01-19 22:19:12,945] INFO [django.server:213] "GET /l HTTP/1.1" 200 9125
[2025-01-19 22:19:18,083] INFO [django.server:213] "GET /admin/ HTTP/1.1" 302 0
[2025-01-19 22:19:18,093] INFO [django.server:213] "GET /l HTTP/1.1" 200 9125
[2025-01-19 22:19:38,641] INFO [django.server:213] "GET /admin/ HTTP/1.1" 302 0
[2025-01-19 22:19:38,651] INFO [django.server:213] "GET /l HTTP/1.1" 200 9125
[2025-01-19 22:19:48,186] INFO [django.utils.autoreload:266] C:\Users\DEV-018\Desktop\sakib\backend\GraphQL\Employee-management-project\EmployeeManagement\settings.py changed, reloading.
[2025-01-19 22:19:48,966] INFO [django.utils.autoreload:668] Watching for file changes with StatReloader
[2025-01-19 22:19:49,952] INFO [django.server:213] "GET /l HTTP/1.1" 200 9125
[2025-01-19 22:19:52,375] INFO [django.server:213] "GET /admin/ HTTP/1.1" 302 0
[2025-01-19 22:19:52,383] INFO [django.server:213] "GET /l HTTP/1.1" 200 9125
[2025-01-19 22:20:06,213] INFO [django.server:213] "GET /admin/ HTTP/1.1" 302 0
[2025-01-19 22:20:06,220] INFO [django.server:213] "GET /l HTTP/1.1" 200 9125
[2025-01-19 22:21:09,801] INFO [django.utils.autoreload:266] C:\Users\DEV-018\Desktop\sakib\backend\GraphQL\Employee-management-project\EmployeeManagement\settings.py changed, reloading.
[2025-01-19 22:21:10,460] INFO [django.utils.autoreload:668] Watching for file changes with StatReloader
[2025-01-19 22:21:12,816] INFO [django.utils.autoreload:266] C:\Users\DEV-018\Desktop\sakib\backend\GraphQL\Employee-management-project\EmployeeManagement\settings.py changed, reloading.
[2025-01-19 22:21:13,465] INFO [django.utils.autoreload:668] Watching for file changes with StatReloader
[2025-01-19 22:21:15,839] INFO [django.utils.autoreload:266] C:\Users\DEV-018\Desktop\sakib\backend\GraphQL\Employee-management-project\EmployeeManagement\settings.py changed, reloading.
[2025-01-19 22:21:16,480] INFO [django.utils.autoreload:668] Watching for file changes with StatReloader
[2025-01-19 22:21:19,856] INFO [django.utils.autoreload:266] C:\Users\DEV-018\Desktop\sakib\backend\GraphQL\Employee-management-project\EmployeeManagement\settings.py changed, reloading.
[2025-01-19 22:21:20,585] INFO [django.utils.autoreload:668] Watching for file changes with StatReloader
[2025-01-19 22:21:33,005] INFO [django.server:213] "GET /d HTTP/1.1" 200 7854
[2025-01-19 22:21:33,108] INFO [django.server:213] "GET /graphql/?query=%0A%20%20%20%20%20%20%20%20query%20%7B%0A%20%20%20%20%20%20%20%20%20%20%20%20allEmployee%20%7B%0A%20%20%20%20%20%20%20%20%20%20%20%20%20%20%20%20id%0A%20%20%20%20%20%20%20%20%20%20%20%20%20%20%20%20employeeId%0A%20%20%20%20%20%20%20%20%20%20%20%20%20%20%20%20address%0A%20%20%20%20%20%20%20%20%20%20%20%20%20%20%20%20user%20%7B%0A%20%20%20%20%20%20%20%20%20%20%20%20%20%20%20%20%20%20%20%20id%0A%20%20%20%20%20%20%20%20%20%20%20%20%20%20%20%20%20%20%20%20username%0A%20%20%20%20%20%20%20%20%20%20%20%20%20%20%20%20%20%20%20%20role%7B%0A%20%20%20%20%20%20%20%20%20%20%20%20%20%20%20%20%20%20%20%20name%0A%20%20%20%20%20%20%20%20%20%20%20%20%20%20%20%20%20%20%20%20%7D%0A%20%20%20%20%20%20%20%20%20%20%20%20%20%20%20%20%7D%0A%20%20%20%20%20%20%20%20%20%20%20%20%20%20%20%20department%20%7B%0A%20%20%20%20%20%20%20%20%20%20%20%20%20%20%20%20%20%20%20%20name%0A%20%20%20%20%20%20%20%20%20%20%20%20%20%20%20%20%7D%0A%20%20%20%20%20%20%20%20%20%20%20%20%7D%0A%20%20%20%20%20%20%20%20%7D%0A%20%20%20%20 HTTP/1.1" 200 953
[2025-01-19 22:21:36,066] INFO [django.server:213] "GET /l HTTP/1.1" 200 9208
[2025-01-19 22:21:43,403] INFO [django.server:213] "POST /graphql/ HTTP/1.1" 200 368
[2025-01-19 22:21:43,421] INFO [django.server:213] "GET /d HTTP/1.1" 200 7854
[2025-01-19 22:21:43,506] INFO [django.server:213] "GET /graphql/?query=%0A%20%20%20%20%20%20%20%20query%20%7B%0A%20%20%20%20%20%20%20%20%20%20%20%20allEmployee%20%7B%0A%20%20%20%20%20%20%20%20%20%20%20%20%20%20%20%20id%0A%20%20%20%20%20%20%20%20%20%20%20%20%20%20%20%20employeeId%0A%20%20%20%20%20%20%20%20%20%20%20%20%20%20%20%20address%0A%20%20%20%20%20%20%20%20%20%20%20%20%20%20%20%20user%20%7B%0A%20%20%20%20%20%20%20%20%20%20%20%20%20%20%20%20%20%20%20%20id%0A%20%20%20%20%20%20%20%20%20%20%20%20%20%20%20%20%20%20%20%20username%0A%20%20%20%20%20%20%20%20%20%20%20%20%20%20%20%20%20%20%20%20role%7B%0A%20%20%20%20%20%20%20%20%20%20%20%20%20%20%20%20%20%20%20%20name%0A%20%20%20%20%20%20%20%20%20%20%20%20%20%20%20%20%20%20%20%20%7D%0A%20%20%20%20%20%20%20%20%20%20%20%20%20%20%20%20%7D%0A%20%20%20%20%20%20%20%20%20%20%20%20%20%20%20%20department%20%7B%0A%20%20%20%20%20%20%20%20%20%20%20%20%20%20%20%20%20%20%20%20name%0A%20%20%20%20%20%20%20%20%20%20%20%20%20%20%20%20%7D%0A%20%20%20%20%20%20%20%20%20%20%20%20%7D%0A%20%20%20%20%20%20%20%20%7D%0A%20%20%20%20 HTTP/1.1" 200 953
[2025-01-19 22:22:07,432] INFO [django.utils.autoreload:266] C:\Users\DEV-018\Desktop\sakib\backend\GraphQL\Employee-management-project\EmployeeManagement\settings.py changed, reloading.
[2025-01-19 22:22:08,063] INFO [django.utils.autoreload:668] Watching for file changes with StatReloader
[2025-01-19 22:22:12,500] INFO [django.utils.autoreload:266] C:\Users\DEV-018\Desktop\sakib\backend\GraphQL\Employee-management-project\EmployeeManagement\settings.py changed, reloading.
[2025-01-19 22:22:13,133] INFO [django.utils.autoreload:668] Watching for file changes with StatReloader
[2025-01-19 22:22:15,522] INFO [django.utils.autoreload:266] C:\Users\DEV-018\Desktop\sakib\backend\GraphQL\Employee-management-project\EmployeeManagement\settings.py changed, reloading.
[2025-01-19 22:22:16,196] INFO [django.utils.autoreload:668] Watching for file changes with StatReloader
[2025-01-19 22:22:20,645] INFO [django.utils.autoreload:266] C:\Users\DEV-018\Desktop\sakib\backend\GraphQL\Employee-management-project\EmployeeManagement\settings.py changed, reloading.
[2025-01-19 22:22:21,330] INFO [django.utils.autoreload:668] Watching for file changes with StatReloader
[2025-01-19 22:22:22,938] INFO [django.server:213] "GET /d HTTP/1.1" 302 0
[2025-01-19 22:22:22,951] INFO [django.server:213] "GET /l HTTP/1.1" 200 9208
[2025-01-19 22:22:31,504] INFO [django.server:213] "POST /graphql/ HTTP/1.1" 200 368
[2025-01-19 22:22:31,533] INFO [django.server:213] "GET /d HTTP/1.1" 200 9241
[2025-01-19 22:22:31,628] INFO [django.server:213] "GET /graphql/?query=%0A%20%20%20%20%20%20%20%20query%20%7B%0A%20%20%20%20%20%20%20%20%20%20%20%20allEmployee%20%7B%0A%20%20%20%20%20%20%20%20%20%20%20%20%20%20%20%20id%0A%20%20%20%20%20%20%20%20%20%20%20%20%20%20%20%20employeeId%0A%20%20%20%20%20%20%20%20%20%20%20%20%20%20%20%20address%0A%20%20%20%20%20%20%20%20%20%20%20%20%20%20%20%20user%20%7B%0A%20%20%20%20%20%20%20%20%20%20%20%20%20%20%20%20%20%20%20%20id%0A%20%20%20%20%20%20%20%20%20%20%20%20%20%20%20%20%20%20%20%20username%0A%20%20%20%20%20%20%20%20%20%20%20%20%20%20%20%20%20%20%20%20role%7B%0A%20%20%20%20%20%20%20%20%20%20%20%20%20%20%20%20%20%20%20%20name%0A%20%20%20%20%20%20%20%20%20%20%20%20%20%20%20%20%20%20%20%20%7D%0A%20%20%20%20%20%20%20%20%20%20%20%20%20%20%20%20%7D%0A%20%20%20%20%20%20%20%20%20%20%20%20%20%20%20%20department%20%7B%0A%20%20%20%20%20%20%20%20%20%20%20%20%20%20%20%20%20%20%20%20name%0A%20%20%20%20%20%20%20%20%20%20%20%20%20%20%20%20%7D%0A%20%20%20%20%20%20%20%20%20%20%20%20%7D%0A%20%20%20%20%20%20%20%20%7D%0A%20%20%20%20 HTTP/1.1" 200 953
[2025-01-19 22:23:02,200] INFO [django.utils.autoreload:266] C:\Users\DEV-018\Desktop\sakib\backend\GraphQL\Employee-management-project\User\middleware2.py changed, reloading.
[2025-01-19 22:23:02,848] INFO [django.utils.autoreload:668] Watching for file changes with StatReloader
[2025-01-19 22:23:06,932] INFO [django.server:213] "GET /l HTTP/1.1" 200 9125
[2025-01-19 22:23:19,869] INFO [django.server:213] "GET /admin/ HTTP/1.1" 302 0
[2025-01-19 22:23:19,879] INFO [django.server:213] "GET /l HTTP/1.1" 200 9125
[2025-01-19 22:23:50,268] INFO [django.utils.autoreload:266] C:\Users\DEV-018\Desktop\sakib\backend\GraphQL\Employee-management-project\User\middleware2.py changed, reloading.
[2025-01-19 22:23:50,905] INFO [django.utils.autoreload:668] Watching for file changes with StatReloader
[2025-01-19 22:23:53,300] INFO [django.utils.autoreload:266] C:\Users\DEV-018\Desktop\sakib\backend\GraphQL\Employee-management-project\User\middleware2.py changed, reloading.
[2025-01-19 22:23:54,012] INFO [django.utils.autoreload:668] Watching for file changes with StatReloader
[2025-01-19 22:23:56,747] INFO [django.server:213] "GET /l HTTP/1.1" 200 9125
[2025-01-19 22:23:59,406] INFO [django.server:213] "GET /admin/ HTTP/1.1" 302 0
[2025-01-19 22:23:59,429] INFO [django.server:213] "GET /l HTTP/1.1" 200 9125
[2025-01-19 22:28:50,251] INFO [django.utils.autoreload:266] C:\Users\DEV-018\Desktop\sakib\backend\GraphQL\Employee-management-project\EmployeeManagement\settings.py changed, reloading.
[2025-01-19 22:28:50,968] INFO [django.utils.autoreload:668] Watching for file changes with StatReloader
[2025-01-19 22:28:53,347] INFO [django.utils.autoreload:266] C:\Users\DEV-018\Desktop\sakib\backend\GraphQL\Employee-management-project\EmployeeManagement\settings.py changed, reloading.
[2025-01-19 22:28:54,114] INFO [django.utils.autoreload:668] Watching for file changes with StatReloader
[2025-01-19 22:29:02,017] INFO [django.server:213] "GET /l HTTP/1.1" 302 0
[2025-01-19 22:29:02,020] INFO [django.server:213] "GET /l HTTP/1.1" 302 0
[2025-01-19 22:29:02,027] INFO [django.server:213] "GET /l HTTP/1.1" 302 0
[2025-01-19 22:29:02,031] INFO [django.server:213] "GET /l HTTP/1.1" 302 0
[2025-01-19 22:29:02,034] INFO [django.server:213] "GET /l HTTP/1.1" 302 0
[2025-01-19 22:29:02,036] INFO [django.server:213] "GET /l HTTP/1.1" 302 0
[2025-01-19 22:29:02,038] INFO [django.server:213] "GET /l HTTP/1.1" 302 0
[2025-01-19 22:29:02,039] INFO [django.server:213] "GET /l HTTP/1.1" 302 0
[2025-01-19 22:29:02,041] INFO [django.server:213] "GET /l HTTP/1.1" 302 0
[2025-01-19 22:29:02,042] INFO [django.server:213] "GET /l HTTP/1.1" 302 0
[2025-01-19 22:29:02,047] INFO [django.server:213] "GET /l HTTP/1.1" 302 0
[2025-01-19 22:29:02,049] INFO [django.server:213] "GET /l HTTP/1.1" 302 0
[2025-01-19 22:29:02,051] INFO [django.server:213] "GET /l HTTP/1.1" 302 0
[2025-01-19 22:29:02,052] INFO [django.server:213] "GET /l HTTP/1.1" 302 0
[2025-01-19 22:29:02,053] INFO [django.server:213] "GET /l HTTP/1.1" 302 0
[2025-01-19 22:29:02,055] INFO [django.server:213] "GET /l HTTP/1.1" 302 0
[2025-01-19 22:29:02,057] INFO [django.server:213] "GET /l HTTP/1.1" 302 0
[2025-01-19 22:29:02,059] INFO [django.server:213] "GET /l HTTP/1.1" 302 0
[2025-01-19 22:29:02,063] INFO [django.server:213] "GET /l HTTP/1.1" 302 0
[2025-01-19 22:29:02,065] INFO [django.server:213] "GET /l HTTP/1.1" 302 0
[2025-01-19 22:29:03,090] INFO [django.server:213] "GET /l HTTP/1.1" 302 0
[2025-01-19 22:29:03,102] INFO [django.server:213] "GET /l HTTP/1.1" 302 0
[2025-01-19 22:29:03,106] INFO [django.server:213] "GET /l HTTP/1.1" 302 0
[2025-01-19 22:29:03,111] INFO [django.server:213] "GET /l HTTP/1.1" 302 0
[2025-01-19 22:29:03,115] INFO [django.server:213] "GET /l HTTP/1.1" 302 0
[2025-01-19 22:29:03,118] INFO [django.server:213] "GET /l HTTP/1.1" 302 0
[2025-01-19 22:29:03,120] INFO [django.server:213] "GET /l HTTP/1.1" 302 0
[2025-01-19 22:29:03,121] INFO [django.server:213] "GET /l HTTP/1.1" 302 0
[2025-01-19 22:29:03,123] INFO [django.server:213] "GET /l HTTP/1.1" 302 0
[2025-01-19 22:29:03,124] INFO [django.server:213] "GET /l HTTP/1.1" 302 0
[2025-01-19 22:29:03,128] INFO [django.server:213] "GET /l HTTP/1.1" 302 0
[2025-01-19 22:29:03,131] INFO [django.server:213] "GET /l HTTP/1.1" 302 0
[2025-01-19 22:29:03,134] INFO [django.server:213] "GET /l HTTP/1.1" 302 0
[2025-01-19 22:29:03,136] INFO [django.server:213] "GET /l HTTP/1.1" 302 0
[2025-01-19 22:29:03,138] INFO [django.server:213] "GET /l HTTP/1.1" 302 0
[2025-01-19 22:29:03,141] INFO [django.server:213] "GET /l HTTP/1.1" 302 0
[2025-01-19 22:29:03,144] INFO [django.server:213] "GET /l HTTP/1.1" 302 0
[2025-01-19 22:29:03,145] INFO [django.server:213] "GET /l HTTP/1.1" 302 0
[2025-01-19 22:29:03,150] INFO [django.server:213] "GET /l HTTP/1.1" 302 0
[2025-01-19 22:29:03,152] INFO [django.server:213] "GET /l HTTP/1.1" 302 0
[2025-01-19 22:29:04,842] INFO [django.server:213] "GET /l HTTP/1.1" 302 0
[2025-01-19 22:29:04,849] INFO [django.server:213] "GET /l HTTP/1.1" 302 0
[2025-01-19 22:29:04,852] INFO [django.server:213] "GET /l HTTP/1.1" 302 0
[2025-01-19 22:29:04,859] INFO [django.server:213] "GET /l HTTP/1.1" 302 0
[2025-01-19 22:29:04,862] INFO [django.server:213] "GET /l HTTP/1.1" 302 0
[2025-01-19 22:29:04,862] INFO [django.server:213] "GET /l HTTP/1.1" 302 0
[2025-01-19 22:29:04,862] INFO [django.server:213] "GET /l HTTP/1.1" 302 0
[2025-01-19 22:29:04,876] INFO [django.server:213] "GET /l HTTP/1.1" 302 0
[2025-01-19 22:29:04,879] INFO [django.server:213] "GET /l HTTP/1.1" 302 0
[2025-01-19 22:29:04,879] INFO [django.server:213] "GET /l HTTP/1.1" 302 0
[2025-01-19 22:29:04,879] INFO [django.server:213] "GET /l HTTP/1.1" 302 0
[2025-01-19 22:29:04,891] INFO [django.server:213] "GET /l HTTP/1.1" 302 0
[2025-01-19 22:29:04,895] INFO [django.server:213] "GET /l HTTP/1.1" 302 0
[2025-01-19 22:29:04,895] INFO [django.server:213] "GET /l HTTP/1.1" 302 0
[2025-01-19 22:29:04,895] INFO [django.server:213] "GET /l HTTP/1.1" 302 0
[2025-01-19 22:29:04,906] INFO [django.server:213] "GET /l HTTP/1.1" 302 0
[2025-01-19 22:29:04,906] INFO [django.server:213] "GET /l HTTP/1.1" 302 0
[2025-01-19 22:29:04,906] INFO [django.server:213] "GET /l HTTP/1.1" 302 0
[2025-01-19 22:29:04,922] INFO [django.server:213] "GET /l HTTP/1.1" 302 0
[2025-01-19 22:29:04,928] INFO [django.server:213] "GET /l HTTP/1.1" 302 0
[2025-01-19 22:29:09,978] INFO [django.server:213] "GET /l HTTP/1.1" 302 0
[2025-01-19 22:29:09,978] INFO [django.server:213] "GET /l HTTP/1.1" 302 0
[2025-01-19 22:29:09,978] INFO [django.server:213] "GET /l HTTP/1.1" 302 0
[2025-01-19 22:29:09,994] INFO [django.server:213] "GET /l HTTP/1.1" 302 0
[2025-01-19 22:29:09,994] INFO [django.server:213] "GET /l HTTP/1.1" 302 0
[2025-01-19 22:29:09,994] INFO [django.server:213] "GET /l HTTP/1.1" 302 0
[2025-01-19 22:29:10,010] INFO [django.server:213] "GET /l HTTP/1.1" 302 0
[2025-01-19 22:29:10,010] INFO [django.server:213] "GET /l HTTP/1.1" 302 0
[2025-01-19 22:29:10,010] INFO [django.server:213] "GET /l HTTP/1.1" 302 0
[2025-01-19 22:29:10,025] INFO [django.server:213] "GET /l HTTP/1.1" 302 0
[2025-01-19 22:29:10,025] INFO [django.server:213] "GET /l HTTP/1.1" 302 0
[2025-01-19 22:29:10,025] INFO [django.server:213] "GET /l HTTP/1.1" 302 0
[2025-01-19 22:29:10,042] INFO [django.server:213] "GET /l HTTP/1.1" 302 0
[2025-01-19 22:29:10,042] INFO [django.server:213] "GET /l HTTP/1.1" 302 0
[2025-01-19 22:29:10,057] INFO [django.server:213] "GET /l HTTP/1.1" 302 0
[2025-01-19 22:29:10,057] INFO [django.server:213] "GET /l HTTP/1.1" 302 0
[2025-01-19 22:29:10,057] INFO [django.server:213] "GET /l HTTP/1.1" 302 0
[2025-01-19 22:29:10,073] INFO [django.server:213] "GET /l HTTP/1.1" 302 0
[2025-01-19 22:29:10,073] INFO [django.server:213] "GET /l HTTP/1.1" 302 0
[2025-01-19 22:29:10,088] INFO [django.server:213] "GET /l HTTP/1.1" 302 0
[2025-01-19 22:29:14,351] INFO [django.server:213] "GET /admin/ HTTP/1.1" 200 16579
[2025-01-19 22:30:02,861] INFO [django.server:213] "GET / HTTP/1.1" 302 0
[2025-01-19 22:30:02,867] INFO [django.server:213] "GET /l HTTP/1.1" 302 0
[2025-01-19 22:30:02,870] INFO [django.server:213] "GET /l HTTP/1.1" 302 0
[2025-01-19 22:30:02,874] INFO [django.server:213] "GET /l HTTP/1.1" 302 0
[2025-01-19 22:30:02,879] INFO [django.server:213] "GET /l HTTP/1.1" 302 0
[2025-01-19 22:30:02,882] INFO [django.server:213] "GET /l HTTP/1.1" 302 0
[2025-01-19 22:30:02,884] INFO [django.server:213] "GET /l HTTP/1.1" 302 0
[2025-01-19 22:30:02,887] INFO [django.server:213] "GET /l HTTP/1.1" 302 0
[2025-01-19 22:30:02,890] INFO [django.server:213] "GET /l HTTP/1.1" 302 0
[2025-01-19 22:30:02,892] INFO [django.server:213] "GET /l HTTP/1.1" 302 0
[2025-01-19 22:30:02,892] INFO [django.server:213] "GET /l HTTP/1.1" 302 0
[2025-01-19 22:30:02,892] INFO [django.server:213] "GET /l HTTP/1.1" 302 0
[2025-01-19 22:30:02,892] INFO [django.server:213] "GET /l HTTP/1.1" 302 0
[2025-01-19 22:30:02,892] INFO [django.server:213] "GET /l HTTP/1.1" 302 0
[2025-01-19 22:30:02,907] INFO [django.server:213] "GET /l HTTP/1.1" 302 0
[2025-01-19 22:30:02,909] INFO [django.server:213] "GET /l HTTP/1.1" 302 0
[2025-01-19 22:30:02,909] INFO [django.server:213] "GET /l HTTP/1.1" 302 0
[2025-01-19 22:30:02,909] INFO [django.server:213] "GET /l HTTP/1.1" 302 0
[2025-01-19 22:30:02,909] INFO [django.server:213] "GET /l HTTP/1.1" 302 0
[2025-01-19 22:30:02,909] INFO [django.server:213] "GET /l HTTP/1.1" 302 0
[2025-01-19 22:30:03,948] INFO [django.server:213] "GET /l HTTP/1.1" 302 0
[2025-01-19 22:30:03,964] INFO [django.server:213] "GET /l HTTP/1.1" 302 0
[2025-01-19 22:30:03,964] INFO [django.server:213] "GET /l HTTP/1.1" 302 0
[2025-01-19 22:30:03,975] INFO [django.server:213] "GET /l HTTP/1.1" 302 0
[2025-01-19 22:30:03,975] INFO [django.server:213] "GET /l HTTP/1.1" 302 0
[2025-01-19 22:30:03,975] INFO [django.server:213] "GET /l HTTP/1.1" 302 0
[2025-01-19 22:30:03,975] INFO [django.server:213] "GET /l HTTP/1.1" 302 0
[2025-01-19 22:30:03,991] INFO [django.server:213] "GET /l HTTP/1.1" 302 0
[2025-01-19 22:30:03,991] INFO [django.server:213] "GET /l HTTP/1.1" 302 0
[2025-01-19 22:30:03,991] INFO [django.server:213] "GET /l HTTP/1.1" 302 0
[2025-01-19 22:30:03,991] INFO [django.server:213] "GET /l HTTP/1.1" 302 0
[2025-01-19 22:30:03,991] INFO [django.server:213] "GET /l HTTP/1.1" 302 0
[2025-01-19 22:30:04,006] INFO [django.server:213] "GET /l HTTP/1.1" 302 0
[2025-01-19 22:30:04,007] INFO [django.server:213] "GET /l HTTP/1.1" 302 0
[2025-01-19 22:30:04,012] INFO [django.server:213] "GET /l HTTP/1.1" 302 0
[2025-01-19 22:30:04,012] INFO [django.server:213] "GET /l HTTP/1.1" 302 0
[2025-01-19 22:30:04,012] INFO [django.server:213] "GET /l HTTP/1.1" 302 0
[2025-01-19 22:30:04,012] INFO [django.server:213] "GET /l HTTP/1.1" 302 0
[2025-01-19 22:30:04,012] INFO [django.server:213] "GET /l HTTP/1.1" 302 0
[2025-01-19 22:30:04,023] INFO [django.server:213] "GET /l HTTP/1.1" 302 0
[2025-01-19 22:30:09,057] INFO [django.server:213] "GET /l HTTP/1.1" 302 0
[2025-01-19 22:30:09,070] INFO [django.server:213] "GET /l HTTP/1.1" 302 0
[2025-01-19 22:30:09,070] INFO [django.server:213] "GET /l HTTP/1.1" 302 0
[2025-01-19 22:30:09,070] INFO [django.server:213] "GET /l HTTP/1.1" 302 0
[2025-01-19 22:30:09,070] INFO [django.server:213] "GET /l HTTP/1.1" 302 0
[2025-01-19 22:30:09,085] INFO [django.server:213] "GET /l HTTP/1.1" 302 0
[2025-01-19 22:30:09,088] INFO [django.server:213] "GET /l HTTP/1.1" 302 0
[2025-01-19 22:30:09,090] INFO [django.server:213] "GET /l HTTP/1.1" 302 0
[2025-01-19 22:30:09,090] INFO [django.server:213] "GET /l HTTP/1.1" 302 0
[2025-01-19 22:30:09,090] INFO [django.server:213] "GET /l HTTP/1.1" 302 0
[2025-01-19 22:30:09,090] INFO [django.server:213] "GET /l HTTP/1.1" 302 0
[2025-01-19 22:30:09,103] INFO [django.server:213] "GET /l HTTP/1.1" 302 0
[2025-01-19 22:30:09,106] INFO [django.server:213] "GET /l HTTP/1.1" 302 0
[2025-01-19 22:30:09,106] INFO [django.server:213] "GET /l HTTP/1.1" 302 0
[2025-01-19 22:30:09,106] INFO [django.server:213] "GET /l HTTP/1.1" 302 0
[2025-01-19 22:30:09,106] INFO [django.server:213] "GET /l HTTP/1.1" 302 0
[2025-01-19 22:30:09,106] INFO [django.server:213] "GET /l HTTP/1.1" 302 0
[2025-01-19 22:30:09,121] INFO [django.server:213] "GET /l HTTP/1.1" 302 0
[2025-01-19 22:30:09,125] INFO [django.server:213] "GET /l HTTP/1.1" 302 0
[2025-01-19 22:30:09,125] INFO [django.server:213] "GET /l HTTP/1.1" 302 0
[2025-01-19 22:30:39,152] INFO [django.server:213] "GET /l HTTP/1.1" 302 0
[2025-01-19 22:30:39,155] INFO [django.server:213] "GET /l HTTP/1.1" 302 0
[2025-01-19 22:30:39,159] INFO [django.server:213] "GET /l HTTP/1.1" 302 0
[2025-01-19 22:30:39,163] INFO [django.server:213] "GET /l HTTP/1.1" 302 0
[2025-01-19 22:30:39,166] INFO [django.server:213] "GET /l HTTP/1.1" 302 0
[2025-01-19 22:30:39,167] INFO [django.server:213] "GET /l HTTP/1.1" 302 0
[2025-01-19 22:30:39,173] INFO [django.server:213] "GET /l HTTP/1.1" 302 0
[2025-01-19 22:30:39,175] INFO [django.server:213] "GET /l HTTP/1.1" 302 0
[2025-01-19 22:30:39,176] INFO [django.server:213] "GET /l HTTP/1.1" 302 0
[2025-01-19 22:30:39,181] INFO [django.server:213] "GET /l HTTP/1.1" 302 0
[2025-01-19 22:30:39,184] INFO [django.server:213] "GET /l HTTP/1.1" 302 0
[2025-01-19 22:30:39,186] INFO [django.server:213] "GET /l HTTP/1.1" 302 0
[2025-01-19 22:30:39,189] INFO [django.server:213] "GET /l HTTP/1.1" 302 0
[2025-01-19 22:30:39,190] INFO [django.server:213] "GET /l HTTP/1.1" 302 0
[2025-01-19 22:30:39,195] INFO [django.server:213] "GET /l HTTP/1.1" 302 0
[2025-01-19 22:30:39,198] INFO [django.server:213] "GET /l HTTP/1.1" 302 0
[2025-01-19 22:30:39,199] INFO [django.server:213] "GET /l HTTP/1.1" 302 0
[2025-01-19 22:30:39,205] INFO [django.server:213] "GET /l HTTP/1.1" 302 0
[2025-01-19 22:30:39,208] INFO [django.server:213] "GET /l HTTP/1.1" 302 0
[2025-01-19 22:30:39,211] INFO [django.server:213] "GET /l HTTP/1.1" 302 0
[2025-01-19 22:31:39,233] INFO [django.server:213] "GET /l HTTP/1.1" 302 0
[2025-01-19 22:31:39,240] INFO [django.server:213] "GET /l HTTP/1.1" 302 0
[2025-01-19 22:31:39,247] INFO [django.server:213] "GET /l HTTP/1.1" 302 0
[2025-01-19 22:31:39,253] INFO [django.server:213] "GET /l HTTP/1.1" 302 0
[2025-01-19 22:31:39,256] INFO [django.server:213] "GET /l HTTP/1.1" 302 0
[2025-01-19 22:31:39,260] INFO [django.server:213] "GET /l HTTP/1.1" 302 0
[2025-01-19 22:31:39,264] INFO [django.server:213] "GET /l HTTP/1.1" 302 0
[2025-01-19 22:31:39,266] INFO [django.server:213] "GET /l HTTP/1.1" 302 0
[2025-01-19 22:31:39,267] INFO [django.server:213] "GET /l HTTP/1.1" 302 0
[2025-01-19 22:31:39,271] INFO [django.server:213] "GET /l HTTP/1.1" 302 0
[2025-01-19 22:31:39,274] INFO [django.server:213] "GET /l HTTP/1.1" 302 0
[2025-01-19 22:31:39,277] INFO [django.server:213] "GET /l HTTP/1.1" 302 0
[2025-01-19 22:31:39,280] INFO [django.server:213] "GET /l HTTP/1.1" 302 0
[2025-01-19 22:31:39,282] INFO [django.server:213] "GET /l HTTP/1.1" 302 0
[2025-01-19 22:31:39,285] INFO [django.server:213] "GET /l HTTP/1.1" 302 0
[2025-01-19 22:31:39,287] INFO [django.server:213] "GET /l HTTP/1.1" 302 0
[2025-01-19 22:31:39,289] INFO [django.server:213] "GET /l HTTP/1.1" 302 0
[2025-01-19 22:31:39,292] INFO [django.server:213] "GET /l HTTP/1.1" 302 0
[2025-01-19 22:31:39,295] INFO [django.server:213] "GET /l HTTP/1.1" 302 0
[2025-01-19 22:31:39,296] INFO [django.server:213] "GET /l HTTP/1.1" 302 0
[2025-01-19 22:33:41,682] INFO [django.server:213] "GET /admin/ HTTP/1.1" 200 16579
[2025-01-19 22:33:46,749] INFO [django.server:213] "GET /admin/User/role/ HTTP/1.1" 200 14359
[2025-01-19 22:33:46,798] INFO [django.server:213] "GET /admin/jsi18n/ HTTP/1.1" 200 3342
[2025-01-19 22:34:06,597] INFO [django.server:213] "GET /l HTTP/1.1" 302 0
[2025-01-19 22:34:06,613] INFO [django.server:213] "GET /l HTTP/1.1" 302 0
[2025-01-19 22:34:06,617] INFO [django.server:213] "GET /l HTTP/1.1" 302 0
[2025-01-19 22:34:06,620] INFO [django.server:213] "GET /l HTTP/1.1" 302 0
[2025-01-19 22:34:06,621] INFO [django.server:213] "GET /l HTTP/1.1" 302 0
[2025-01-19 22:34:06,627] INFO [django.server:213] "GET /l HTTP/1.1" 302 0
[2025-01-19 22:34:06,630] INFO [django.server:213] "GET /l HTTP/1.1" 302 0
[2025-01-19 22:34:06,630] INFO [django.server:213] "GET /l HTTP/1.1" 302 0
[2025-01-19 22:34:06,637] INFO [django.server:213] "GET /l HTTP/1.1" 302 0
[2025-01-19 22:34:06,640] INFO [django.server:213] "GET /l HTTP/1.1" 302 0
[2025-01-19 22:34:06,643] INFO [django.server:213] "GET /l HTTP/1.1" 302 0
[2025-01-19 22:34:06,646] INFO [django.server:213] "GET /l HTTP/1.1" 302 0
[2025-01-19 22:34:06,648] INFO [django.server:213] "GET /l HTTP/1.1" 302 0
[2025-01-19 22:34:06,651] INFO [django.server:213] "GET /l HTTP/1.1" 302 0
[2025-01-19 22:34:06,652] INFO [django.server:213] "GET /l HTTP/1.1" 302 0
[2025-01-19 22:34:06,654] INFO [django.server:213] "GET /l HTTP/1.1" 302 0
[2025-01-19 22:34:06,655] INFO [django.server:213] "GET /l HTTP/1.1" 302 0
[2025-01-19 22:34:06,658] INFO [django.server:213] "GET /l HTTP/1.1" 302 0
[2025-01-19 22:34:06,662] INFO [django.server:213] "GET /l HTTP/1.1" 302 0
[2025-01-19 22:34:06,663] INFO [django.server:213] "GET /l HTTP/1.1" 302 0
[2025-01-19 22:34:07,687] INFO [django.server:213] "GET /l HTTP/1.1" 302 0
[2025-01-19 22:34:07,694] INFO [django.server:213] "GET /l HTTP/1.1" 302 0
[2025-01-19 22:34:07,698] INFO [django.server:213] "GET /l HTTP/1.1" 302 0
[2025-01-19 22:34:07,700] INFO [django.server:213] "GET /l HTTP/1.1" 302 0
[2025-01-19 22:34:07,703] INFO [django.server:213] "GET /l HTTP/1.1" 302 0
[2025-01-19 22:34:07,705] INFO [django.server:213] "GET /l HTTP/1.1" 302 0
[2025-01-19 22:34:07,707] INFO [django.server:213] "GET /l HTTP/1.1" 302 0
[2025-01-19 22:34:07,712] INFO [django.server:213] "GET /l HTTP/1.1" 302 0
[2025-01-19 22:34:07,715] INFO [django.server:213] "GET /l HTTP/1.1" 302 0
[2025-01-19 22:34:07,717] INFO [django.server:213] "GET /l HTTP/1.1" 302 0
[2025-01-19 22:34:07,720] INFO [django.server:213] "GET /l HTTP/1.1" 302 0
[2025-01-19 22:34:07,722] INFO [django.server:213] "GET /l HTTP/1.1" 302 0
[2025-01-19 22:34:07,725] INFO [django.server:213] "GET /l HTTP/1.1" 302 0
[2025-01-19 22:34:07,728] INFO [django.server:213] "GET /l HTTP/1.1" 302 0
[2025-01-19 22:34:07,730] INFO [django.server:213] "GET /l HTTP/1.1" 302 0
[2025-01-19 22:34:07,733] INFO [django.server:213] "GET /l HTTP/1.1" 302 0
[2025-01-19 22:34:07,736] INFO [django.server:213] "GET /l HTTP/1.1" 302 0
[2025-01-19 22:34:07,739] INFO [django.server:213] "GET /l HTTP/1.1" 302 0
[2025-01-19 22:34:07,741] INFO [django.server:213] "GET /l HTTP/1.1" 302 0
[2025-01-19 22:34:07,746] INFO [django.server:213] "GET /l HTTP/1.1" 302 0
[2025-01-19 22:34:12,760] INFO [django.server:213] "GET /l HTTP/1.1" 302 0
[2025-01-19 22:34:12,760] INFO [django.server:213] "GET /l HTTP/1.1" 302 0
[2025-01-19 22:34:12,774] INFO [django.server:213] "GET /l HTTP/1.1" 302 0
[2025-01-19 22:34:12,777] INFO [django.server:213] "GET /l HTTP/1.1" 302 0
[2025-01-19 22:34:12,781] INFO [django.server:213] "GET /l HTTP/1.1" 302 0
[2025-01-19 22:34:12,785] INFO [django.server:213] "GET /l HTTP/1.1" 302 0
[2025-01-19 22:34:12,788] INFO [django.server:213] "GET /l HTTP/1.1" 302 0
[2025-01-19 22:34:12,790] INFO [django.server:213] "GET /l HTTP/1.1" 302 0
[2025-01-19 22:34:12,790] INFO [django.server:213] "GET /l HTTP/1.1" 302 0
[2025-01-19 22:34:12,800] INFO [django.server:213] "GET /l HTTP/1.1" 302 0
[2025-01-19 22:34:12,803] INFO [django.server:213] "GET /l HTTP/1.1" 302 0
[2025-01-19 22:34:12,806] INFO [django.server:213] "GET /l HTTP/1.1" 302 0
[2025-01-19 22:34:12,810] INFO [django.server:213] "GET /l HTTP/1.1" 302 0
[2025-01-19 22:34:12,813] INFO [django.server:213] "GET /l HTTP/1.1" 302 0
[2025-01-19 22:34:12,816] INFO [django.server:213] "GET /l HTTP/1.1" 302 0
[2025-01-19 22:34:12,819] INFO [django.server:213] "GET /l HTTP/1.1" 302 0
[2025-01-19 22:34:12,821] INFO [django.server:213] "GET /l HTTP/1.1" 302 0
[2025-01-19 22:34:12,823] INFO [django.server:213] "GET /l HTTP/1.1" 302 0
[2025-01-19 22:34:12,823] INFO [django.server:213] "GET /l HTTP/1.1" 302 0
[2025-01-19 22:34:12,823] INFO [django.server:213] "GET /l HTTP/1.1" 302 0
[2025-01-19 22:34:42,858] INFO [django.server:213] "GET /l HTTP/1.1" 302 0
[2025-01-19 22:34:42,863] INFO [django.server:213] "GET /l HTTP/1.1" 302 0
[2025-01-19 22:34:42,867] INFO [django.server:213] "GET /l HTTP/1.1" 302 0
[2025-01-19 22:34:42,872] INFO [django.server:213] "GET /l HTTP/1.1" 302 0
[2025-01-19 22:34:42,875] INFO [django.server:213] "GET /l HTTP/1.1" 302 0
[2025-01-19 22:34:42,877] INFO [django.server:213] "GET /l HTTP/1.1" 302 0
[2025-01-19 22:34:42,882] INFO [django.server:213] "GET /l HTTP/1.1" 302 0
[2025-01-19 22:34:42,883] INFO [django.server:213] "GET /l HTTP/1.1" 302 0
[2025-01-19 22:34:42,889] INFO [django.server:213] "GET /l HTTP/1.1" 302 0
[2025-01-19 22:34:42,892] INFO [django.server:213] "GET /l HTTP/1.1" 302 0
[2025-01-19 22:34:42,894] INFO [django.server:213] "GET /l HTTP/1.1" 302 0
[2025-01-19 22:34:42,897] INFO [django.server:213] "GET /l HTTP/1.1" 302 0
[2025-01-19 22:34:42,899] INFO [django.server:213] "GET /l HTTP/1.1" 302 0
[2025-01-19 22:34:42,904] INFO [django.server:213] "GET /l HTTP/1.1" 302 0
[2025-01-19 22:34:42,905] INFO [django.server:213] "GET /l HTTP/1.1" 302 0
[2025-01-19 22:34:42,905] INFO [django.server:213] "GET /l HTTP/1.1" 302 0
[2025-01-19 22:34:42,912] INFO [django.server:213] "GET /l HTTP/1.1" 302 0
[2025-01-19 22:34:42,913] INFO [django.server:213] "GET /l HTTP/1.1" 302 0
[2025-01-19 22:34:42,916] INFO [django.server:213] "GET /l HTTP/1.1" 302 0
[2025-01-19 22:34:42,916] INFO [django.server:213] "GET /l HTTP/1.1" 302 0
[2025-01-19 22:35:21,960] INFO [django.utils.autoreload:266] C:\Users\DEV-018\Desktop\sakib\backend\GraphQL\Employee-management-project\User\new_middleware.py changed, reloading.
[2025-01-19 22:35:22,638] INFO [django.utils.autoreload:668] Watching for file changes with StatReloader
[2025-01-19 22:35:29,195] INFO [django.utils.autoreload:266] C:\Users\DEV-018\Desktop\sakib\backend\GraphQL\Employee-management-project\User\new_middleware.py changed, reloading.
[2025-01-19 22:35:29,885] INFO [django.utils.autoreload:668] Watching for file changes with StatReloader
[2025-01-19 22:35:30,891] INFO [django.server:213] "GET /l HTTP/1.1" 302 0
[2025-01-19 22:35:30,893] INFO [django.server:213] "GET /l HTTP/1.1" 302 0
[2025-01-19 22:35:30,896] INFO [django.server:213] "GET /l HTTP/1.1" 302 0
[2025-01-19 22:35:30,899] INFO [django.server:213] "GET /l HTTP/1.1" 302 0
[2025-01-19 22:35:30,902] INFO [django.server:213] "GET /l HTTP/1.1" 302 0
[2025-01-19 22:35:30,903] INFO [django.server:213] "GET /l HTTP/1.1" 302 0
[2025-01-19 22:35:30,907] INFO [django.server:213] "GET /l HTTP/1.1" 302 0
[2025-01-19 22:35:30,909] INFO [django.server:213] "GET /l HTTP/1.1" 302 0
[2025-01-19 22:35:30,912] INFO [django.server:213] "GET /l HTTP/1.1" 302 0
[2025-01-19 22:35:30,916] INFO [django.server:213] "GET /l HTTP/1.1" 302 0
[2025-01-19 22:35:30,918] INFO [django.server:213] "GET /l HTTP/1.1" 302 0
[2025-01-19 22:35:30,920] INFO [django.server:213] "GET /l HTTP/1.1" 302 0
[2025-01-19 22:35:30,923] INFO [django.server:213] "GET /l HTTP/1.1" 302 0
[2025-01-19 22:35:30,925] INFO [django.server:213] "GET /l HTTP/1.1" 302 0
[2025-01-19 22:35:30,927] INFO [django.server:213] "GET /l HTTP/1.1" 302 0
[2025-01-19 22:35:30,927] INFO [django.server:213] "GET /l HTTP/1.1" 302 0
[2025-01-19 22:35:30,930] INFO [django.server:213] "GET /l HTTP/1.1" 302 0
[2025-01-19 22:35:30,932] INFO [django.server:213] "GET /l HTTP/1.1" 302 0
[2025-01-19 22:35:30,934] INFO [django.server:213] "GET /l HTTP/1.1" 302 0
[2025-01-19 22:35:30,936] INFO [django.server:213] "GET /l HTTP/1.1" 302 0
[2025-01-19 22:35:35,351] INFO [django.utils.autoreload:266] C:\Users\DEV-018\Desktop\sakib\backend\GraphQL\Employee-management-project\User\new_middleware.py changed, reloading.
[2025-01-19 22:35:36,094] INFO [django.utils.autoreload:668] Watching for file changes with StatReloader
[2025-01-19 22:35:36,547] INFO [django.server:213] "GET /l HTTP/1.1" 200 9125
[2025-01-19 22:35:53,560] INFO [django.server:213] "GET /d HTTP/1.1" 200 9241
[2025-01-19 22:35:53,651] INFO [django.server:213] "GET /graphql/?query=%0A%20%20%20%20%20%20%20%20query%20%7B%0A%20%20%20%20%20%20%20%20%20%20%20%20allEmployee%20%7B%0A%20%20%20%20%20%20%20%20%20%20%20%20%20%20%20%20id%0A%20%20%20%20%20%20%20%20%20%20%20%20%20%20%20%20employeeId%0A%20%20%20%20%20%20%20%20%20%20%20%20%20%20%20%20address%0A%20%20%20%20%20%20%20%20%20%20%20%20%20%20%20%20user%20%7B%0A%20%20%20%20%20%20%20%20%20%20%20%20%20%20%20%20%20%20%20%20id%0A%20%20%20%20%20%20%20%20%20%20%20%20%20%20%20%20%20%20%20%20username%0A%20%20%20%20%20%20%20%20%20%20%20%20%20%20%20%20%20%20%20%20role%7B%0A%20%20%20%20%20%20%20%20%20%20%20%20%20%20%20%20%20%20%20%20name%0A%20%20%20%20%20%20%20%20%20%20%20%20%20%20%20%20%20%20%20%20%7D%0A%20%20%20%20%20%20%20%20%20%20%20%20%20%20%20%20%7D%0A%20%20%20%20%20%20%20%20%20%20%20%20%20%20%20%20department%20%7B%0A%20%20%20%20%20%20%20%20%20%20%20%20%20%20%20%20%20%20%20%20name%0A%20%20%20%20%20%20%20%20%20%20%20%20%20%20%20%20%7D%0A%20%20%20%20%20%20%20%20%20%20%20%20%7D%0A%20%20%20%20%20%20%20%20%7D%0A%20%20%20%20 HTTP/1.1" 200 953
[2025-01-19 22:35:56,982] INFO [django.server:213] "GET /l HTTP/1.1" 200 9208
[2025-01-19 22:36:11,415] INFO [django.server:213] "GET /l HTTP/1.1" 200 9208
[2025-01-19 22:36:19,207] INFO [django.server:213] "POST /graphql/ HTTP/1.1" 200 368
[2025-01-19 22:36:19,227] INFO [django.server:213] "GET /d HTTP/1.1" 200 9241
[2025-01-19 22:36:19,327] INFO [django.server:213] "GET /graphql/?query=%0A%20%20%20%20%20%20%20%20query%20%7B%0A%20%20%20%20%20%20%20%20%20%20%20%20allEmployee%20%7B%0A%20%20%20%20%20%20%20%20%20%20%20%20%20%20%20%20id%0A%20%20%20%20%20%20%20%20%20%20%20%20%20%20%20%20employeeId%0A%20%20%20%20%20%20%20%20%20%20%20%20%20%20%20%20address%0A%20%20%20%20%20%20%20%20%20%20%20%20%20%20%20%20user%20%7B%0A%20%20%20%20%20%20%20%20%20%20%20%20%20%20%20%20%20%20%20%20id%0A%20%20%20%20%20%20%20%20%20%20%20%20%20%20%20%20%20%20%20%20username%0A%20%20%20%20%20%20%20%20%20%20%20%20%20%20%20%20%20%20%20%20role%7B%0A%20%20%20%20%20%20%20%20%20%20%20%20%20%20%20%20%20%20%20%20name%0A%20%20%20%20%20%20%20%20%20%20%20%20%20%20%20%20%20%20%20%20%7D%0A%20%20%20%20%20%20%20%20%20%20%20%20%20%20%20%20%7D%0A%20%20%20%20%20%20%20%20%20%20%20%20%20%20%20%20department%20%7B%0A%20%20%20%20%20%20%20%20%20%20%20%20%20%20%20%20%20%20%20%20name%0A%20%20%20%20%20%20%20%20%20%20%20%20%20%20%20%20%7D%0A%20%20%20%20%20%20%20%20%20%20%20%20%7D%0A%20%20%20%20%20%20%20%20%7D%0A%20%20%20%20 HTTP/1.1" 200 953
[2025-01-19 22:36:37,574] INFO [django.server:213] "GET /le HTTP/1.1" 200 12208
[2025-01-19 22:36:37,680] INFO [django.server:213] "GET /graphql/?query=%0A%20%20%20%20%20%20%20%20%20%20%20%20%20%20%20%20query%7B%0A%20%20%20%20%20%20%20%20%20%20%20%20%20%20%20%20allLeave%7B%0A%20%20%20%20%20%20%20%20%20%20%20%20%20%20%20%20%20%20%20%20id%0A%20%20%20%20%20%20%20%20%20%20%20%20%20%20%20%20%20%20%20%20employee%7B%0A%20%20%20%20%20%20%20%20%20%20%20%20%20%20%20%20%20%20%20%20user%7B%0A%20%20%20%20%20%20%20%20%20%20%20%20%20%20%20%20%20%20%20%20%20%20%20%20username%0A%20%20%20%20%20%20%20%20%20%20%20%20%20%20%20%20%20%20%20%20%7D%0A%20%20%20%20%20%20%20%20%20%20%20%20%20%20%20%20%20%20%20%20%7D%0A%20%20%20%20%20%20%20%20%20%20%20%20%20%20%20%20%20%20%20%20status%0A%20%20%20%20%20%20%20%20%20%20%20%20%20%20%20%20%20%20%20%20startDate%0A%20%20%20%20%20%20%20%20%20%20%20%20%20%20%20%20%20%20%20%20endDate%0A%20%20%20%20%20%20%20%20%20%20%20%20%20%20%20%20%7D%0A%20%20%20%20%20%20%20%20%20%20%20%20%20%20%20%20%7D%0A%20%20%20%20%20%20%20%20%20%20%20%20 HTTP/1.1" 200 263
[2025-01-19 22:36:45,163] INFO [django.server:213] "GET /le? HTTP/1.1" 200 12208
[2025-01-19 22:36:45,249] INFO [django.server:213] "GET /graphql/?query=%0A%20%20%20%20%20%20%20%20%20%20%20%20%20%20%20%20query%7B%0A%20%20%20%20%20%20%20%20%20%20%20%20%20%20%20%20allLeave%7B%0A%20%20%20%20%20%20%20%20%20%20%20%20%20%20%20%20%20%20%20%20id%0A%20%20%20%20%20%20%20%20%20%20%20%20%20%20%20%20%20%20%20%20employee%7B%0A%20%20%20%20%20%20%20%20%20%20%20%20%20%20%20%20%20%20%20%20user%7B%0A%20%20%20%20%20%20%20%20%20%20%20%20%20%20%20%20%20%20%20%20%20%20%20%20username%0A%20%20%20%20%20%20%20%20%20%20%20%20%20%20%20%20%20%20%20%20%7D%0A%20%20%20%20%20%20%20%20%20%20%20%20%20%20%20%20%20%20%20%20%7D%0A%20%20%20%20%20%20%20%20%20%20%20%20%20%20%20%20%20%20%20%20status%0A%20%20%20%20%20%20%20%20%20%20%20%20%20%20%20%20%20%20%20%20startDate%0A%20%20%20%20%20%20%20%20%20%20%20%20%20%20%20%20%20%20%20%20endDate%0A%20%20%20%20%20%20%20%20%20%20%20%20%20%20%20%20%7D%0A%20%20%20%20%20%20%20%20%20%20%20%20%20%20%20%20%7D%0A%20%20%20%20%20%20%20%20%20%20%20%20 HTTP/1.1" 200 263
[2025-01-19 22:37:06,515] INFO [django.server:213] "GET /admin/User/role/ HTTP/1.1" 200 14359
[2025-01-19 22:37:06,531] INFO [django.server:213] "GET /admin/jsi18n/ HTTP/1.1" 200 3342
[2025-01-19 22:37:11,262] INFO [django.server:213] "GET /admin/Employee/leave/ HTTP/1.1" 200 14275
[2025-01-19 22:37:11,275] INFO [django.server:213] "GET /admin/jsi18n/ HTTP/1.1" 200 3342
[2025-01-19 22:37:29,595] INFO [django.utils.autoreload:266] C:\Users\DEV-018\Desktop\sakib\backend\GraphQL\Employee-management-project\Employee\schema_employee.py changed, reloading.
[2025-01-19 22:37:30,254] INFO [django.utils.autoreload:668] Watching for file changes with StatReloader
[2025-01-19 22:37:32,740] INFO [django.server:213] "GET /le? HTTP/1.1" 200 12208
[2025-01-19 22:37:32,818] INFO [django.server:213] "GET /graphql/?query=%0A%20%20%20%20%20%20%20%20%20%20%20%20%20%20%20%20query%7B%0A%20%20%20%20%20%20%20%20%20%20%20%20%20%20%20%20allLeave%7B%0A%20%20%20%20%20%20%20%20%20%20%20%20%20%20%20%20%20%20%20%20id%0A%20%20%20%20%20%20%20%20%20%20%20%20%20%20%20%20%20%20%20%20employee%7B%0A%20%20%20%20%20%20%20%20%20%20%20%20%20%20%20%20%20%20%20%20user%7B%0A%20%20%20%20%20%20%20%20%20%20%20%20%20%20%20%20%20%20%20%20%20%20%20%20username%0A%20%20%20%20%20%20%20%20%20%20%20%20%20%20%20%20%20%20%20%20%7D%0A%20%20%20%20%20%20%20%20%20%20%20%20%20%20%20%20%20%20%20%20%7D%0A%20%20%20%20%20%20%20%20%20%20%20%20%20%20%20%20%20%20%20%20status%0A%20%20%20%20%20%20%20%20%20%20%20%20%20%20%20%20%20%20%20%20startDate%0A%20%20%20%20%20%20%20%20%20%20%20%20%20%20%20%20%20%20%20%20endDate%0A%20%20%20%20%20%20%20%20%20%20%20%20%20%20%20%20%7D%0A%20%20%20%20%20%20%20%20%20%20%20%20%20%20%20%20%7D%0A%20%20%20%20%20%20%20%20%20%20%20%20 HTTP/1.1" 302 0
[2025-01-19 22:37:32,825] INFO [django.server:213] "GET /l HTTP/1.1" 200 9208
[2025-01-19 22:37:36,189] INFO [django.server:213] "GET /le? HTTP/1.1" 200 12208
[2025-01-19 22:37:36,264] INFO [django.server:213] "GET /graphql/?query=%0A%20%20%20%20%20%20%20%20%20%20%20%20%20%20%20%20query%7B%0A%20%20%20%20%20%20%20%20%20%20%20%20%20%20%20%20allLeave%7B%0A%20%20%20%20%20%20%20%20%20%20%20%20%20%20%20%20%20%20%20%20id%0A%20%20%20%20%20%20%20%20%20%20%20%20%20%20%20%20%20%20%20%20employee%7B%0A%20%20%20%20%20%20%20%20%20%20%20%20%20%20%20%20%20%20%20%20user%7B%0A%20%20%20%20%20%20%20%20%20%20%20%20%20%20%20%20%20%20%20%20%20%20%20%20username%0A%20%20%20%20%20%20%20%20%20%20%20%20%20%20%20%20%20%20%20%20%7D%0A%20%20%20%20%20%20%20%20%20%20%20%20%20%20%20%20%20%20%20%20%7D%0A%20%20%20%20%20%20%20%20%20%20%20%20%20%20%20%20%20%20%20%20status%0A%20%20%20%20%20%20%20%20%20%20%20%20%20%20%20%20%20%20%20%20startDate%0A%20%20%20%20%20%20%20%20%20%20%20%20%20%20%20%20%20%20%20%20endDate%0A%20%20%20%20%20%20%20%20%20%20%20%20%20%20%20%20%7D%0A%20%20%20%20%20%20%20%20%20%20%20%20%20%20%20%20%7D%0A%20%20%20%20%20%20%20%20%20%20%20%20 HTTP/1.1" 302 0
[2025-01-19 22:37:36,268] INFO [django.server:213] "GET /l HTTP/1.1" 200 9208
[2025-01-19 22:40:35,012] INFO [django.server:213] "GET /le? HTTP/1.1" 200 12208
[2025-01-19 22:40:35,083] INFO [django.server:213] "GET /graphql/?query=%0A%20%20%20%20%20%20%20%20%20%20%20%20%20%20%20%20query%7B%0A%20%20%20%20%20%20%20%20%20%20%20%20%20%20%20%20allLeave%7B%0A%20%20%20%20%20%20%20%20%20%20%20%20%20%20%20%20%20%20%20%20id%0A%20%20%20%20%20%20%20%20%20%20%20%20%20%20%20%20%20%20%20%20employee%7B%0A%20%20%20%20%20%20%20%20%20%20%20%20%20%20%20%20%20%20%20%20user%7B%0A%20%20%20%20%20%20%20%20%20%20%20%20%20%20%20%20%20%20%20%20%20%20%20%20username%0A%20%20%20%20%20%20%20%20%20%20%20%20%20%20%20%20%20%20%20%20%7D%0A%20%20%20%20%20%20%20%20%20%20%20%20%20%20%20%20%20%20%20%20%7D%0A%20%20%20%20%20%20%20%20%20%20%20%20%20%20%20%20%20%20%20%20status%0A%20%20%20%20%20%20%20%20%20%20%20%20%20%20%20%20%20%20%20%20startDate%0A%20%20%20%20%20%20%20%20%20%20%20%20%20%20%20%20%20%20%20%20endDate%0A%20%20%20%20%20%20%20%20%20%20%20%20%20%20%20%20%7D%0A%20%20%20%20%20%20%20%20%20%20%20%20%20%20%20%20%7D%0A%20%20%20%20%20%20%20%20%20%20%20%20 HTTP/1.1" 302 0
[2025-01-19 22:40:35,088] INFO [django.server:213] "GET /l HTTP/1.1" 200 9208
[2025-01-19 22:40:37,260] INFO [django.server:213] "GET /l HTTP/1.1" 200 9208
[2025-01-19 22:40:50,672] INFO [django.server:213] "POST /graphql/ HTTP/1.1" 200 368
[2025-01-19 22:40:50,696] INFO [django.server:213] "GET /d HTTP/1.1" 200 9241
[2025-01-19 22:40:50,797] INFO [django.server:213] "GET /graphql/?query=%0A%20%20%20%20%20%20%20%20query%20%7B%0A%20%20%20%20%20%20%20%20%20%20%20%20allEmployee%20%7B%0A%20%20%20%20%20%20%20%20%20%20%20%20%20%20%20%20id%0A%20%20%20%20%20%20%20%20%20%20%20%20%20%20%20%20employeeId%0A%20%20%20%20%20%20%20%20%20%20%20%20%20%20%20%20address%0A%20%20%20%20%20%20%20%20%20%20%20%20%20%20%20%20user%20%7B%0A%20%20%20%20%20%20%20%20%20%20%20%20%20%20%20%20%20%20%20%20id%0A%20%20%20%20%20%20%20%20%20%20%20%20%20%20%20%20%20%20%20%20username%0A%20%20%20%20%20%20%20%20%20%20%20%20%20%20%20%20%20%20%20%20role%7B%0A%20%20%20%20%20%20%20%20%20%20%20%20%20%20%20%20%20%20%20%20name%0A%20%20%20%20%20%20%20%20%20%20%20%20%20%20%20%20%20%20%20%20%7D%0A%20%20%20%20%20%20%20%20%20%20%20%20%20%20%20%20%7D%0A%20%20%20%20%20%20%20%20%20%20%20%20%20%20%20%20department%20%7B%0A%20%20%20%20%20%20%20%20%20%20%20%20%20%20%20%20%20%20%20%20name%0A%20%20%20%20%20%20%20%20%20%20%20%20%20%20%20%20%7D%0A%20%20%20%20%20%20%20%20%20%20%20%20%7D%0A%20%20%20%20%20%20%20%20%7D%0A%20%20%20%20 HTTP/1.1" 200 953
[2025-01-19 22:41:01,021] INFO [django.server:213] "GET /le HTTP/1.1" 200 12208
[2025-01-19 22:41:01,110] INFO [django.server:213] "GET /graphql/?query=%0A%20%20%20%20%20%20%20%20%20%20%20%20%20%20%20%20query%7B%0A%20%20%20%20%20%20%20%20%20%20%20%20%20%20%20%20allLeave%7B%0A%20%20%20%20%20%20%20%20%20%20%20%20%20%20%20%20%20%20%20%20id%0A%20%20%20%20%20%20%20%20%20%20%20%20%20%20%20%20%20%20%20%20employee%7B%0A%20%20%20%20%20%20%20%20%20%20%20%20%20%20%20%20%20%20%20%20user%7B%0A%20%20%20%20%20%20%20%20%20%20%20%20%20%20%20%20%20%20%20%20%20%20%20%20username%0A%20%20%20%20%20%20%20%20%20%20%20%20%20%20%20%20%20%20%20%20%7D%0A%20%20%20%20%20%20%20%20%20%20%20%20%20%20%20%20%20%20%20%20%7D%0A%20%20%20%20%20%20%20%20%20%20%20%20%20%20%20%20%20%20%20%20status%0A%20%20%20%20%20%20%20%20%20%20%20%20%20%20%20%20%20%20%20%20startDate%0A%20%20%20%20%20%20%20%20%20%20%20%20%20%20%20%20%20%20%20%20endDate%0A%20%20%20%20%20%20%20%20%20%20%20%20%20%20%20%20%7D%0A%20%20%20%20%20%20%20%20%20%20%20%20%20%20%20%20%7D%0A%20%20%20%20%20%20%20%20%20%20%20%20 HTTP/1.1" 200 263
[2025-01-19 22:41:26,558] INFO [django.utils.autoreload:266] C:\Users\DEV-018\Desktop\sakib\backend\GraphQL\Employee-management-project\Employee\schema_employee.py changed, reloading.
[2025-01-19 22:41:27,315] INFO [django.utils.autoreload:668] Watching for file changes with StatReloader
[2025-01-19 22:41:29,721] INFO [django.utils.autoreload:266] C:\Users\DEV-018\Desktop\sakib\backend\GraphQL\Employee-management-project\Employee\schema_employee.py changed, reloading.
[2025-01-19 22:41:30,393] INFO [django.utils.autoreload:668] Watching for file changes with StatReloader
[2025-01-19 22:41:30,722] INFO [django.server:213] "GET /le HTTP/1.1" 200 12208
[2025-01-19 22:41:30,839] INFO [django.server:213] "GET /graphql/?query=%0A%20%20%20%20%20%20%20%20%20%20%20%20%20%20%20%20query%7B%0A%20%20%20%20%20%20%20%20%20%20%20%20%20%20%20%20allLeave%7B%0A%20%20%20%20%20%20%20%20%20%20%20%20%20%20%20%20%20%20%20%20id%0A%20%20%20%20%20%20%20%20%20%20%20%20%20%20%20%20%20%20%20%20employee%7B%0A%20%20%20%20%20%20%20%20%20%20%20%20%20%20%20%20%20%20%20%20user%7B%0A%20%20%20%20%20%20%20%20%20%20%20%20%20%20%20%20%20%20%20%20%20%20%20%20username%0A%20%20%20%20%20%20%20%20%20%20%20%20%20%20%20%20%20%20%20%20%7D%0A%20%20%20%20%20%20%20%20%20%20%20%20%20%20%20%20%20%20%20%20%7D%0A%20%20%20%20%20%20%20%20%20%20%20%20%20%20%20%20%20%20%20%20status%0A%20%20%20%20%20%20%20%20%20%20%20%20%20%20%20%20%20%20%20%20startDate%0A%20%20%20%20%20%20%20%20%20%20%20%20%20%20%20%20%20%20%20%20endDate%0A%20%20%20%20%20%20%20%20%20%20%20%20%20%20%20%20%7D%0A%20%20%20%20%20%20%20%20%20%20%20%20%20%20%20%20%7D%0A%20%20%20%20%20%20%20%20%20%20%20%20 HTTP/1.1" 302 0
[2025-01-19 22:41:30,849] INFO [django.server:213] "GET /l HTTP/1.1" 200 9208
[2025-01-19 22:41:35,325] INFO [django.server:213] "GET /l HTTP/1.1" 200 9208
[2025-01-19 22:41:42,238] INFO [django.server:213] "POST /graphql/ HTTP/1.1" 200 368
[2025-01-19 22:41:42,264] INFO [django.server:213] "GET /d HTTP/1.1" 200 9241
[2025-01-19 22:41:42,359] INFO [django.server:213] "GET /graphql/?query=%0A%20%20%20%20%20%20%20%20query%20%7B%0A%20%20%20%20%20%20%20%20%20%20%20%20allEmployee%20%7B%0A%20%20%20%20%20%20%20%20%20%20%20%20%20%20%20%20id%0A%20%20%20%20%20%20%20%20%20%20%20%20%20%20%20%20employeeId%0A%20%20%20%20%20%20%20%20%20%20%20%20%20%20%20%20address%0A%20%20%20%20%20%20%20%20%20%20%20%20%20%20%20%20user%20%7B%0A%20%20%20%20%20%20%20%20%20%20%20%20%20%20%20%20%20%20%20%20id%0A%20%20%20%20%20%20%20%20%20%20%20%20%20%20%20%20%20%20%20%20username%0A%20%20%20%20%20%20%20%20%20%20%20%20%20%20%20%20%20%20%20%20role%7B%0A%20%20%20%20%20%20%20%20%20%20%20%20%20%20%20%20%20%20%20%20name%0A%20%20%20%20%20%20%20%20%20%20%20%20%20%20%20%20%20%20%20%20%7D%0A%20%20%20%20%20%20%20%20%20%20%20%20%20%20%20%20%7D%0A%20%20%20%20%20%20%20%20%20%20%20%20%20%20%20%20department%20%7B%0A%20%20%20%20%20%20%20%20%20%20%20%20%20%20%20%20%20%20%20%20name%0A%20%20%20%20%20%20%20%20%20%20%20%20%20%20%20%20%7D%0A%20%20%20%20%20%20%20%20%20%20%20%20%7D%0A%20%20%20%20%20%20%20%20%7D%0A%20%20%20%20 HTTP/1.1" 200 953
[2025-01-19 22:41:43,926] INFO [django.server:213] "GET /le HTTP/1.1" 200 12208
[2025-01-19 22:41:44,015] INFO [django.server:213] "GET /graphql/?query=%0A%20%20%20%20%20%20%20%20%20%20%20%20%20%20%20%20query%7B%0A%20%20%20%20%20%20%20%20%20%20%20%20%20%20%20%20allLeave%7B%0A%20%20%20%20%20%20%20%20%20%20%20%20%20%20%20%20%20%20%20%20id%0A%20%20%20%20%20%20%20%20%20%20%20%20%20%20%20%20%20%20%20%20employee%7B%0A%20%20%20%20%20%20%20%20%20%20%20%20%20%20%20%20%20%20%20%20user%7B%0A%20%20%20%20%20%20%20%20%20%20%20%20%20%20%20%20%20%20%20%20%20%20%20%20username%0A%20%20%20%20%20%20%20%20%20%20%20%20%20%20%20%20%20%20%20%20%7D%0A%20%20%20%20%20%20%20%20%20%20%20%20%20%20%20%20%20%20%20%20%7D%0A%20%20%20%20%20%20%20%20%20%20%20%20%20%20%20%20%20%20%20%20status%0A%20%20%20%20%20%20%20%20%20%20%20%20%20%20%20%20%20%20%20%20startDate%0A%20%20%20%20%20%20%20%20%20%20%20%20%20%20%20%20%20%20%20%20endDate%0A%20%20%20%20%20%20%20%20%20%20%20%20%20%20%20%20%7D%0A%20%20%20%20%20%20%20%20%20%20%20%20%20%20%20%20%7D%0A%20%20%20%20%20%20%20%20%20%20%20%20 HTTP/1.1" 200 263
[2025-01-19 22:41:56,040] INFO [django.server:213] "GET /le? HTTP/1.1" 200 12208
[2025-01-19 22:41:56,124] INFO [django.server:213] "GET /graphql/?query=%0A%20%20%20%20%20%20%20%20%20%20%20%20%20%20%20%20query%7B%0A%20%20%20%20%20%20%20%20%20%20%20%20%20%20%20%20allLeave%7B%0A%20%20%20%20%20%20%20%20%20%20%20%20%20%20%20%20%20%20%20%20id%0A%20%20%20%20%20%20%20%20%20%20%20%20%20%20%20%20%20%20%20%20employee%7B%0A%20%20%20%20%20%20%20%20%20%20%20%20%20%20%20%20%20%20%20%20user%7B%0A%20%20%20%20%20%20%20%20%20%20%20%20%20%20%20%20%20%20%20%20%20%20%20%20username%0A%20%20%20%20%20%20%20%20%20%20%20%20%20%20%20%20%20%20%20%20%7D%0A%20%20%20%20%20%20%20%20%20%20%20%20%20%20%20%20%20%20%20%20%7D%0A%20%20%20%20%20%20%20%20%20%20%20%20%20%20%20%20%20%20%20%20status%0A%20%20%20%20%20%20%20%20%20%20%20%20%20%20%20%20%20%20%20%20startDate%0A%20%20%20%20%20%20%20%20%20%20%20%20%20%20%20%20%20%20%20%20endDate%0A%20%20%20%20%20%20%20%20%20%20%20%20%20%20%20%20%7D%0A%20%20%20%20%20%20%20%20%20%20%20%20%20%20%20%20%7D%0A%20%20%20%20%20%20%20%20%20%20%20%20 HTTP/1.1" 200 263
[2025-01-19 22:44:03,247] INFO [django.server:213] "GET /le? HTTP/1.1" 200 12208
[2025-01-19 22:44:03,326] INFO [django.server:213] "GET /graphql/?query=%0A%20%20%20%20%20%20%20%20%20%20%20%20%20%20%20%20query%7B%0A%20%20%20%20%20%20%20%20%20%20%20%20%20%20%20%20allLeave%7B%0A%20%20%20%20%20%20%20%20%20%20%20%20%20%20%20%20%20%20%20%20id%0A%20%20%20%20%20%20%20%20%20%20%20%20%20%20%20%20%20%20%20%20employee%7B%0A%20%20%20%20%20%20%20%20%20%20%20%20%20%20%20%20%20%20%20%20user%7B%0A%20%20%20%20%20%20%20%20%20%20%20%20%20%20%20%20%20%20%20%20%20%20%20%20username%0A%20%20%20%20%20%20%20%20%20%20%20%20%20%20%20%20%20%20%20%20%7D%0A%20%20%20%20%20%20%20%20%20%20%20%20%20%20%20%20%20%20%20%20%7D%0A%20%20%20%20%20%20%20%20%20%20%20%20%20%20%20%20%20%20%20%20status%0A%20%20%20%20%20%20%20%20%20%20%20%20%20%20%20%20%20%20%20%20startDate%0A%20%20%20%20%20%20%20%20%20%20%20%20%20%20%20%20%20%20%20%20endDate%0A%20%20%20%20%20%20%20%20%20%20%20%20%20%20%20%20%7D%0A%20%20%20%20%20%20%20%20%20%20%20%20%20%20%20%20%7D%0A%20%20%20%20%20%20%20%20%20%20%20%20 HTTP/1.1" 302 0
[2025-01-19 22:44:03,333] INFO [django.server:213] "GET /l HTTP/1.1" 200 9208
[2025-01-19 22:44:08,647] INFO [django.server:213] "GET /le? HTTP/1.1" 200 12208
[2025-01-19 22:44:08,722] INFO [django.server:213] "GET /graphql/?query=%0A%20%20%20%20%20%20%20%20%20%20%20%20%20%20%20%20query%7B%0A%20%20%20%20%20%20%20%20%20%20%20%20%20%20%20%20allLeave%7B%0A%20%20%20%20%20%20%20%20%20%20%20%20%20%20%20%20%20%20%20%20id%0A%20%20%20%20%20%20%20%20%20%20%20%20%20%20%20%20%20%20%20%20employee%7B%0A%20%20%20%20%20%20%20%20%20%20%20%20%20%20%20%20%20%20%20%20user%7B%0A%20%20%20%20%20%20%20%20%20%20%20%20%20%20%20%20%20%20%20%20%20%20%20%20username%0A%20%20%20%20%20%20%20%20%20%20%20%20%20%20%20%20%20%20%20%20%7D%0A%20%20%20%20%20%20%20%20%20%20%20%20%20%20%20%20%20%20%20%20%7D%0A%20%20%20%20%20%20%20%20%20%20%20%20%20%20%20%20%20%20%20%20status%0A%20%20%20%20%20%20%20%20%20%20%20%20%20%20%20%20%20%20%20%20startDate%0A%20%20%20%20%20%20%20%20%20%20%20%20%20%20%20%20%20%20%20%20endDate%0A%20%20%20%20%20%20%20%20%20%20%20%20%20%20%20%20%7D%0A%20%20%20%20%20%20%20%20%20%20%20%20%20%20%20%20%7D%0A%20%20%20%20%20%20%20%20%20%20%20%20 HTTP/1.1" 302 0
[2025-01-19 22:44:08,729] INFO [django.server:213] "GET /l HTTP/1.1" 200 9208
[2025-01-19 22:44:09,880] INFO [django.server:213] "GET /le? HTTP/1.1" 200 12208
[2025-01-19 22:44:09,943] INFO [django.server:213] "GET /graphql/?query=%0A%20%20%20%20%20%20%20%20%20%20%20%20%20%20%20%20query%7B%0A%20%20%20%20%20%20%20%20%20%20%20%20%20%20%20%20allLeave%7B%0A%20%20%20%20%20%20%20%20%20%20%20%20%20%20%20%20%20%20%20%20id%0A%20%20%20%20%20%20%20%20%20%20%20%20%20%20%20%20%20%20%20%20employee%7B%0A%20%20%20%20%20%20%20%20%20%20%20%20%20%20%20%20%20%20%20%20user%7B%0A%20%20%20%20%20%20%20%20%20%20%20%20%20%20%20%20%20%20%20%20%20%20%20%20username%0A%20%20%20%20%20%20%20%20%20%20%20%20%20%20%20%20%20%20%20%20%7D%0A%20%20%20%20%20%20%20%20%20%20%20%20%20%20%20%20%20%20%20%20%7D%0A%20%20%20%20%20%20%20%20%20%20%20%20%20%20%20%20%20%20%20%20status%0A%20%20%20%20%20%20%20%20%20%20%20%20%20%20%20%20%20%20%20%20startDate%0A%20%20%20%20%20%20%20%20%20%20%20%20%20%20%20%20%20%20%20%20endDate%0A%20%20%20%20%20%20%20%20%20%20%20%20%20%20%20%20%7D%0A%20%20%20%20%20%20%20%20%20%20%20%20%20%20%20%20%7D%0A%20%20%20%20%20%20%20%20%20%20%20%20 HTTP/1.1" 302 0
[2025-01-19 22:44:09,955] INFO [django.server:213] "GET /l HTTP/1.1" 200 9208
[2025-01-19 22:46:10,495] INFO [django.utils.autoreload:266] C:\Users\DEV-018\Desktop\sakib\backend\GraphQL\Employee-management-project\User\new_middleware.py changed, reloading.
[2025-01-19 22:46:11,207] INFO [django.utils.autoreload:668] Watching for file changes with StatReloader
[2025-01-19 22:46:19,784] INFO [django.utils.autoreload:266] C:\Users\DEV-018\Desktop\sakib\backend\GraphQL\Employee-management-project\User\new_middleware.py changed, reloading.
[2025-01-19 22:46:20,455] INFO [django.utils.autoreload:668] Watching for file changes with StatReloader
[2025-01-19 22:46:26,979] INFO [django.server:213] "GET /le? HTTP/1.1" 200 12208
[2025-01-19 22:46:27,049] INFO [django.server:213] "GET /graphql/?query=%0A%20%20%20%20%20%20%20%20%20%20%20%20%20%20%20%20query%7B%0A%20%20%20%20%20%20%20%20%20%20%20%20%20%20%20%20allLeave%7B%0A%20%20%20%20%20%20%20%20%20%20%20%20%20%20%20%20%20%20%20%20id%0A%20%20%20%20%20%20%20%20%20%20%20%20%20%20%20%20%20%20%20%20employee%7B%0A%20%20%20%20%20%20%20%20%20%20%20%20%20%20%20%20%20%20%20%20user%7B%0A%20%20%20%20%20%20%20%20%20%20%20%20%20%20%20%20%20%20%20%20%20%20%20%20username%0A%20%20%20%20%20%20%20%20%20%20%20%20%20%20%20%20%20%20%20%20%7D%0A%20%20%20%20%20%20%20%20%20%20%20%20%20%20%20%20%20%20%20%20%7D%0A%20%20%20%20%20%20%20%20%20%20%20%20%20%20%20%20%20%20%20%20status%0A%20%20%20%20%20%20%20%20%20%20%20%20%20%20%20%20%20%20%20%20startDate%0A%20%20%20%20%20%20%20%20%20%20%20%20%20%20%20%20%20%20%20%20endDate%0A%20%20%20%20%20%20%20%20%20%20%20%20%20%20%20%20%7D%0A%20%20%20%20%20%20%20%20%20%20%20%20%20%20%20%20%7D%0A%20%20%20%20%20%20%20%20%20%20%20%20 HTTP/1.1" 302 0
[2025-01-19 22:46:27,057] INFO [django.server:213] "GET /l HTTP/1.1" 200 9208
[2025-01-19 22:46:30,060] INFO [django.server:213] "GET /l HTTP/1.1" 200 9208
[2025-01-19 22:46:42,704] INFO [django.server:213] "POST /graphql/ HTTP/1.1" 200 368
[2025-01-19 22:46:42,735] INFO [django.server:213] "GET /d HTTP/1.1" 200 9241
[2025-01-19 22:46:42,839] INFO [django.server:213] "GET /graphql/?query=%0A%20%20%20%20%20%20%20%20query%20%7B%0A%20%20%20%20%20%20%20%20%20%20%20%20allEmployee%20%7B%0A%20%20%20%20%20%20%20%20%20%20%20%20%20%20%20%20id%0A%20%20%20%20%20%20%20%20%20%20%20%20%20%20%20%20employeeId%0A%20%20%20%20%20%20%20%20%20%20%20%20%20%20%20%20address%0A%20%20%20%20%20%20%20%20%20%20%20%20%20%20%20%20user%20%7B%0A%20%20%20%20%20%20%20%20%20%20%20%20%20%20%20%20%20%20%20%20id%0A%20%20%20%20%20%20%20%20%20%20%20%20%20%20%20%20%20%20%20%20username%0A%20%20%20%20%20%20%20%20%20%20%20%20%20%20%20%20%20%20%20%20role%7B%0A%20%20%20%20%20%20%20%20%20%20%20%20%20%20%20%20%20%20%20%20name%0A%20%20%20%20%20%20%20%20%20%20%20%20%20%20%20%20%20%20%20%20%7D%0A%20%20%20%20%20%20%20%20%20%20%20%20%20%20%20%20%7D%0A%20%20%20%20%20%20%20%20%20%20%20%20%20%20%20%20department%20%7B%0A%20%20%20%20%20%20%20%20%20%20%20%20%20%20%20%20%20%20%20%20name%0A%20%20%20%20%20%20%20%20%20%20%20%20%20%20%20%20%7D%0A%20%20%20%20%20%20%20%20%20%20%20%20%7D%0A%20%20%20%20%20%20%20%20%7D%0A%20%20%20%20 HTTP/1.1" 200 953
[2025-01-19 22:46:45,721] INFO [django.server:213] "GET /le HTTP/1.1" 200 12208
[2025-01-19 22:46:45,820] INFO [django.server:213] "GET /graphql/?query=%0A%20%20%20%20%20%20%20%20%20%20%20%20%20%20%20%20query%7B%0A%20%20%20%20%20%20%20%20%20%20%20%20%20%20%20%20allLeave%7B%0A%20%20%20%20%20%20%20%20%20%20%20%20%20%20%20%20%20%20%20%20id%0A%20%20%20%20%20%20%20%20%20%20%20%20%20%20%20%20%20%20%20%20employee%7B%0A%20%20%20%20%20%20%20%20%20%20%20%20%20%20%20%20%20%20%20%20user%7B%0A%20%20%20%20%20%20%20%20%20%20%20%20%20%20%20%20%20%20%20%20%20%20%20%20username%0A%20%20%20%20%20%20%20%20%20%20%20%20%20%20%20%20%20%20%20%20%7D%0A%20%20%20%20%20%20%20%20%20%20%20%20%20%20%20%20%20%20%20%20%7D%0A%20%20%20%20%20%20%20%20%20%20%20%20%20%20%20%20%20%20%20%20status%0A%20%20%20%20%20%20%20%20%20%20%20%20%20%20%20%20%20%20%20%20startDate%0A%20%20%20%20%20%20%20%20%20%20%20%20%20%20%20%20%20%20%20%20endDate%0A%20%20%20%20%20%20%20%20%20%20%20%20%20%20%20%20%7D%0A%20%20%20%20%20%20%20%20%20%20%20%20%20%20%20%20%7D%0A%20%20%20%20%20%20%20%20%20%20%20%20 HTTP/1.1" 200 263
[2025-01-19 22:46:53,055] INFO [django.server:213] "GET /le HTTP/1.1" 200 12208
[2025-01-19 22:46:53,152] INFO [django.server:213] "GET /graphql/?query=%0A%20%20%20%20%20%20%20%20%20%20%20%20%20%20%20%20query%7B%0A%20%20%20%20%20%20%20%20%20%20%20%20%20%20%20%20allLeave%7B%0A%20%20%20%20%20%20%20%20%20%20%20%20%20%20%20%20%20%20%20%20id%0A%20%20%20%20%20%20%20%20%20%20%20%20%20%20%20%20%20%20%20%20employee%7B%0A%20%20%20%20%20%20%20%20%20%20%20%20%20%20%20%20%20%20%20%20user%7B%0A%20%20%20%20%20%20%20%20%20%20%20%20%20%20%20%20%20%20%20%20%20%20%20%20username%0A%20%20%20%20%20%20%20%20%20%20%20%20%20%20%20%20%20%20%20%20%7D%0A%20%20%20%20%20%20%20%20%20%20%20%20%20%20%20%20%20%20%20%20%7D%0A%20%20%20%20%20%20%20%20%20%20%20%20%20%20%20%20%20%20%20%20status%0A%20%20%20%20%20%20%20%20%20%20%20%20%20%20%20%20%20%20%20%20startDate%0A%20%20%20%20%20%20%20%20%20%20%20%20%20%20%20%20%20%20%20%20endDate%0A%20%20%20%20%20%20%20%20%20%20%20%20%20%20%20%20%7D%0A%20%20%20%20%20%20%20%20%20%20%20%20%20%20%20%20%7D%0A%20%20%20%20%20%20%20%20%20%20%20%20 HTTP/1.1" 200 263
[2025-01-19 22:47:49,820] INFO [django.server:213] "GET /le HTTP/1.1" 200 12208
[2025-01-19 22:47:49,891] INFO [django.server:213] "GET /graphql/?query=%0A%20%20%20%20%20%20%20%20%20%20%20%20%20%20%20%20query%7B%0A%20%20%20%20%20%20%20%20%20%20%20%20%20%20%20%20allLeave%7B%0A%20%20%20%20%20%20%20%20%20%20%20%20%20%20%20%20%20%20%20%20id%0A%20%20%20%20%20%20%20%20%20%20%20%20%20%20%20%20%20%20%20%20employee%7B%0A%20%20%20%20%20%20%20%20%20%20%20%20%20%20%20%20%20%20%20%20user%7B%0A%20%20%20%20%20%20%20%20%20%20%20%20%20%20%20%20%20%20%20%20%20%20%20%20username%0A%20%20%20%20%20%20%20%20%20%20%20%20%20%20%20%20%20%20%20%20%7D%0A%20%20%20%20%20%20%20%20%20%20%20%20%20%20%20%20%20%20%20%20%7D%0A%20%20%20%20%20%20%20%20%20%20%20%20%20%20%20%20%20%20%20%20status%0A%20%20%20%20%20%20%20%20%20%20%20%20%20%20%20%20%20%20%20%20startDate%0A%20%20%20%20%20%20%20%20%20%20%20%20%20%20%20%20%20%20%20%20endDate%0A%20%20%20%20%20%20%20%20%20%20%20%20%20%20%20%20%7D%0A%20%20%20%20%20%20%20%20%20%20%20%20%20%20%20%20%7D%0A%20%20%20%20%20%20%20%20%20%20%20%20 HTTP/1.1" 302 0
[2025-01-19 22:47:49,899] INFO [django.server:213] "GET /l HTTP/1.1" 200 9208
[2025-01-19 22:47:52,379] INFO [django.server:213] "GET /le HTTP/1.1" 200 12208
[2025-01-19 22:47:52,448] INFO [django.server:213] "GET /graphql/?query=%0A%20%20%20%20%20%20%20%20%20%20%20%20%20%20%20%20query%7B%0A%20%20%20%20%20%20%20%20%20%20%20%20%20%20%20%20allLeave%7B%0A%20%20%20%20%20%20%20%20%20%20%20%20%20%20%20%20%20%20%20%20id%0A%20%20%20%20%20%20%20%20%20%20%20%20%20%20%20%20%20%20%20%20employee%7B%0A%20%20%20%20%20%20%20%20%20%20%20%20%20%20%20%20%20%20%20%20user%7B%0A%20%20%20%20%20%20%20%20%20%20%20%20%20%20%20%20%20%20%20%20%20%20%20%20username%0A%20%20%20%20%20%20%20%20%20%20%20%20%20%20%20%20%20%20%20%20%7D%0A%20%20%20%20%20%20%20%20%20%20%20%20%20%20%20%20%20%20%20%20%7D%0A%20%20%20%20%20%20%20%20%20%20%20%20%20%20%20%20%20%20%20%20status%0A%20%20%20%20%20%20%20%20%20%20%20%20%20%20%20%20%20%20%20%20startDate%0A%20%20%20%20%20%20%20%20%20%20%20%20%20%20%20%20%20%20%20%20endDate%0A%20%20%20%20%20%20%20%20%20%20%20%20%20%20%20%20%7D%0A%20%20%20%20%20%20%20%20%20%20%20%20%20%20%20%20%7D%0A%20%20%20%20%20%20%20%20%20%20%20%20 HTTP/1.1" 302 0
[2025-01-19 22:47:52,448] INFO [django.server:213] "GET /l HTTP/1.1" 200 9208
[2025-01-20 10:03:43,830] INFO [django.utils.autoreload:266] C:\Users\DEV-018\Desktop\sakib\backend\GraphQL\Employee-management-project\User\views.py changed, reloading.
[2025-01-20 10:03:45,695] INFO [django.utils.autoreload:668] Watching for file changes with StatReloader
[2025-01-20 10:03:50,605] INFO [django.utils.autoreload:266] C:\Users\DEV-018\Desktop\sakib\backend\GraphQL\Employee-management-project\User\views.py changed, reloading.
[2025-01-20 10:03:51,976] INFO [django.utils.autoreload:668] Watching for file changes with StatReloader
[2025-01-20 10:03:53,670] INFO [django.utils.autoreload:266] C:\Users\DEV-018\Desktop\sakib\backend\GraphQL\Employee-management-project\User\views.py changed, reloading.
[2025-01-20 10:03:55,093] INFO [django.utils.autoreload:668] Watching for file changes with StatReloader
[2025-01-20 10:04:00,977] INFO [django.utils.autoreload:266] C:\Users\DEV-018\Desktop\sakib\backend\GraphQL\Employee-management-project\User\views.py changed, reloading.
[2025-01-20 10:04:02,640] INFO [django.utils.autoreload:668] Watching for file changes with StatReloader
[2025-01-20 10:04:17,013] INFO [django.utils.autoreload:266] C:\Users\DEV-018\Desktop\sakib\backend\GraphQL\Employee-management-project\User\views.py changed, reloading.
[2025-01-20 10:04:18,444] INFO [django.utils.autoreload:668] Watching for file changes with StatReloader
[2025-01-20 10:04:38,390] INFO [django.utils.autoreload:266] C:\Users\DEV-018\Desktop\sakib\backend\GraphQL\Employee-management-project\User\views.py changed, reloading.
[2025-01-20 10:04:40,189] INFO [django.utils.autoreload:668] Watching for file changes with StatReloader
[2025-01-20 10:04:46,865] INFO [django.utils.autoreload:266] C:\Users\DEV-018\Desktop\sakib\backend\GraphQL\Employee-management-project\User\views.py changed, reloading.
[2025-01-20 10:04:48,372] INFO [django.utils.autoreload:668] Watching for file changes with StatReloader
[2025-01-20 10:04:58,478] INFO [django.utils.autoreload:266] C:\Users\DEV-018\Desktop\sakib\backend\GraphQL\Employee-management-project\User\views.py changed, reloading.
[2025-01-20 10:05:00,005] INFO [django.utils.autoreload:668] Watching for file changes with StatReloader
[2025-01-20 10:05:13,105] INFO [django.utils.autoreload:266] C:\Users\DEV-018\Desktop\sakib\backend\GraphQL\Employee-management-project\User\views.py changed, reloading.
[2025-01-20 10:05:14,545] INFO [django.utils.autoreload:668] Watching for file changes with StatReloader
[2025-01-20 10:05:23,469] INFO [django.utils.autoreload:266] C:\Users\DEV-018\Desktop\sakib\backend\GraphQL\Employee-management-project\User\views.py changed, reloading.
[2025-01-20 10:05:24,936] INFO [django.utils.autoreload:668] Watching for file changes with StatReloader
[2025-01-20 10:05:26,537] INFO [django.utils.autoreload:266] C:\Users\DEV-018\Desktop\sakib\backend\GraphQL\Employee-management-project\User\views.py changed, reloading.
[2025-01-20 10:05:27,810] INFO [django.utils.autoreload:668] Watching for file changes with StatReloader
[2025-01-20 10:06:04,418] INFO [django.server:213] "GET /le HTTP/1.1" 200 12208
[2025-01-20 10:06:04,592] INFO [django.server:213] "GET /graphql/?query=%0A%20%20%20%20%20%20%20%20%20%20%20%20%20%20%20%20query%7B%0A%20%20%20%20%20%20%20%20%20%20%20%20%20%20%20%20allLeave%7B%0A%20%20%20%20%20%20%20%20%20%20%20%20%20%20%20%20%20%20%20%20id%0A%20%20%20%20%20%20%20%20%20%20%20%20%20%20%20%20%20%20%20%20employee%7B%0A%20%20%20%20%20%20%20%20%20%20%20%20%20%20%20%20%20%20%20%20user%7B%0A%20%20%20%20%20%20%20%20%20%20%20%20%20%20%20%20%20%20%20%20%20%20%20%20username%0A%20%20%20%20%20%20%20%20%20%20%20%20%20%20%20%20%20%20%20%20%7D%0A%20%20%20%20%20%20%20%20%20%20%20%20%20%20%20%20%20%20%20%20%7D%0A%20%20%20%20%20%20%20%20%20%20%20%20%20%20%20%20%20%20%20%20status%0A%20%20%20%20%20%20%20%20%20%20%20%20%20%20%20%20%20%20%20%20startDate%0A%20%20%20%20%20%20%20%20%20%20%20%20%20%20%20%20%20%20%20%20endDate%0A%20%20%20%20%20%20%20%20%20%20%20%20%20%20%20%20%7D%0A%20%20%20%20%20%20%20%20%20%20%20%20%20%20%20%20%7D%0A%20%20%20%20%20%20%20%20%20%20%20%20 HTTP/1.1" 302 0
[2025-01-20 10:06:04,611] INFO [django.server:213] "GET /l HTTP/1.1" 200 9208
[2025-01-20 10:06:06,011] INFO [django.server:213] "GET /l HTTP/1.1" 200 9208
[2025-01-20 10:06:17,200] INFO [django.server:213] "POST /graphql/ HTTP/1.1" 200 368
[2025-01-20 10:06:17,274] INFO [django.server:213] "GET /d HTTP/1.1" 200 9241
[2025-01-20 10:06:17,530] INFO [django.server:213] "GET /graphql/?query=%0A%20%20%20%20%20%20%20%20query%20%7B%0A%20%20%20%20%20%20%20%20%20%20%20%20allEmployee%20%7B%0A%20%20%20%20%20%20%20%20%20%20%20%20%20%20%20%20id%0A%20%20%20%20%20%20%20%20%20%20%20%20%20%20%20%20employeeId%0A%20%20%20%20%20%20%20%20%20%20%20%20%20%20%20%20address%0A%20%20%20%20%20%20%20%20%20%20%20%20%20%20%20%20user%20%7B%0A%20%20%20%20%20%20%20%20%20%20%20%20%20%20%20%20%20%20%20%20id%0A%20%20%20%20%20%20%20%20%20%20%20%20%20%20%20%20%20%20%20%20username%0A%20%20%20%20%20%20%20%20%20%20%20%20%20%20%20%20%20%20%20%20role%7B%0A%20%20%20%20%20%20%20%20%20%20%20%20%20%20%20%20%20%20%20%20name%0A%20%20%20%20%20%20%20%20%20%20%20%20%20%20%20%20%20%20%20%20%7D%0A%20%20%20%20%20%20%20%20%20%20%20%20%20%20%20%20%7D%0A%20%20%20%20%20%20%20%20%20%20%20%20%20%20%20%20department%20%7B%0A%20%20%20%20%20%20%20%20%20%20%20%20%20%20%20%20%20%20%20%20name%0A%20%20%20%20%20%20%20%20%20%20%20%20%20%20%20%20%7D%0A%20%20%20%20%20%20%20%20%20%20%20%20%7D%0A%20%20%20%20%20%20%20%20%7D%0A%20%20%20%20 HTTP/1.1" 200 953
[2025-01-20 10:06:19,605] INFO [django.server:213] "GET /le HTTP/1.1" 200 12208
[2025-01-20 10:06:19,807] INFO [django.server:213] "GET /graphql/?query=%0A%20%20%20%20%20%20%20%20%20%20%20%20%20%20%20%20query%7B%0A%20%20%20%20%20%20%20%20%20%20%20%20%20%20%20%20allLeave%7B%0A%20%20%20%20%20%20%20%20%20%20%20%20%20%20%20%20%20%20%20%20id%0A%20%20%20%20%20%20%20%20%20%20%20%20%20%20%20%20%20%20%20%20employee%7B%0A%20%20%20%20%20%20%20%20%20%20%20%20%20%20%20%20%20%20%20%20user%7B%0A%20%20%20%20%20%20%20%20%20%20%20%20%20%20%20%20%20%20%20%20%20%20%20%20username%0A%20%20%20%20%20%20%20%20%20%20%20%20%20%20%20%20%20%20%20%20%7D%0A%20%20%20%20%20%20%20%20%20%20%20%20%20%20%20%20%20%20%20%20%7D%0A%20%20%20%20%20%20%20%20%20%20%20%20%20%20%20%20%20%20%20%20status%0A%20%20%20%20%20%20%20%20%20%20%20%20%20%20%20%20%20%20%20%20startDate%0A%20%20%20%20%20%20%20%20%20%20%20%20%20%20%20%20%20%20%20%20endDate%0A%20%20%20%20%20%20%20%20%20%20%20%20%20%20%20%20%7D%0A%20%20%20%20%20%20%20%20%20%20%20%20%20%20%20%20%7D%0A%20%20%20%20%20%20%20%20%20%20%20%20 HTTP/1.1" 200 263
[2025-01-20 10:06:35,261] INFO [django.server:213] "GET /le HTTP/1.1" 200 12208
[2025-01-20 10:06:35,465] INFO [django.server:213] "GET /graphql/?query=%0A%20%20%20%20%20%20%20%20%20%20%20%20%20%20%20%20query%7B%0A%20%20%20%20%20%20%20%20%20%20%20%20%20%20%20%20allLeave%7B%0A%20%20%20%20%20%20%20%20%20%20%20%20%20%20%20%20%20%20%20%20id%0A%20%20%20%20%20%20%20%20%20%20%20%20%20%20%20%20%20%20%20%20employee%7B%0A%20%20%20%20%20%20%20%20%20%20%20%20%20%20%20%20%20%20%20%20user%7B%0A%20%20%20%20%20%20%20%20%20%20%20%20%20%20%20%20%20%20%20%20%20%20%20%20username%0A%20%20%20%20%20%20%20%20%20%20%20%20%20%20%20%20%20%20%20%20%7D%0A%20%20%20%20%20%20%20%20%20%20%20%20%20%20%20%20%20%20%20%20%7D%0A%20%20%20%20%20%20%20%20%20%20%20%20%20%20%20%20%20%20%20%20status%0A%20%20%20%20%20%20%20%20%20%20%20%20%20%20%20%20%20%20%20%20startDate%0A%20%20%20%20%20%20%20%20%20%20%20%20%20%20%20%20%20%20%20%20endDate%0A%20%20%20%20%20%20%20%20%20%20%20%20%20%20%20%20%7D%0A%20%20%20%20%20%20%20%20%20%20%20%20%20%20%20%20%7D%0A%20%20%20%20%20%20%20%20%20%20%20%20 HTTP/1.1" 302 0
[2025-01-20 10:06:35,479] INFO [django.server:213] "GET /l HTTP/1.1" 200 9208
[2025-01-20 10:07:19,452] INFO [django.utils.autoreload:266] C:\Users\DEV-018\Desktop\sakib\backend\GraphQL\Employee-management-project\User\new_middleware.py changed, reloading.
[2025-01-20 10:07:21,266] INFO [django.utils.autoreload:668] Watching for file changes with StatReloader
[2025-01-20 10:07:53,974] INFO [django.utils.autoreload:266] C:\Users\DEV-018\Desktop\sakib\backend\GraphQL\Employee-management-project\User\new_middleware.py changed, reloading.
[2025-01-20 10:07:55,256] INFO [django.utils.autoreload:668] Watching for file changes with StatReloader
[2025-01-20 10:08:02,250] INFO [django.utils.autoreload:266] C:\Users\DEV-018\Desktop\sakib\backend\GraphQL\Employee-management-project\User\new_middleware.py changed, reloading.
[2025-01-20 10:08:03,448] INFO [django.utils.autoreload:668] Watching for file changes with StatReloader
[2025-01-20 10:08:06,283] INFO [django.utils.autoreload:266] C:\Users\DEV-018\Desktop\sakib\backend\GraphQL\Employee-management-project\User\new_middleware.py changed, reloading.
[2025-01-20 10:08:07,496] INFO [django.utils.autoreload:668] Watching for file changes with StatReloader
[2025-01-20 10:08:19,577] INFO [django.utils.autoreload:266] C:\Users\DEV-018\Desktop\sakib\backend\GraphQL\Employee-management-project\User\new_middleware.py changed, reloading.
[2025-01-20 10:08:20,990] INFO [django.utils.autoreload:668] Watching for file changes with StatReloader
[2025-01-20 10:08:37,940] INFO [django.utils.autoreload:266] C:\Users\DEV-018\Desktop\sakib\backend\GraphQL\Employee-management-project\User\new_middleware.py changed, reloading.
[2025-01-20 10:08:39,238] INFO [django.utils.autoreload:668] Watching for file changes with StatReloader
[2025-01-20 10:08:44,373] INFO [django.utils.autoreload:266] C:\Users\DEV-018\Desktop\sakib\backend\GraphQL\Employee-management-project\User\new_middleware.py changed, reloading.
[2025-01-20 10:08:45,611] INFO [django.utils.autoreload:668] Watching for file changes with StatReloader
[2025-01-20 10:09:09,526] INFO [django.utils.autoreload:266] C:\Users\DEV-018\Desktop\sakib\backend\GraphQL\Employee-management-project\User\new_middleware.py changed, reloading.
[2025-01-20 10:09:11,125] INFO [django.utils.autoreload:668] Watching for file changes with StatReloader
[2025-01-20 10:09:17,984] INFO [django.utils.autoreload:266] C:\Users\DEV-018\Desktop\sakib\backend\GraphQL\Employee-management-project\User\new_middleware.py changed, reloading.
[2025-01-20 10:09:19,204] INFO [django.utils.autoreload:668] Watching for file changes with StatReloader
[2025-01-20 10:09:21,942] INFO [django.utils.autoreload:266] C:\Users\DEV-018\Desktop\sakib\backend\GraphQL\Employee-management-project\User\new_middleware.py changed, reloading.
[2025-01-20 10:09:23,170] INFO [django.utils.autoreload:668] Watching for file changes with StatReloader
[2025-01-20 10:09:35,808] INFO [django.utils.autoreload:266] C:\Users\DEV-018\Desktop\sakib\backend\GraphQL\Employee-management-project\User\new_middleware.py changed, reloading.
[2025-01-20 10:09:37,370] INFO [django.utils.autoreload:668] Watching for file changes with StatReloader
[2025-01-20 10:09:43,318] INFO [django.utils.autoreload:266] C:\Users\DEV-018\Desktop\sakib\backend\GraphQL\Employee-management-project\User\new_middleware.py changed, reloading.
[2025-01-20 10:09:44,824] INFO [django.utils.autoreload:668] Watching for file changes with StatReloader
[2025-01-20 10:09:51,651] INFO [django.utils.autoreload:266] C:\Users\DEV-018\Desktop\sakib\backend\GraphQL\Employee-management-project\User\new_middleware.py changed, reloading.
[2025-01-20 10:09:53,493] INFO [django.utils.autoreload:668] Watching for file changes with StatReloader
[2025-01-20 10:10:01,174] INFO [django.server:213] "GET /le HTTP/1.1" 302 0
[2025-01-20 10:10:01,183] INFO [django.server:213] "GET /l HTTP/1.1" 302 0
[2025-01-20 10:10:01,209] INFO [django.server:213] "GET /l HTTP/1.1" 302 0
[2025-01-20 10:10:01,221] INFO [django.server:213] "GET /l HTTP/1.1" 302 0
[2025-01-20 10:10:01,241] INFO [django.server:213] "GET /l HTTP/1.1" 302 0
[2025-01-20 10:10:01,259] INFO [django.server:213] "GET /l HTTP/1.1" 302 0
[2025-01-20 10:10:01,271] INFO [django.server:213] "GET /l HTTP/1.1" 302 0
[2025-01-20 10:10:01,290] INFO [django.server:213] "GET /l HTTP/1.1" 302 0
[2025-01-20 10:10:01,302] INFO [django.server:213] "GET /l HTTP/1.1" 302 0
[2025-01-20 10:10:01,318] INFO [django.server:213] "GET /l HTTP/1.1" 302 0
[2025-01-20 10:10:01,337] INFO [django.server:213] "GET /l HTTP/1.1" 302 0
[2025-01-20 10:10:01,354] INFO [django.server:213] "GET /l HTTP/1.1" 302 0
[2025-01-20 10:10:01,399] INFO [django.server:213] "GET /l HTTP/1.1" 302 0
[2025-01-20 10:10:01,425] INFO [django.server:213] "GET /l HTTP/1.1" 302 0
[2025-01-20 10:10:01,433] INFO [django.server:213] "GET /l HTTP/1.1" 302 0
[2025-01-20 10:10:01,447] INFO [django.server:213] "GET /l HTTP/1.1" 302 0
[2025-01-20 10:10:01,464] INFO [django.server:213] "GET /l HTTP/1.1" 302 0
[2025-01-20 10:10:01,497] INFO [django.server:213] "GET /l HTTP/1.1" 302 0
[2025-01-20 10:10:01,526] INFO [django.server:213] "GET /l HTTP/1.1" 302 0
[2025-01-20 10:10:01,536] INFO [django.server:213] "GET /l HTTP/1.1" 302 0
[2025-01-20 10:10:02,641] INFO [django.server:213] "GET /l HTTP/1.1" 302 0
[2025-01-20 10:10:02,659] INFO [django.server:213] "GET /l HTTP/1.1" 302 0
[2025-01-20 10:10:02,690] INFO [django.server:213] "GET /l HTTP/1.1" 302 0
[2025-01-20 10:10:02,716] INFO [django.server:213] "GET /l HTTP/1.1" 302 0
[2025-01-20 10:10:02,734] INFO [django.server:213] "GET /l HTTP/1.1" 302 0
[2025-01-20 10:10:02,770] INFO [django.server:213] "GET /l HTTP/1.1" 302 0
[2025-01-20 10:10:02,786] INFO [django.server:213] "GET /l HTTP/1.1" 302 0
[2025-01-20 10:10:02,804] INFO [django.server:213] "GET /l HTTP/1.1" 302 0
[2025-01-20 10:10:02,830] INFO [django.server:213] "GET /l HTTP/1.1" 302 0
[2025-01-20 10:10:02,848] INFO [django.server:213] "GET /l HTTP/1.1" 302 0
[2025-01-20 10:10:02,865] INFO [django.server:213] "GET /l HTTP/1.1" 302 0
[2025-01-20 10:10:02,883] INFO [django.server:213] "GET /l HTTP/1.1" 302 0
[2025-01-20 10:10:02,905] INFO [django.server:213] "GET /l HTTP/1.1" 302 0
[2025-01-20 10:10:02,935] INFO [django.server:213] "GET /l HTTP/1.1" 302 0
[2025-01-20 10:10:02,947] INFO [django.server:213] "GET /l HTTP/1.1" 302 0
[2025-01-20 10:10:02,970] INFO [django.server:213] "GET /l HTTP/1.1" 302 0
[2025-01-20 10:10:02,992] INFO [django.server:213] "GET /l HTTP/1.1" 302 0
[2025-01-20 10:10:03,013] INFO [django.server:213] "GET /l HTTP/1.1" 302 0
[2025-01-20 10:10:03,040] INFO [django.server:213] "GET /l HTTP/1.1" 302 0
[2025-01-20 10:10:03,051] INFO [django.server:213] "GET /l HTTP/1.1" 302 0
[2025-01-20 10:10:08,101] INFO [django.server:213] "GET /l HTTP/1.1" 302 0
[2025-01-20 10:10:08,116] INFO [django.server:213] "GET /l HTTP/1.1" 302 0
[2025-01-20 10:10:08,150] INFO [django.server:213] "GET /l HTTP/1.1" 302 0
[2025-01-20 10:10:08,181] INFO [django.server:213] "GET /l HTTP/1.1" 302 0
[2025-01-20 10:10:08,209] INFO [django.server:213] "GET /l HTTP/1.1" 302 0
[2025-01-20 10:10:08,249] INFO [django.server:213] "GET /l HTTP/1.1" 302 0
[2025-01-20 10:10:08,265] INFO [django.server:213] "GET /l HTTP/1.1" 302 0
[2025-01-20 10:10:08,305] INFO [django.server:213] "GET /l HTTP/1.1" 302 0
[2025-01-20 10:10:08,326] INFO [django.server:213] "GET /l HTTP/1.1" 302 0
[2025-01-20 10:10:08,367] INFO [django.server:213] "GET /l HTTP/1.1" 302 0
[2025-01-20 10:10:08,387] INFO [django.server:213] "GET /l HTTP/1.1" 302 0
[2025-01-20 10:10:08,428] INFO [django.server:213] "GET /l HTTP/1.1" 302 0
[2025-01-20 10:10:08,455] INFO [django.server:213] "GET /l HTTP/1.1" 302 0
[2025-01-20 10:10:08,468] INFO [django.server:213] "GET /l HTTP/1.1" 302 0
[2025-01-20 10:10:08,500] INFO [django.server:213] "GET /l HTTP/1.1" 302 0
[2025-01-20 10:10:08,553] INFO [django.server:213] "GET /l HTTP/1.1" 302 0
[2025-01-20 10:10:08,578] INFO [django.server:213] "GET /l HTTP/1.1" 302 0
[2025-01-20 10:10:08,616] INFO [django.server:213] "GET /l HTTP/1.1" 302 0
[2025-01-20 10:10:08,635] INFO [django.server:213] "GET /l HTTP/1.1" 302 0
[2025-01-20 10:10:08,672] INFO [django.server:213] "GET /l HTTP/1.1" 302 0
[2025-01-20 10:10:12,426] INFO [django.utils.autoreload:266] C:\Users\DEV-018\Desktop\sakib\backend\GraphQL\Employee-management-project\User\new_middleware.py changed, reloading.
[2025-01-20 10:10:13,913] INFO [django.utils.autoreload:668] Watching for file changes with StatReloader
[2025-01-20 10:10:16,855] INFO [django.server:213] "GET /l HTTP/1.1" 200 9208
[2025-01-20 10:10:23,970] INFO [django.server:213] "GET /l HTTP/1.1" 200 9208
[2025-01-20 10:10:32,342] INFO [django.server:213] "GET /d HTTP/1.1" 302 0
[2025-01-20 10:10:32,355] INFO [django.server:213] "GET /l HTTP/1.1" 200 9208
[2025-01-20 10:10:49,251] INFO [django.server:213] "POST /graphql/ HTTP/1.1" 200 368
[2025-01-20 10:10:49,309] INFO [django.server:213] "GET /d HTTP/1.1" 200 9241
[2025-01-20 10:10:49,578] INFO [django.server:213] "GET /graphql/?query=%0A%20%20%20%20%20%20%20%20query%20%7B%0A%20%20%20%20%20%20%20%20%20%20%20%20allEmployee%20%7B%0A%20%20%20%20%20%20%20%20%20%20%20%20%20%20%20%20id%0A%20%20%20%20%20%20%20%20%20%20%20%20%20%20%20%20employeeId%0A%20%20%20%20%20%20%20%20%20%20%20%20%20%20%20%20address%0A%20%20%20%20%20%20%20%20%20%20%20%20%20%20%20%20user%20%7B%0A%20%20%20%20%20%20%20%20%20%20%20%20%20%20%20%20%20%20%20%20id%0A%20%20%20%20%20%20%20%20%20%20%20%20%20%20%20%20%20%20%20%20username%0A%20%20%20%20%20%20%20%20%20%20%20%20%20%20%20%20%20%20%20%20role%7B%0A%20%20%20%20%20%20%20%20%20%20%20%20%20%20%20%20%20%20%20%20name%0A%20%20%20%20%20%20%20%20%20%20%20%20%20%20%20%20%20%20%20%20%7D%0A%20%20%20%20%20%20%20%20%20%20%20%20%20%20%20%20%7D%0A%20%20%20%20%20%20%20%20%20%20%20%20%20%20%20%20department%20%7B%0A%20%20%20%20%20%20%20%20%20%20%20%20%20%20%20%20%20%20%20%20name%0A%20%20%20%20%20%20%20%20%20%20%20%20%20%20%20%20%7D%0A%20%20%20%20%20%20%20%20%20%20%20%20%7D%0A%20%20%20%20%20%20%20%20%7D%0A%20%20%20%20 HTTP/1.1" 200 953
[2025-01-20 10:10:55,848] INFO [django.server:213] "GET /le HTTP/1.1" 200 12208
[2025-01-20 10:10:56,077] INFO [django.server:213] "GET /graphql/?query=%0A%20%20%20%20%20%20%20%20%20%20%20%20%20%20%20%20query%7B%0A%20%20%20%20%20%20%20%20%20%20%20%20%20%20%20%20allLeave%7B%0A%20%20%20%20%20%20%20%20%20%20%20%20%20%20%20%20%20%20%20%20id%0A%20%20%20%20%20%20%20%20%20%20%20%20%20%20%20%20%20%20%20%20employee%7B%0A%20%20%20%20%20%20%20%20%20%20%20%20%20%20%20%20%20%20%20%20user%7B%0A%20%20%20%20%20%20%20%20%20%20%20%20%20%20%20%20%20%20%20%20%20%20%20%20username%0A%20%20%20%20%20%20%20%20%20%20%20%20%20%20%20%20%20%20%20%20%7D%0A%20%20%20%20%20%20%20%20%20%20%20%20%20%20%20%20%20%20%20%20%7D%0A%20%20%20%20%20%20%20%20%20%20%20%20%20%20%20%20%20%20%20%20status%0A%20%20%20%20%20%20%20%20%20%20%20%20%20%20%20%20%20%20%20%20startDate%0A%20%20%20%20%20%20%20%20%20%20%20%20%20%20%20%20%20%20%20%20endDate%0A%20%20%20%20%20%20%20%20%20%20%20%20%20%20%20%20%7D%0A%20%20%20%20%20%20%20%20%20%20%20%20%20%20%20%20%7D%0A%20%20%20%20%20%20%20%20%20%20%20%20 HTTP/1.1" 200 263
[2025-01-20 10:11:45,075] INFO [django.server:213] "GET /le HTTP/1.1" 200 12208
[2025-01-20 10:11:45,250] INFO [django.server:213] "GET /graphql/?query=%0A%20%20%20%20%20%20%20%20%20%20%20%20%20%20%20%20query%7B%0A%20%20%20%20%20%20%20%20%20%20%20%20%20%20%20%20allLeave%7B%0A%20%20%20%20%20%20%20%20%20%20%20%20%20%20%20%20%20%20%20%20id%0A%20%20%20%20%20%20%20%20%20%20%20%20%20%20%20%20%20%20%20%20employee%7B%0A%20%20%20%20%20%20%20%20%20%20%20%20%20%20%20%20%20%20%20%20user%7B%0A%20%20%20%20%20%20%20%20%20%20%20%20%20%20%20%20%20%20%20%20%20%20%20%20username%0A%20%20%20%20%20%20%20%20%20%20%20%20%20%20%20%20%20%20%20%20%7D%0A%20%20%20%20%20%20%20%20%20%20%20%20%20%20%20%20%20%20%20%20%7D%0A%20%20%20%20%20%20%20%20%20%20%20%20%20%20%20%20%20%20%20%20status%0A%20%20%20%20%20%20%20%20%20%20%20%20%20%20%20%20%20%20%20%20startDate%0A%20%20%20%20%20%20%20%20%20%20%20%20%20%20%20%20%20%20%20%20endDate%0A%20%20%20%20%20%20%20%20%20%20%20%20%20%20%20%20%7D%0A%20%20%20%20%20%20%20%20%20%20%20%20%20%20%20%20%7D%0A%20%20%20%20%20%20%20%20%20%20%20%20 HTTP/1.1" 302 0
[2025-01-20 10:11:45,266] INFO [django.server:213] "GET /l HTTP/1.1" 200 9208
[2025-01-20 10:11:50,516] INFO [django.server:213] "GET /l HTTP/1.1" 200 9208
[2025-01-20 10:14:21,606] INFO [django.utils.autoreload:266] C:\Users\DEV-018\Desktop\sakib\backend\GraphQL\Employee-management-project\User\new_middleware.py changed, reloading.
[2025-01-20 10:14:22,945] INFO [django.utils.autoreload:668] Watching for file changes with StatReloader
[2025-01-20 10:21:47,185] INFO [django.server:213] "POST /graphql/ HTTP/1.1" 200 133
[2025-01-20 10:21:57,931] INFO [django.server:213] "POST /graphql/ HTTP/1.1" 200 133
[2025-01-24 07:33:44,450] INFO [django.utils.autoreload:668] Watching for file changes with StatReloader
[2025-01-24 07:33:50,735] INFO [django.server:213] "GET / HTTP/1.1" 302 0
[2025-01-24 07:33:50,753] INFO [django.server:213] "GET /l HTTP/1.1" 200 9208
[2025-01-24 07:33:50,843] INFO [django.server:213] "GET /static/css/registration.css HTTP/1.1" 200 16995
[2025-01-24 07:33:50,992] INFO [django.server:213] "GET /favicon.ico HTTP/1.1" 302 0
[2025-01-24 07:33:51,001] INFO [django.server:213] "GET /l HTTP/1.1" 200 9208
[2025-01-24 07:33:59,455] INFO [django.server:213] "GET /admin HTTP/1.1" 302 0
[2025-01-24 07:33:59,467] INFO [django.server:213] "GET /l HTTP/1.1" 200 9208
[2025-01-24 07:33:59,620] INFO [django.server:213] "GET /favicon.ico HTTP/1.1" 302 0
[2025-01-24 07:33:59,627] INFO [django.server:213] "GET /l HTTP/1.1" 200 9208
[2025-01-24 07:34:10,659] INFO [django.server:213] "GET /admin/ HTTP/1.1" 302 0
[2025-01-24 07:34:10,686] INFO [django.server:213] "GET /admin/login/?next=/admin/ HTTP/1.1" 200 4160
[2025-01-24 07:34:10,767] INFO [django.server:213] "GET /static/admin/css/base.css HTTP/1.1" 200 22092
[2025-01-24 07:34:10,767] INFO [django.server:213] "GET /static/admin/css/dark_mode.css HTTP/1.1" 200 2804
[2025-01-24 07:34:10,772] INFO [django.server:213] "GET /static/admin/css/nav_sidebar.css HTTP/1.1" 200 2810
[2025-01-24 07:34:10,774] INFO [django.server:213] "GET /static/admin/css/login.css HTTP/1.1" 200 951
[2025-01-24 07:34:10,777] INFO [django.server:213] "GET /static/admin/js/theme.js HTTP/1.1" 200 1653
[2025-01-24 07:34:10,777] INFO [django.server:213] "GET /static/admin/css/responsive.css HTTP/1.1" 200 17972
[2025-01-24 07:34:10,784] INFO [django.server:213] "GET /static/admin/js/nav_sidebar.js HTTP/1.1" 200 3063
[2025-01-24 07:34:10,844] INFO [django.server:213] "GET /favicon.ico HTTP/1.1" 302 0
[2025-01-24 07:34:10,893] INFO [django.server:213] "GET /l HTTP/1.1" 200 9208
[2025-01-24 07:34:33,178] INFO [django.server:213] "POST /admin/login/?next=/admin/ HTTP/1.1" 302 0
[2025-01-24 07:34:33,202] INFO [django.server:213] "GET /admin/ HTTP/1.1" 200 4506
[2025-01-24 07:34:33,272] INFO [django.server:213] "GET /static/admin/css/base.css HTTP/1.1" 304 0
[2025-01-24 07:34:33,275] INFO [django.server:213] "GET /static/admin/css/dark_mode.css HTTP/1.1" 304 0
[2025-01-24 07:34:33,276] INFO [django.server:213] "GET /static/admin/css/nav_sidebar.css HTTP/1.1" 304 0
[2025-01-24 07:34:33,277] INFO [django.server:213] "GET /static/admin/js/theme.js HTTP/1.1" 304 0
[2025-01-24 07:34:33,278] INFO [django.server:213] "GET /static/admin/css/dashboard.css HTTP/1.1" 200 441
[2025-01-24 07:34:33,279] INFO [django.server:213] "GET /static/admin/css/responsive.css HTTP/1.1" 304 0
[2025-01-24 07:34:33,288] INFO [django.server:213] "GET /static/admin/js/nav_sidebar.js HTTP/1.1" 304 0
[2025-01-24 07:34:33,358] INFO [django.server:213] "GET /favicon.ico HTTP/1.1" 302 0
[2025-01-24 07:34:33,411] INFO [django.server:213] "GET /l HTTP/1.1" 200 9125
[2025-01-24 07:34:38,644] INFO [django.server:213] "GET /l HTTP/1.1" 200 9125
[2025-01-24 07:34:38,722] INFO [django.server:213] "GET /favicon.ico HTTP/1.1" 302 0
[2025-01-24 07:34:38,737] INFO [django.server:213] "GET /l HTTP/1.1" 200 9125
[2025-01-24 07:34:42,044] INFO [django.server:213] "GET /l HTTP/1.1" 200 9125
[2025-01-24 07:34:42,103] INFO [django.server:213] "GET /favicon.ico HTTP/1.1" 302 0
[2025-01-24 07:34:42,119] INFO [django.server:213] "GET /l HTTP/1.1" 200 9125
[2025-01-24 07:34:45,074] INFO [django.server:213] "GET /l HTTP/1.1" 200 9125
[2025-01-24 07:34:45,132] INFO [django.server:213] "GET /favicon.ico HTTP/1.1" 302 0
[2025-01-24 07:34:45,147] INFO [django.server:213] "GET /l HTTP/1.1" 200 9125
[2025-01-24 07:34:49,982] INFO [django.server:213] "GET /d HTTP/1.1" 302 0
[2025-01-24 07:34:50,000] INFO [django.server:213] "GET /l HTTP/1.1" 200 9125
[2025-01-24 07:34:50,087] INFO [django.server:213] "GET /favicon.ico HTTP/1.1" 302 0
[2025-01-24 07:34:50,100] INFO [django.server:213] "GET /l HTTP/1.1" 200 9125
[2025-01-24 07:35:04,933] INFO [django.server:213] "GET /d HTTP/1.1" 302 0
[2025-01-24 07:35:04,945] INFO [django.server:213] "GET /l HTTP/1.1" 200 9125
[2025-01-24 07:35:05,056] INFO [django.server:213] "GET /favicon.ico HTTP/1.1" 302 0
[2025-01-24 07:35:05,070] INFO [django.server:213] "GET /l HTTP/1.1" 200 9125
[2025-01-24 07:35:19,082] INFO [django.server:213] "GET /d HTTP/1.1" 302 0
[2025-01-24 07:35:19,102] INFO [django.server:213] "GET /l HTTP/1.1" 200 9125
[2025-01-24 07:35:19,212] INFO [django.server:213] "GET /favicon.ico HTTP/1.1" 302 0
[2025-01-24 07:35:19,228] INFO [django.server:213] "GET /l HTTP/1.1" 200 9125
[2025-01-24 07:36:02,430] INFO [django.server:213] "GET /l HTTP/1.1" 200 9125
[2025-01-24 07:36:02,498] INFO [django.server:213] "GET /favicon.ico HTTP/1.1" 302 0
[2025-01-24 07:36:02,517] INFO [django.server:213] "GET /l HTTP/1.1" 200 9125
[2025-01-24 07:36:07,635] INFO [django.server:213] "POST /admin/logout/ HTTP/1.1" 200 3555
[2025-01-24 07:36:07,667] INFO [django.server:213] "GET /static/admin/css/base.css HTTP/1.1" 304 0
[2025-01-24 07:36:07,668] INFO [django.server:213] "GET /static/admin/css/responsive.css HTTP/1.1" 304 0
[2025-01-24 07:36:07,669] INFO [django.server:213] "GET /static/admin/css/nav_sidebar.css HTTP/1.1" 304 0
[2025-01-24 07:36:07,669] INFO [django.server:213] "GET /static/admin/css/dark_mode.css HTTP/1.1" 304 0
[2025-01-24 07:36:07,670] INFO [django.server:213] "GET /static/admin/js/theme.js HTTP/1.1" 304 0
[2025-01-24 07:36:07,680] INFO [django.server:213] "GET /static/admin/js/nav_sidebar.js HTTP/1.1" 304 0
[2025-01-24 07:36:07,741] INFO [django.server:213] "GET /favicon.ico HTTP/1.1" 302 0
[2025-01-24 07:36:07,790] INFO [django.server:213] "GET /l HTTP/1.1" 200 9208
[2025-01-24 07:36:13,910] INFO [django.server:213] "GET /l HTTP/1.1" 200 9208
[2025-01-24 07:36:13,966] INFO [django.server:213] "GET /favicon.ico HTTP/1.1" 302 0
[2025-01-24 07:36:13,973] INFO [django.server:213] "GET /l HTTP/1.1" 200 9208
[2025-01-24 07:36:16,060] INFO [django.server:213] "GET /l HTTP/1.1" 200 9208
[2025-01-24 07:36:16,108] INFO [django.server:213] "GET /favicon.ico HTTP/1.1" 302 0
[2025-01-24 07:36:16,119] INFO [django.server:213] "GET /l HTTP/1.1" 200 9208
[2025-01-24 07:36:28,547] INFO [django.server:213] "POST /graphql/ HTTP/1.1" 200 368
[2025-01-24 07:36:28,585] INFO [django.server:213] "GET /d HTTP/1.1" 200 9241
[2025-01-24 07:36:28,718] WARNING [django.request:248] Not Found: /favicon.ico
[2025-01-24 07:36:28,721] INFO [django.server:213] "GET /graphql/?query=%0A%20%20%20%20%20%20%20%20query%20%7B%0A%20%20%20%20%20%20%20%20%20%20%20%20allEmployee%20%7B%0A%20%20%20%20%20%20%20%20%20%20%20%20%20%20%20%20id%0A%20%20%20%20%20%20%20%20%20%20%20%20%20%20%20%20employeeId%0A%20%20%20%20%20%20%20%20%20%20%20%20%20%20%20%20address%0A%20%20%20%20%20%20%20%20%20%20%20%20%20%20%20%20user%20%7B%0A%20%20%20%20%20%20%20%20%20%20%20%20%20%20%20%20%20%20%20%20id%0A%20%20%20%20%20%20%20%20%20%20%20%20%20%20%20%20%20%20%20%20username%0A%20%20%20%20%20%20%20%20%20%20%20%20%20%20%20%20%20%20%20%20role%7B%0A%20%20%20%20%20%20%20%20%20%20%20%20%20%20%20%20%20%20%20%20name%0A%20%20%20%20%20%20%20%20%20%20%20%20%20%20%20%20%20%20%20%20%7D%0A%20%20%20%20%20%20%20%20%20%20%20%20%20%20%20%20%7D%0A%20%20%20%20%20%20%20%20%20%20%20%20%20%20%20%20department%20%7B%0A%20%20%20%20%20%20%20%20%20%20%20%20%20%20%20%20%20%20%20%20name%0A%20%20%20%20%20%20%20%20%20%20%20%20%20%20%20%20%7D%0A%20%20%20%20%20%20%20%20%20%20%20%20%7D%0A%20%20%20%20%20%20%20%20%7D%0A%20%20%20%20 HTTP/1.1" 200 953
[2025-01-24 07:36:28,722] WARNING [django.server:213] "GET /favicon.ico HTTP/1.1" 404 4804
[2025-01-24 07:36:37,083] INFO [django.server:213] "GET /eu/1/ HTTP/1.1" 200 20698
[2025-01-24 07:36:37,154] INFO [django.server:213] "GET /graphql/?query=query%20%7B%20allDepartment%20%7B%20id%20name%20%7D%20%7D HTTP/1.1" 200 158
[2025-01-24 07:36:37,160] INFO [django.server:213] "GET /graphql/?query=%0A%20%20%20%20%20%20%20%20%20%20%20%20query%20%7B%0A%20%20%20%20%20%20%20%20%20%20%20%20%20%20%20%20getParticularEmployee(id%3A%201)%20%7B%0A%20%20%20%20%20%20%20%20%20%20%20%20%20%20%20%20%20%20%20%20employeeId%0A%20%20%20%20%20%20%20%20%20%20%20%20%20%20%20%20%20%20%20%20address%0A%20%20%20%20%20%20%20%20%20%20%20%20%20%20%20%20%20%20%20%20dateOfBirth%0A%20%20%20%20%20%20%20%20%20%20%20%20%20%20%20%20%20%20%20%20phoneNumber%0A%20%20%20%20%20%20%20%20%20%20%20%20%20%20%20%20%20%20%20%20department%20%7B%0A%20%20%20%20%20%20%20%20%20%20%20%20%20%20%20%20%20%20%20%20%20%20%20%20id%0A%20%20%20%20%20%20%20%20%20%20%20%20%20%20%20%20%20%20%20%20%20%20%20%20name%0A%20%20%20%20%20%20%20%20%20%20%20%20%20%20%20%20%20%20%20%20%7D%0A%20%20%20%20%20%20%20%20%20%20%20%20%20%20%20%20%20%20%20%20employmentDetails%20%7B%0A%20%20%20%20%20%20%20%20%20%20%20%20%20%20%20%20%20%20%20%20%20%20%20%20id%0A%20%20%20%20%20%20%20%20%20%20%20%20%20%20%20%20%20%20%20%20%20%20%20%20startDate%0A%20%20%20%20%20%20%20%20%20%20%20%20%20%20%20%20%20%20%20%20%20%20%20%20dateOfResignation%0A%20%20%20%20%20%20%20%20%20%20%20%20%20%20%20%20%20%20%20%20%20%20%20%20jobTitle%0A%20%20%20%20%20%20%20%20%20%20%20%20%20%20%20%20%20%20%20%20%20%20%20%20supervisor%0A%20%20%20%20%20%20%20%20%20%20%20%20%20%20%20%20%20%20%20%20%20%20%20%20employmentType%0A%20%20%20%20%20%20%20%20%20%20%20%20%20%20%20%20%20%20%20%20%20%20%20%20employmentStatus%0A%20%20%20%20%20%20%20%20%20%20%20%20%20%20%20%20%20%20%20%20%20%20%20%20officeLocation%0A%20%20%20%20%20%20%20%20%20%20%20%20%20%20%20%20%20%20%20%20%20%20%20%20reason%0A%20%20%20%20%20%20%20%20%20%20%20%20%20%20%20%20%20%20%20%20%7D%0A%20%20%20%20%20%20%20%20%20%20%20%20%20%20%20%20%7D%0A%20%20%20%20%20%20%20%20%20%20%20%20%7D%0A%20%20%20%20%20%20%20%20 HTTP/1.1" 200 198
[2025-01-24 07:36:55,775] INFO [django.server:213] "GET /ec HTTP/1.1" 200 16700
[2025-01-24 07:36:55,832] INFO [django.server:213] "GET /graphql/?query=query%20%7B%20allUserData%20%7Bid%20email%20%7D%20%7D HTTP/1.1" 200 296
[2025-01-24 07:36:55,857] INFO [django.server:213] "GET /graphql/?query=query%20%7B%20allDepartment%20%7B%20id%20name%20%7D%20%7D HTTP/1.1" 200 158
[2025-01-24 07:37:56,495] INFO [django.server:213] "GET /ec HTTP/1.1" 302 0
[2025-01-24 07:37:56,502] INFO [django.server:213] "GET /l HTTP/1.1" 200 9208
[2025-01-24 14:31:48,718] INFO [django.utils.autoreload:668] Watching for file changes with StatReloader
[2025-01-24 14:52:23,607] INFO [django.server:213] "GET / HTTP/1.1" 302 0
[2025-01-24 14:52:23,632] INFO [django.server:213] "GET /l HTTP/1.1" 200 9208
[2025-01-24 14:52:23,777] INFO [django.server:213] "GET /static/css/registration.css HTTP/1.1" 200 16995
[2025-01-24 14:52:23,884] INFO [django.server:213] "GET /favicon.ico HTTP/1.1" 302 0
[2025-01-24 14:52:23,894] INFO [django.server:213] "GET /l HTTP/1.1" 200 9208
[2025-01-24 14:52:42,454] INFO [django.server:213] "POST /graphql/ HTTP/1.1" 200 368
[2025-01-24 14:52:42,498] INFO [django.server:213] "GET /d HTTP/1.1" 200 9241
[2025-01-24 14:52:42,660] WARNING [django.request:248] Not Found: /favicon.ico
[2025-01-24 14:52:42,664] WARNING [django.server:213] "GET /favicon.ico HTTP/1.1" 404 4804
[2025-01-24 14:52:42,675] INFO [django.server:213] "GET /graphql/?query=%0A%20%20%20%20%20%20%20%20query%20%7B%0A%20%20%20%20%20%20%20%20%20%20%20%20allEmployee%20%7B%0A%20%20%20%20%20%20%20%20%20%20%20%20%20%20%20%20id%0A%20%20%20%20%20%20%20%20%20%20%20%20%20%20%20%20employeeId%0A%20%20%20%20%20%20%20%20%20%20%20%20%20%20%20%20address%0A%20%20%20%20%20%20%20%20%20%20%20%20%20%20%20%20user%20%7B%0A%20%20%20%20%20%20%20%20%20%20%20%20%20%20%20%20%20%20%20%20id%0A%20%20%20%20%20%20%20%20%20%20%20%20%20%20%20%20%20%20%20%20username%0A%20%20%20%20%20%20%20%20%20%20%20%20%20%20%20%20%20%20%20%20role%7B%0A%20%20%20%20%20%20%20%20%20%20%20%20%20%20%20%20%20%20%20%20name%0A%20%20%20%20%20%20%20%20%20%20%20%20%20%20%20%20%20%20%20%20%7D%0A%20%20%20%20%20%20%20%20%20%20%20%20%20%20%20%20%7D%0A%20%20%20%20%20%20%20%20%20%20%20%20%20%20%20%20department%20%7B%0A%20%20%20%20%20%20%20%20%20%20%20%20%20%20%20%20%20%20%20%20name%0A%20%20%20%20%20%20%20%20%20%20%20%20%20%20%20%20%7D%0A%20%20%20%20%20%20%20%20%20%20%20%20%7D%0A%20%20%20%20%20%20%20%20%7D%0A%20%20%20%20 HTTP/1.1" 200 953
[2025-01-24 14:52:59,804] INFO [django.server:213] "GET /a HTTP/1.1" 200 11786
[2025-01-24 14:53:00,014] INFO [django.server:213] "GET /graphql/?query=%0A%20%20%20%20%20%20query%20%7B%0A%20%20%20%20%20%20%20%20myAttendance%20%7B%0A%20%20%20%20%20%20%20%20%20%20date%0A%20%20%20%20%20%20%20%20%20%20status%0A%20%20%20%20%20%20%20%20%7D%0A%20%20%20%20%20%20%7D%0A%20%20%20%20 HTTP/1.1" 200 630
[2025-01-24 14:53:24,255] INFO [django.server:213] "POST /graphql/ HTTP/1.1" 302 0
[2025-01-24 14:53:24,268] INFO [django.server:213] "GET /a? HTTP/1.1" 200 11786
[2025-01-24 14:53:24,269] INFO [django.server:213] "GET /l HTTP/1.1" 200 9208
[2025-01-24 14:53:24,460] INFO [django.server:213] "GET /graphql/?query=%0A%20%20%20%20%20%20query%20%7B%0A%20%20%20%20%20%20%20%20myAttendance%20%7B%0A%20%20%20%20%20%20%20%20%20%20date%0A%20%20%20%20%20%20%20%20%20%20status%0A%20%20%20%20%20%20%20%20%7D%0A%20%20%20%20%20%20%7D%0A%20%20%20%20 HTTP/1.1" 200 630
[2025-01-24 14:53:48,066] INFO [django.server:213] "POST /graphql/ HTTP/1.1" 200 175
[2025-01-24 14:53:48,110] INFO [django.server:213] "GET /a? HTTP/1.1" 200 11786
[2025-01-24 14:53:48,273] INFO [django.server:213] "GET /graphql/?query=%0A%20%20%20%20%20%20query%20%7B%0A%20%20%20%20%20%20%20%20myAttendance%20%7B%0A%20%20%20%20%20%20%20%20%20%20date%0A%20%20%20%20%20%20%20%20%20%20status%0A%20%20%20%20%20%20%20%20%7D%0A%20%20%20%20%20%20%7D%0A%20%20%20%20 HTTP/1.1" 200 671
[2025-01-24 14:54:04,162] INFO [django.server:213] "POST /graphql/ HTTP/1.1" 302 0
[2025-01-24 14:54:04,179] INFO [django.server:213] "GET /l HTTP/1.1" 200 9208
[2025-01-24 14:54:30,013] INFO [django.server:213] "GET / HTTP/1.1" 302 0
[2025-01-24 14:54:30,024] INFO [django.server:213] "GET /l HTTP/1.1" 200 9208
[2025-01-24 14:55:04,135] INFO [django.server:213] "GET /l HTTP/1.1" 200 9208
[2025-01-24 14:55:12,064] INFO [django.server:213] "POST /graphql/ HTTP/1.1" 200 368
[2025-01-24 14:55:12,100] INFO [django.server:213] "GET /d HTTP/1.1" 200 9241
[2025-01-24 14:55:12,386] INFO [django.server:213] "GET /graphql/?query=%0A%20%20%20%20%20%20%20%20query%20%7B%0A%20%20%20%20%20%20%20%20%20%20%20%20allEmployee%20%7B%0A%20%20%20%20%20%20%20%20%20%20%20%20%20%20%20%20id%0A%20%20%20%20%20%20%20%20%20%20%20%20%20%20%20%20employeeId%0A%20%20%20%20%20%20%20%20%20%20%20%20%20%20%20%20address%0A%20%20%20%20%20%20%20%20%20%20%20%20%20%20%20%20user%20%7B%0A%20%20%20%20%20%20%20%20%20%20%20%20%20%20%20%20%20%20%20%20id%0A%20%20%20%20%20%20%20%20%20%20%20%20%20%20%20%20%20%20%20%20username%0A%20%20%20%20%20%20%20%20%20%20%20%20%20%20%20%20%20%20%20%20role%7B%0A%20%20%20%20%20%20%20%20%20%20%20%20%20%20%20%20%20%20%20%20name%0A%20%20%20%20%20%20%20%20%20%20%20%20%20%20%20%20%20%20%20%20%7D%0A%20%20%20%20%20%20%20%20%20%20%20%20%20%20%20%20%7D%0A%20%20%20%20%20%20%20%20%20%20%20%20%20%20%20%20department%20%7B%0A%20%20%20%20%20%20%20%20%20%20%20%20%20%20%20%20%20%20%20%20name%0A%20%20%20%20%20%20%20%20%20%20%20%20%20%20%20%20%7D%0A%20%20%20%20%20%20%20%20%20%20%20%20%7D%0A%20%20%20%20%20%20%20%20%7D%0A%20%20%20%20 HTTP/1.1" 200 953
[2025-01-24 14:55:16,363] INFO [django.server:213] "GET /a HTTP/1.1" 200 11786
[2025-01-24 14:55:16,672] INFO [django.server:213] "GET /graphql/?query=%0A%20%20%20%20%20%20query%20%7B%0A%20%20%20%20%20%20%20%20myAttendance%20%7B%0A%20%20%20%20%20%20%20%20%20%20date%0A%20%20%20%20%20%20%20%20%20%20status%0A%20%20%20%20%20%20%20%20%7D%0A%20%20%20%20%20%20%7D%0A%20%20%20%20 HTTP/1.1" 200 671
[2025-01-24 14:55:31,358] INFO [django.server:213] "GET /ec HTTP/1.1" 200 16700
[2025-01-24 14:55:31,542] INFO [django.server:213] "GET /graphql/?query=query%20%7B%20allUserData%20%7Bid%20email%20%7D%20%7D HTTP/1.1" 200 296
[2025-01-24 14:55:31,589] INFO [django.server:213] "GET /graphql/?query=query%20%7B%20allDepartment%20%7B%20id%20name%20%7D%20%7D HTTP/1.1" 200 158
[2025-01-24 14:55:36,569] INFO [django.server:213] "GET /a HTTP/1.1" 200 11786
[2025-01-24 14:55:36,885] INFO [django.server:213] "GET /graphql/?query=%0A%20%20%20%20%20%20query%20%7B%0A%20%20%20%20%20%20%20%20myAttendance%20%7B%0A%20%20%20%20%20%20%20%20%20%20date%0A%20%20%20%20%20%20%20%20%20%20status%0A%20%20%20%20%20%20%20%20%7D%0A%20%20%20%20%20%20%7D%0A%20%20%20%20 HTTP/1.1" 200 671
[2025-01-24 14:55:49,592] INFO [django.server:213] "GET /d HTTP/1.1" 200 9241
[2025-01-24 14:55:49,767] INFO [django.server:213] "GET /graphql/?query=%0A%20%20%20%20%20%20%20%20query%20%7B%0A%20%20%20%20%20%20%20%20%20%20%20%20allEmployee%20%7B%0A%20%20%20%20%20%20%20%20%20%20%20%20%20%20%20%20id%0A%20%20%20%20%20%20%20%20%20%20%20%20%20%20%20%20employeeId%0A%20%20%20%20%20%20%20%20%20%20%20%20%20%20%20%20address%0A%20%20%20%20%20%20%20%20%20%20%20%20%20%20%20%20user%20%7B%0A%20%20%20%20%20%20%20%20%20%20%20%20%20%20%20%20%20%20%20%20id%0A%20%20%20%20%20%20%20%20%20%20%20%20%20%20%20%20%20%20%20%20username%0A%20%20%20%20%20%20%20%20%20%20%20%20%20%20%20%20%20%20%20%20role%7B%0A%20%20%20%20%20%20%20%20%20%20%20%20%20%20%20%20%20%20%20%20name%0A%20%20%20%20%20%20%20%20%20%20%20%20%20%20%20%20%20%20%20%20%7D%0A%20%20%20%20%20%20%20%20%20%20%20%20%20%20%20%20%7D%0A%20%20%20%20%20%20%20%20%20%20%20%20%20%20%20%20department%20%7B%0A%20%20%20%20%20%20%20%20%20%20%20%20%20%20%20%20%20%20%20%20name%0A%20%20%20%20%20%20%20%20%20%20%20%20%20%20%20%20%7D%0A%20%20%20%20%20%20%20%20%20%20%20%20%7D%0A%20%20%20%20%20%20%20%20%7D%0A%20%20%20%20 HTTP/1.1" 200 953
[2025-01-24 14:55:52,418] INFO [django.server:213] "GET /d HTTP/1.1" 200 9241
[2025-01-24 14:55:52,628] INFO [django.server:213] "GET /graphql/?query=%0A%20%20%20%20%20%20%20%20query%20%7B%0A%20%20%20%20%20%20%20%20%20%20%20%20allEmployee%20%7B%0A%20%20%20%20%20%20%20%20%20%20%20%20%20%20%20%20id%0A%20%20%20%20%20%20%20%20%20%20%20%20%20%20%20%20employeeId%0A%20%20%20%20%20%20%20%20%20%20%20%20%20%20%20%20address%0A%20%20%20%20%20%20%20%20%20%20%20%20%20%20%20%20user%20%7B%0A%20%20%20%20%20%20%20%20%20%20%20%20%20%20%20%20%20%20%20%20id%0A%20%20%20%20%20%20%20%20%20%20%20%20%20%20%20%20%20%20%20%20username%0A%20%20%20%20%20%20%20%20%20%20%20%20%20%20%20%20%20%20%20%20role%7B%0A%20%20%20%20%20%20%20%20%20%20%20%20%20%20%20%20%20%20%20%20name%0A%20%20%20%20%20%20%20%20%20%20%20%20%20%20%20%20%20%20%20%20%7D%0A%20%20%20%20%20%20%20%20%20%20%20%20%20%20%20%20%7D%0A%20%20%20%20%20%20%20%20%20%20%20%20%20%20%20%20department%20%7B%0A%20%20%20%20%20%20%20%20%20%20%20%20%20%20%20%20%20%20%20%20name%0A%20%20%20%20%20%20%20%20%20%20%20%20%20%20%20%20%7D%0A%20%20%20%20%20%20%20%20%20%20%20%20%7D%0A%20%20%20%20%20%20%20%20%7D%0A%20%20%20%20 HTTP/1.1" 200 953
[2025-01-24 14:55:53,589] INFO [django.server:213] "GET /d HTTP/1.1" 200 9241
[2025-01-24 14:55:53,765] INFO [django.server:213] "GET /graphql/?query=%0A%20%20%20%20%20%20%20%20query%20%7B%0A%20%20%20%20%20%20%20%20%20%20%20%20allEmployee%20%7B%0A%20%20%20%20%20%20%20%20%20%20%20%20%20%20%20%20id%0A%20%20%20%20%20%20%20%20%20%20%20%20%20%20%20%20employeeId%0A%20%20%20%20%20%20%20%20%20%20%20%20%20%20%20%20address%0A%20%20%20%20%20%20%20%20%20%20%20%20%20%20%20%20user%20%7B%0A%20%20%20%20%20%20%20%20%20%20%20%20%20%20%20%20%20%20%20%20id%0A%20%20%20%20%20%20%20%20%20%20%20%20%20%20%20%20%20%20%20%20username%0A%20%20%20%20%20%20%20%20%20%20%20%20%20%20%20%20%20%20%20%20role%7B%0A%20%20%20%20%20%20%20%20%20%20%20%20%20%20%20%20%20%20%20%20name%0A%20%20%20%20%20%20%20%20%20%20%20%20%20%20%20%20%20%20%20%20%7D%0A%20%20%20%20%20%20%20%20%20%20%20%20%20%20%20%20%7D%0A%20%20%20%20%20%20%20%20%20%20%20%20%20%20%20%20department%20%7B%0A%20%20%20%20%20%20%20%20%20%20%20%20%20%20%20%20%20%20%20%20name%0A%20%20%20%20%20%20%20%20%20%20%20%20%20%20%20%20%7D%0A%20%20%20%20%20%20%20%20%20%20%20%20%7D%0A%20%20%20%20%20%20%20%20%7D%0A%20%20%20%20 HTTP/1.1" 200 953
[2025-01-24 14:55:54,878] INFO [django.server:213] "GET /d HTTP/1.1" 200 9241
[2025-01-24 14:55:55,067] INFO [django.server:213] "GET /graphql/?query=%0A%20%20%20%20%20%20%20%20query%20%7B%0A%20%20%20%20%20%20%20%20%20%20%20%20allEmployee%20%7B%0A%20%20%20%20%20%20%20%20%20%20%20%20%20%20%20%20id%0A%20%20%20%20%20%20%20%20%20%20%20%20%20%20%20%20employeeId%0A%20%20%20%20%20%20%20%20%20%20%20%20%20%20%20%20address%0A%20%20%20%20%20%20%20%20%20%20%20%20%20%20%20%20user%20%7B%0A%20%20%20%20%20%20%20%20%20%20%20%20%20%20%20%20%20%20%20%20id%0A%20%20%20%20%20%20%20%20%20%20%20%20%20%20%20%20%20%20%20%20username%0A%20%20%20%20%20%20%20%20%20%20%20%20%20%20%20%20%20%20%20%20role%7B%0A%20%20%20%20%20%20%20%20%20%20%20%20%20%20%20%20%20%20%20%20name%0A%20%20%20%20%20%20%20%20%20%20%20%20%20%20%20%20%20%20%20%20%7D%0A%20%20%20%20%20%20%20%20%20%20%20%20%20%20%20%20%7D%0A%20%20%20%20%20%20%20%20%20%20%20%20%20%20%20%20department%20%7B%0A%20%20%20%20%20%20%20%20%20%20%20%20%20%20%20%20%20%20%20%20name%0A%20%20%20%20%20%20%20%20%20%20%20%20%20%20%20%20%7D%0A%20%20%20%20%20%20%20%20%20%20%20%20%7D%0A%20%20%20%20%20%20%20%20%7D%0A%20%20%20%20 HTTP/1.1" 200 953
[2025-01-24 14:56:01,194] INFO [django.server:213] "GET /d HTTP/1.1" 200 9241
[2025-01-24 14:56:01,401] INFO [django.server:213] "GET /graphql/?query=%0A%20%20%20%20%20%20%20%20query%20%7B%0A%20%20%20%20%20%20%20%20%20%20%20%20allEmployee%20%7B%0A%20%20%20%20%20%20%20%20%20%20%20%20%20%20%20%20id%0A%20%20%20%20%20%20%20%20%20%20%20%20%20%20%20%20employeeId%0A%20%20%20%20%20%20%20%20%20%20%20%20%20%20%20%20address%0A%20%20%20%20%20%20%20%20%20%20%20%20%20%20%20%20user%20%7B%0A%20%20%20%20%20%20%20%20%20%20%20%20%20%20%20%20%20%20%20%20id%0A%20%20%20%20%20%20%20%20%20%20%20%20%20%20%20%20%20%20%20%20username%0A%20%20%20%20%20%20%20%20%20%20%20%20%20%20%20%20%20%20%20%20role%7B%0A%20%20%20%20%20%20%20%20%20%20%20%20%20%20%20%20%20%20%20%20name%0A%20%20%20%20%20%20%20%20%20%20%20%20%20%20%20%20%20%20%20%20%7D%0A%20%20%20%20%20%20%20%20%20%20%20%20%20%20%20%20%7D%0A%20%20%20%20%20%20%20%20%20%20%20%20%20%20%20%20department%20%7B%0A%20%20%20%20%20%20%20%20%20%20%20%20%20%20%20%20%20%20%20%20name%0A%20%20%20%20%20%20%20%20%20%20%20%20%20%20%20%20%7D%0A%20%20%20%20%20%20%20%20%20%20%20%20%7D%0A%20%20%20%20%20%20%20%20%7D%0A%20%20%20%20 HTTP/1.1" 200 953
[2025-01-24 14:56:08,018] INFO [django.server:213] "GET /eu/1/ HTTP/1.1" 200 20698
[2025-01-24 14:56:08,212] INFO [django.server:213] "GET /graphql/?query=%0A%20%20%20%20%20%20%20%20%20%20%20%20query%20%7B%0A%20%20%20%20%20%20%20%20%20%20%20%20%20%20%20%20getParticularEmployee(id%3A%201)%20%7B%0A%20%20%20%20%20%20%20%20%20%20%20%20%20%20%20%20%20%20%20%20employeeId%0A%20%20%20%20%20%20%20%20%20%20%20%20%20%20%20%20%20%20%20%20address%0A%20%20%20%20%20%20%20%20%20%20%20%20%20%20%20%20%20%20%20%20dateOfBirth%0A%20%20%20%20%20%20%20%20%20%20%20%20%20%20%20%20%20%20%20%20phoneNumber%0A%20%20%20%20%20%20%20%20%20%20%20%20%20%20%20%20%20%20%20%20department%20%7B%0A%20%20%20%20%20%20%20%20%20%20%20%20%20%20%20%20%20%20%20%20%20%20%20%20id%0A%20%20%20%20%20%20%20%20%20%20%20%20%20%20%20%20%20%20%20%20%20%20%20%20name%0A%20%20%20%20%20%20%20%20%20%20%20%20%20%20%20%20%20%20%20%20%7D%0A%20%20%20%20%20%20%20%20%20%20%20%20%20%20%20%20%20%20%20%20employmentDetails%20%7B%0A%20%20%20%20%20%20%20%20%20%20%20%20%20%20%20%20%20%20%20%20%20%20%20%20id%0A%20%20%20%20%20%20%20%20%20%20%20%20%20%20%20%20%20%20%20%20%20%20%20%20startDate%0A%20%20%20%20%20%20%20%20%20%20%20%20%20%20%20%20%20%20%20%20%20%20%20%20dateOfResignation%0A%20%20%20%20%20%20%20%20%20%20%20%20%20%20%20%20%20%20%20%20%20%20%20%20jobTitle%0A%20%20%20%20%20%20%20%20%20%20%20%20%20%20%20%20%20%20%20%20%20%20%20%20supervisor%0A%20%20%20%20%20%20%20%20%20%20%20%20%20%20%20%20%20%20%20%20%20%20%20%20employmentType%0A%20%20%20%20%20%20%20%20%20%20%20%20%20%20%20%20%20%20%20%20%20%20%20%20employmentStatus%0A%20%20%20%20%20%20%20%20%20%20%20%20%20%20%20%20%20%20%20%20%20%20%20%20officeLocation%0A%20%20%20%20%20%20%20%20%20%20%20%20%20%20%20%20%20%20%20%20%20%20%20%20reason%0A%20%20%20%20%20%20%20%20%20%20%20%20%20%20%20%20%20%20%20%20%7D%0A%20%20%20%20%20%20%20%20%20%20%20%20%20%20%20%20%7D%0A%20%20%20%20%20%20%20%20%20%20%20%20%7D%0A%20%20%20%20%20%20%20%20 HTTP/1.1" 200 198
[2025-01-24 14:56:08,214] INFO [django.server:213] "GET /graphql/?query=query%20%7B%20allDepartment%20%7B%20id%20name%20%7D%20%7D HTTP/1.1" 200 158
[2025-01-24 14:56:12,728] INFO [django.server:213] "GET /eu/5/ HTTP/1.1" 200 20698
[2025-01-24 14:56:12,953] INFO [django.server:213] "GET /graphql/?query=query%20%7B%20allDepartment%20%7B%20id%20name%20%7D%20%7D HTTP/1.1" 200 158
[2025-01-24 14:56:12,972] INFO [django.server:213] "GET /graphql/?query=%0A%20%20%20%20%20%20%20%20%20%20%20%20query%20%7B%0A%20%20%20%20%20%20%20%20%20%20%20%20%20%20%20%20getParticularEmployee(id%3A%205)%20%7B%0A%20%20%20%20%20%20%20%20%20%20%20%20%20%20%20%20%20%20%20%20employeeId%0A%20%20%20%20%20%20%20%20%20%20%20%20%20%20%20%20%20%20%20%20address%0A%20%20%20%20%20%20%20%20%20%20%20%20%20%20%20%20%20%20%20%20dateOfBirth%0A%20%20%20%20%20%20%20%20%20%20%20%20%20%20%20%20%20%20%20%20phoneNumber%0A%20%20%20%20%20%20%20%20%20%20%20%20%20%20%20%20%20%20%20%20department%20%7B%0A%20%20%20%20%20%20%20%20%20%20%20%20%20%20%20%20%20%20%20%20%20%20%20%20id%0A%20%20%20%20%20%20%20%20%20%20%20%20%20%20%20%20%20%20%20%20%20%20%20%20name%0A%20%20%20%20%20%20%20%20%20%20%20%20%20%20%20%20%20%20%20%20%7D%0A%20%20%20%20%20%20%20%20%20%20%20%20%20%20%20%20%20%20%20%20employmentDetails%20%7B%0A%20%20%20%20%20%20%20%20%20%20%20%20%20%20%20%20%20%20%20%20%20%20%20%20id%0A%20%20%20%20%20%20%20%20%20%20%20%20%20%20%20%20%20%20%20%20%20%20%20%20startDate%0A%20%20%20%20%20%20%20%20%20%20%20%20%20%20%20%20%20%20%20%20%20%20%20%20dateOfResignation%0A%20%20%20%20%20%20%20%20%20%20%20%20%20%20%20%20%20%20%20%20%20%20%20%20jobTitle%0A%20%20%20%20%20%20%20%20%20%20%20%20%20%20%20%20%20%20%20%20%20%20%20%20supervisor%0A%20%20%20%20%20%20%20%20%20%20%20%20%20%20%20%20%20%20%20%20%20%20%20%20employmentType%0A%20%20%20%20%20%20%20%20%20%20%20%20%20%20%20%20%20%20%20%20%20%20%20%20employmentStatus%0A%20%20%20%20%20%20%20%20%20%20%20%20%20%20%20%20%20%20%20%20%20%20%20%20officeLocation%0A%20%20%20%20%20%20%20%20%20%20%20%20%20%20%20%20%20%20%20%20%20%20%20%20reason%0A%20%20%20%20%20%20%20%20%20%20%20%20%20%20%20%20%20%20%20%20%7D%0A%20%20%20%20%20%20%20%20%20%20%20%20%20%20%20%20%7D%0A%20%20%20%20%20%20%20%20%20%20%20%20%7D%0A%20%20%20%20%20%20%20%20 HTTP/1.1" 200 647
[2025-01-24 14:56:38,324] INFO [django.server:213] "GET /eu/5/ HTTP/1.1" 302 0
[2025-01-24 14:56:38,338] INFO [django.server:213] "GET /l HTTP/1.1" 200 9208
[2025-01-24 14:57:00,379] INFO [django.utils.autoreload:266] /home/sakib/Desktop/sakib/backend/backend/GraphQL/Employee-management-project/User/mutation.py changed, reloading.
[2025-01-24 14:57:00,896] INFO [django.utils.autoreload:668] Watching for file changes with StatReloader
[2025-01-24 14:57:05,030] INFO [django.utils.autoreload:266] /home/sakib/Desktop/sakib/backend/backend/GraphQL/Employee-management-project/User/mutation.py changed, reloading.
[2025-01-24 14:57:05,487] INFO [django.utils.autoreload:668] Watching for file changes with StatReloader
[2025-01-24 14:57:06,600] INFO [django.utils.autoreload:266] /home/sakib/Desktop/sakib/backend/backend/GraphQL/Employee-management-project/User/mutation.py changed, reloading.
[2025-01-24 14:57:06,970] INFO [django.utils.autoreload:668] Watching for file changes with StatReloader
[2025-01-24 14:58:13,775] INFO [django.utils.autoreload:266] /home/sakib/Desktop/sakib/backend/backend/GraphQL/Employee-management-project/User/mutation.py changed, reloading.
[2025-01-24 14:58:14,154] INFO [django.utils.autoreload:668] Watching for file changes with StatReloader
[2025-01-24 14:58:17,275] INFO [django.utils.autoreload:266] /home/sakib/Desktop/sakib/backend/backend/GraphQL/Employee-management-project/User/mutation.py changed, reloading.
[2025-01-24 14:58:17,641] INFO [django.utils.autoreload:668] Watching for file changes with StatReloader
[2025-01-24 14:58:23,446] INFO [django.server:213] "GET /l HTTP/1.1" 200 9208
[2025-01-24 14:58:31,941] INFO [django.server:213] "POST /graphql/ HTTP/1.1" 200 368
[2025-01-24 14:58:31,979] INFO [django.server:213] "GET /d HTTP/1.1" 200 9241
[2025-01-24 14:58:32,268] INFO [django.server:213] "GET /graphql/?query=%0A%20%20%20%20%20%20%20%20query%20%7B%0A%20%20%20%20%20%20%20%20%20%20%20%20allEmployee%20%7B%0A%20%20%20%20%20%20%20%20%20%20%20%20%20%20%20%20id%0A%20%20%20%20%20%20%20%20%20%20%20%20%20%20%20%20employeeId%0A%20%20%20%20%20%20%20%20%20%20%20%20%20%20%20%20address%0A%20%20%20%20%20%20%20%20%20%20%20%20%20%20%20%20user%20%7B%0A%20%20%20%20%20%20%20%20%20%20%20%20%20%20%20%20%20%20%20%20id%0A%20%20%20%20%20%20%20%20%20%20%20%20%20%20%20%20%20%20%20%20username%0A%20%20%20%20%20%20%20%20%20%20%20%20%20%20%20%20%20%20%20%20role%7B%0A%20%20%20%20%20%20%20%20%20%20%20%20%20%20%20%20%20%20%20%20name%0A%20%20%20%20%20%20%20%20%20%20%20%20%20%20%20%20%20%20%20%20%7D%0A%20%20%20%20%20%20%20%20%20%20%20%20%20%20%20%20%7D%0A%20%20%20%20%20%20%20%20%20%20%20%20%20%20%20%20department%20%7B%0A%20%20%20%20%20%20%20%20%20%20%20%20%20%20%20%20%20%20%20%20name%0A%20%20%20%20%20%20%20%20%20%20%20%20%20%20%20%20%7D%0A%20%20%20%20%20%20%20%20%20%20%20%20%7D%0A%20%20%20%20%20%20%20%20%7D%0A%20%20%20%20 HTTP/1.1" 200 953
[2025-01-24 14:58:41,490] INFO [django.server:213] "GET /adin HTTP/1.1" 302 0
[2025-01-24 14:58:41,503] INFO [django.server:213] "GET /l HTTP/1.1" 200 9208
[2025-01-24 14:58:41,581] INFO [django.server:213] "GET /static/css/registration.css HTTP/1.1" 200 16995
[2025-01-24 14:58:45,822] INFO [django.server:213] "GET /admin/orders/order/ HTTP/1.1" 302 0
[2025-01-24 14:58:45,839] INFO [django.server:213] "GET /admin/login/?next=/admin/orders/order/ HTTP/1.1" 200 4186
[2025-01-24 14:58:45,905] INFO [django.server:213] "GET /static/admin/css/base.css HTTP/1.1" 200 22092
[2025-01-24 14:58:45,909] INFO [django.server:213] "GET /static/admin/js/theme.js HTTP/1.1" 200 1653
[2025-01-24 14:58:45,912] INFO [django.server:213] "GET /static/admin/css/dark_mode.css HTTP/1.1" 200 2804
[2025-01-24 14:58:45,913] INFO [django.server:213] "GET /static/admin/css/nav_sidebar.css HTTP/1.1" 200 2810
[2025-01-24 14:58:45,915] INFO [django.server:213] "GET /static/admin/css/login.css HTTP/1.1" 200 951
[2025-01-24 14:58:45,916] INFO [django.server:213] "GET /static/admin/css/responsive.css HTTP/1.1" 200 17972
[2025-01-24 14:58:45,924] INFO [django.server:213] "GET /static/admin/js/nav_sidebar.js HTTP/1.1" 200 3063
[2025-01-24 14:59:03,780] INFO [django.server:213] "GET /admin HTTP/1.1" 302 0
[2025-01-24 14:59:03,793] INFO [django.server:213] "GET /l HTTP/1.1" 200 9208
[2025-01-24 14:59:09,925] INFO [django.utils.autoreload:266] /home/sakib/Desktop/sakib/backend/backend/GraphQL/Employee-management-project/User/new_middleware.py changed, reloading.
[2025-01-24 14:59:10,332] INFO [django.utils.autoreload:668] Watching for file changes with StatReloader
[2025-01-24 14:59:14,563] WARNING [django.request:248] Not Found: /admin
[2025-01-24 14:59:14,564] WARNING [django.server:213] "GET /admin HTTP/1.1" 404 4780
[2025-01-24 14:59:18,761] INFO [django.utils.autoreload:266] /home/sakib/Desktop/sakib/backend/backend/GraphQL/Employee-management-project/User/new_middleware.py changed, reloading.
[2025-01-24 14:59:19,185] INFO [django.utils.autoreload:668] Watching for file changes with StatReloader
[2025-01-24 14:59:22,085] INFO [django.server:213] "GET /admin/ HTTP/1.1" 302 0
[2025-01-24 14:59:22,120] INFO [django.server:213] "GET /admin/login/?next=/admin/ HTTP/1.1" 200 4160
[2025-01-24 14:59:28,593] INFO [django.server:213] "POST /admin/login/?next=/admin/ HTTP/1.1" 200 4321
[2025-01-24 14:59:34,045] INFO [django.server:213] "POST /admin/login/?next=/admin/ HTTP/1.1" 302 0
[2025-01-24 14:59:34,065] INFO [django.server:213] "GET /admin/ HTTP/1.1" 200 16579
[2025-01-24 14:59:34,135] INFO [django.server:213] "GET /static/admin/css/dashboard.css HTTP/1.1" 200 441
[2025-01-24 14:59:34,187] INFO [django.server:213] "GET /static/admin/img/icon-addlink.svg HTTP/1.1" 200 331
[2025-01-24 14:59:34,188] INFO [django.server:213] "GET /static/admin/img/icon-deletelink.svg HTTP/1.1" 200 392
[2025-01-24 14:59:34,189] INFO [django.server:213] "GET /static/admin/img/icon-changelink.svg HTTP/1.1" 200 380
[2025-01-24 14:59:37,184] INFO [django.server:213] "GET /admin/User/customuser/ HTTP/1.1" 200 17780
[2025-01-24 14:59:37,212] INFO [django.server:213] "GET /static/admin/css/changelists.css HTTP/1.1" 200 6878
[2025-01-24 14:59:37,217] INFO [django.server:213] "GET /static/admin/js/jquery.init.js HTTP/1.1" 200 347
[2025-01-24 14:59:37,218] INFO [django.server:213] "GET /static/admin/js/admin/RelatedObjectLookups.js HTTP/1.1" 200 9097
[2025-01-24 14:59:37,219] INFO [django.server:213] "GET /static/admin/js/core.js HTTP/1.1" 200 6208
[2025-01-24 14:59:37,226] INFO [django.server:213] "GET /static/admin/js/actions.js HTTP/1.1" 200 8076
[2025-01-24 14:59:37,228] INFO [django.server:213] "GET /static/admin/js/prepopulate.js HTTP/1.1" 200 1531
[2025-01-24 14:59:37,228] INFO [django.server:213] "GET /static/admin/js/urlify.js HTTP/1.1" 200 7887
[2025-01-24 14:59:37,232] INFO [django.server:213] "GET /admin/jsi18n/ HTTP/1.1" 200 3342
[2025-01-24 14:59:37,233] INFO [django.server:213] "GET /static/admin/js/vendor/jquery/jquery.js HTTP/1.1" 200 285314
[2025-01-24 14:59:37,239] INFO [django.server:213] "GET /static/admin/js/vendor/xregexp/xregexp.js HTTP/1.1" 200 325171
[2025-01-24 14:59:37,243] INFO [django.server:213] "GET /static/admin/img/search.svg HTTP/1.1" 200 458
[2025-01-24 14:59:37,277] INFO [django.server:213] "GET /static/admin/js/filters.js HTTP/1.1" 200 978
[2025-01-24 14:59:37,320] INFO [django.server:213] "GET /static/admin/img/tooltag-add.svg HTTP/1.1" 200 331
[2025-01-24 14:59:37,323] INFO [django.server:213] "GET /static/admin/img/icon-viewlink.svg HTTP/1.1" 200 581
[2025-01-24 14:59:41,019] INFO [django.server:213] "GET /admin/User/customuser/1/change/ HTTP/1.1" 200 32268
[2025-01-24 14:59:41,048] INFO [django.server:213] "GET /static/admin/js/calendar.js HTTP/1.1" 200 9141
[2025-01-24 14:59:41,049] INFO [django.server:213] "GET /static/admin/css/forms.css HTTP/1.1" 200 8710
[2025-01-24 14:59:41,052] INFO [django.server:213] "GET /static/admin/js/admin/DateTimeShortcuts.js HTTP/1.1" 200 19319
[2025-01-24 14:59:41,054] INFO [django.server:213] "GET /static/admin/js/prepopulate_init.js HTTP/1.1" 200 586
[2025-01-24 14:59:41,057] INFO [django.server:213] "GET /admin/jsi18n/ HTTP/1.1" 200 3342
[2025-01-24 14:59:41,062] INFO [django.server:213] "GET /static/admin/js/change_form.js HTTP/1.1" 200 606
[2025-01-24 14:59:41,094] INFO [django.server:213] "GET /static/admin/css/widgets.css HTTP/1.1" 200 11564
[2025-01-24 14:59:41,199] INFO [django.server:213] "GET /static/admin/img/icon-calendar.svg HTTP/1.1" 200 1086
[2025-01-24 14:59:41,200] INFO [django.server:213] "GET /static/admin/img/icon-clock.svg HTTP/1.1" 200 677
[2025-01-24 14:59:45,103] INFO [django.server:213] "GET /admin/User/customuser/ HTTP/1.1" 200 17780
[2025-01-24 14:59:59,274] INFO [django.server:213] "GET / HTTP/1.1" 302 0
[2025-01-24 14:59:59,290] INFO [django.server:213] "GET /l HTTP/1.1" 200 9125
[2025-01-24 15:00:03,114] INFO [django.server:213] "GET /admin/User/customuser/ HTTP/1.1" 200 17780
[2025-01-24 15:00:03,138] INFO [django.server:213] "GET /admin/jsi18n/ HTTP/1.1" 200 3342
[2025-01-24 15:00:04,268] INFO [django.server:213] "GET /l HTTP/1.1" 200 9125
[2025-01-24 15:00:11,692] INFO [django.server:213] "GET /l HTTP/1.1" 200 9125
[2025-01-24 15:00:15,547] INFO [django.server:213] "GET /admin/User/customuser/ HTTP/1.1" 200 17780
[2025-01-24 15:00:15,574] INFO [django.server:213] "GET /admin/jsi18n/ HTTP/1.1" 200 3342
[2025-01-24 15:00:17,686] INFO [django.server:213] "GET /l HTTP/1.1" 200 9125
[2025-01-24 15:00:30,242] INFO [django.server:213] "GET /d HTTP/1.1" 302 0
[2025-01-24 15:00:30,262] INFO [django.server:213] "GET /l HTTP/1.1" 200 9125
[2025-01-24 15:00:55,944] INFO [django.server:213] "GET / HTTP/1.1" 302 0
[2025-01-24 15:00:55,957] INFO [django.server:213] "GET /l HTTP/1.1" 200 9125
[2025-01-24 15:01:05,741] INFO [django.server:213] "POST /graphql/ HTTP/1.1" 200 368
[2025-01-24 15:01:05,772] INFO [django.server:213] "GET /d HTTP/1.1" 200 9785
[2025-01-24 15:01:05,975] INFO [django.server:213] "GET /graphql/?query=%0A%20%20%20%20%20%20%20%20query%20%7B%0A%20%20%20%20%20%20%20%20%20%20%20%20allEmployee%20%7B%0A%20%20%20%20%20%20%20%20%20%20%20%20%20%20%20%20id%0A%20%20%20%20%20%20%20%20%20%20%20%20%20%20%20%20employeeId%0A%20%20%20%20%20%20%20%20%20%20%20%20%20%20%20%20address%0A%20%20%20%20%20%20%20%20%20%20%20%20%20%20%20%20user%20%7B%0A%20%20%20%20%20%20%20%20%20%20%20%20%20%20%20%20%20%20%20%20id%0A%20%20%20%20%20%20%20%20%20%20%20%20%20%20%20%20%20%20%20%20username%0A%20%20%20%20%20%20%20%20%20%20%20%20%20%20%20%20%20%20%20%20role%7B%0A%20%20%20%20%20%20%20%20%20%20%20%20%20%20%20%20%20%20%20%20name%0A%20%20%20%20%20%20%20%20%20%20%20%20%20%20%20%20%20%20%20%20%7D%0A%20%20%20%20%20%20%20%20%20%20%20%20%20%20%20%20%7D%0A%20%20%20%20%20%20%20%20%20%20%20%20%20%20%20%20department%20%7B%0A%20%20%20%20%20%20%20%20%20%20%20%20%20%20%20%20%20%20%20%20name%0A%20%20%20%20%20%20%20%20%20%20%20%20%20%20%20%20%7D%0A%20%20%20%20%20%20%20%20%20%20%20%20%7D%0A%20%20%20%20%20%20%20%20%7D%0A%20%20%20%20 HTTP/1.1" 200 953
[2025-01-24 15:01:13,104] INFO [django.server:213] "GET /d HTTP/1.1" 200 9785
[2025-01-24 15:01:13,156] INFO [django.server:213] "GET /graphql/?query=%0A%20%20%20%20%20%20%20%20query%20%7B%0A%20%20%20%20%20%20%20%20%20%20%20%20allEmployee%20%7B%0A%20%20%20%20%20%20%20%20%20%20%20%20%20%20%20%20id%0A%20%20%20%20%20%20%20%20%20%20%20%20%20%20%20%20employeeId%0A%20%20%20%20%20%20%20%20%20%20%20%20%20%20%20%20address%0A%20%20%20%20%20%20%20%20%20%20%20%20%20%20%20%20user%20%7B%0A%20%20%20%20%20%20%20%20%20%20%20%20%20%20%20%20%20%20%20%20id%0A%20%20%20%20%20%20%20%20%20%20%20%20%20%20%20%20%20%20%20%20username%0A%20%20%20%20%20%20%20%20%20%20%20%20%20%20%20%20%20%20%20%20role%7B%0A%20%20%20%20%20%20%20%20%20%20%20%20%20%20%20%20%20%20%20%20name%0A%20%20%20%20%20%20%20%20%20%20%20%20%20%20%20%20%20%20%20%20%7D%0A%20%20%20%20%20%20%20%20%20%20%20%20%20%20%20%20%7D%0A%20%20%20%20%20%20%20%20%20%20%20%20%20%20%20%20department%20%7B%0A%20%20%20%20%20%20%20%20%20%20%20%20%20%20%20%20%20%20%20%20name%0A%20%20%20%20%20%20%20%20%20%20%20%20%20%20%20%20%7D%0A%20%20%20%20%20%20%20%20%20%20%20%20%7D%0A%20%20%20%20%20%20%20%20%7D%0A%20%20%20%20 HTTP/1.1" 200 953
[2025-01-24 15:03:15,812] INFO [django.server:213] "GET /d HTTP/1.1" 302 0
[2025-01-24 15:03:15,828] INFO [django.server:213] "GET /l HTTP/1.1" 200 9208
[2025-01-24 15:03:56,642] INFO [django.utils.autoreload:266] /home/sakib/Desktop/sakib/backend/backend/GraphQL/Employee-management-project/User/views.py changed, reloading.
[2025-01-24 15:03:57,141] INFO [django.utils.autoreload:668] Watching for file changes with StatReloader
[2025-01-24 15:04:01,310] INFO [django.utils.autoreload:266] /home/sakib/Desktop/sakib/backend/backend/GraphQL/Employee-management-project/User/views.py changed, reloading.
[2025-01-24 15:04:01,687] INFO [django.utils.autoreload:668] Watching for file changes with StatReloader
[2025-01-24 15:04:02,937] INFO [django.utils.autoreload:266] /home/sakib/Desktop/sakib/backend/backend/GraphQL/Employee-management-project/User/views.py changed, reloading.
[2025-01-24 15:04:03,350] INFO [django.utils.autoreload:668] Watching for file changes with StatReloader
[2025-01-24 15:04:06,365] INFO [django.server:213] "GET /l HTTP/1.1" 200 9208
[2025-01-24 15:04:13,331] INFO [django.server:213] "POST /graphql/ HTTP/1.1" 200 368
[2025-01-24 15:04:13,367] INFO [django.server:213] "GET /d HTTP/1.1" 200 9241
[2025-01-24 15:04:13,660] INFO [django.server:213] "GET /graphql/?query=%0A%20%20%20%20%20%20%20%20query%20%7B%0A%20%20%20%20%20%20%20%20%20%20%20%20allEmployee%20%7B%0A%20%20%20%20%20%20%20%20%20%20%20%20%20%20%20%20id%0A%20%20%20%20%20%20%20%20%20%20%20%20%20%20%20%20employeeId%0A%20%20%20%20%20%20%20%20%20%20%20%20%20%20%20%20address%0A%20%20%20%20%20%20%20%20%20%20%20%20%20%20%20%20user%20%7B%0A%20%20%20%20%20%20%20%20%20%20%20%20%20%20%20%20%20%20%20%20id%0A%20%20%20%20%20%20%20%20%20%20%20%20%20%20%20%20%20%20%20%20username%0A%20%20%20%20%20%20%20%20%20%20%20%20%20%20%20%20%20%20%20%20role%7B%0A%20%20%20%20%20%20%20%20%20%20%20%20%20%20%20%20%20%20%20%20name%0A%20%20%20%20%20%20%20%20%20%20%20%20%20%20%20%20%20%20%20%20%7D%0A%20%20%20%20%20%20%20%20%20%20%20%20%20%20%20%20%7D%0A%20%20%20%20%20%20%20%20%20%20%20%20%20%20%20%20department%20%7B%0A%20%20%20%20%20%20%20%20%20%20%20%20%20%20%20%20%20%20%20%20name%0A%20%20%20%20%20%20%20%20%20%20%20%20%20%20%20%20%7D%0A%20%20%20%20%20%20%20%20%20%20%20%20%7D%0A%20%20%20%20%20%20%20%20%7D%0A%20%20%20%20 HTTP/1.1" 200 953
[2025-01-24 15:04:35,003] INFO [django.server:213] "GET /admin/User/customuser/ HTTP/1.1" 200 17780
[2025-01-24 15:04:35,037] INFO [django.server:213] "GET /admin/jsi18n/ HTTP/1.1" 200 3342
[2025-01-24 15:04:36,555] INFO [django.server:213] "GET /d HTTP/1.1" 302 0
[2025-01-24 15:04:36,568] INFO [django.server:213] "GET /l HTTP/1.1" 200 9125
[2025-01-24 15:04:39,503] INFO [django.server:213] "GET /admin/User/customuser/ HTTP/1.1" 200 17780
[2025-01-24 15:04:39,527] INFO [django.server:213] "GET /admin/jsi18n/ HTTP/1.1" 200 3342
[2025-01-24 15:04:59,225] INFO [django.server:213] "GET /admin/User/customuser/ HTTP/1.1" 200 17780
[2025-01-24 15:04:59,250] INFO [django.server:213] "GET /admin/jsi18n/ HTTP/1.1" 200 3342
[2025-01-24 15:05:35,722] INFO [django.server:213] "GET / HTTP/1.1" 302 0
[2025-01-24 15:05:35,736] INFO [django.server:213] "GET /l HTTP/1.1" 200 9208
[2025-01-24 15:05:35,845] INFO [django.server:213] "GET /static/css/registration.css HTTP/1.1" 200 16995
[2025-01-24 15:05:35,922] INFO [django.server:213] "GET /favicon.ico HTTP/1.1" 302 0
[2025-01-24 15:05:35,929] INFO [django.server:213] "GET /l HTTP/1.1" 200 9208
[2025-01-24 15:05:45,250] INFO [django.server:213] "POST /graphql/ HTTP/1.1" 200 368
[2025-01-24 15:05:45,279] INFO [django.server:213] "GET /d HTTP/1.1" 200 7782
[2025-01-24 15:05:45,415] WARNING [django.request:248] Not Found: /favicon.ico
[2025-01-24 15:05:45,418] WARNING [django.server:213] "GET /favicon.ico HTTP/1.1" 404 4804
[2025-01-24 15:05:45,424] INFO [django.server:213] "GET /graphql/?query=%0A%20%20%20%20%20%20%20%20query%20%7B%0A%20%20%20%20%20%20%20%20%20%20%20%20allEmployee%20%7B%0A%20%20%20%20%20%20%20%20%20%20%20%20%20%20%20%20id%0A%20%20%20%20%20%20%20%20%20%20%20%20%20%20%20%20employeeId%0A%20%20%20%20%20%20%20%20%20%20%20%20%20%20%20%20address%0A%20%20%20%20%20%20%20%20%20%20%20%20%20%20%20%20user%20%7B%0A%20%20%20%20%20%20%20%20%20%20%20%20%20%20%20%20%20%20%20%20id%0A%20%20%20%20%20%20%20%20%20%20%20%20%20%20%20%20%20%20%20%20username%0A%20%20%20%20%20%20%20%20%20%20%20%20%20%20%20%20%20%20%20%20role%7B%0A%20%20%20%20%20%20%20%20%20%20%20%20%20%20%20%20%20%20%20%20name%0A%20%20%20%20%20%20%20%20%20%20%20%20%20%20%20%20%20%20%20%20%7D%0A%20%20%20%20%20%20%20%20%20%20%20%20%20%20%20%20%7D%0A%20%20%20%20%20%20%20%20%20%20%20%20%20%20%20%20department%20%7B%0A%20%20%20%20%20%20%20%20%20%20%20%20%20%20%20%20%20%20%20%20name%0A%20%20%20%20%20%20%20%20%20%20%20%20%20%20%20%20%7D%0A%20%20%20%20%20%20%20%20%20%20%20%20%7D%0A%20%20%20%20%20%20%20%20%7D%0A%20%20%20%20 HTTP/1.1" 200 953
[2025-01-24 15:07:07,978] INFO [django.server:213] "GET /d HTTP/1.1" 302 0
[2025-01-24 15:07:07,992] INFO [django.server:213] "GET /l HTTP/1.1" 200 9208
[2025-01-24 15:07:10,946] INFO [django.server:213] "GET /l HTTP/1.1" 200 9208
[2025-01-24 15:07:29,018] INFO [django.server:213] "GET /d HTTP/1.1" 302 0
[2025-01-24 15:07:29,033] INFO [django.server:213] "GET /l HTTP/1.1" 200 9208
[2025-01-24 15:08:21,144] INFO [django.utils.autoreload:266] /home/sakib/Desktop/sakib/backend/backend/GraphQL/Employee-management-project/EmployeeManagement/settings.py changed, reloading.
[2025-01-24 15:08:21,645] INFO [django.utils.autoreload:668] Watching for file changes with StatReloader
[2025-01-24 15:08:29,119] INFO [django.server:213] "GET /l HTTP/1.1" 200 9208
[2025-01-24 15:08:33,957] INFO [django.server:213] "POST /graphql/ HTTP/1.1" 200 368
[2025-01-24 15:08:34,003] INFO [django.server:213] "GET /d HTTP/1.1" 200 9241
[2025-01-24 15:08:34,270] INFO [django.server:213] "GET /graphql/?query=%0A%20%20%20%20%20%20%20%20query%20%7B%0A%20%20%20%20%20%20%20%20%20%20%20%20allEmployee%20%7B%0A%20%20%20%20%20%20%20%20%20%20%20%20%20%20%20%20id%0A%20%20%20%20%20%20%20%20%20%20%20%20%20%20%20%20employeeId%0A%20%20%20%20%20%20%20%20%20%20%20%20%20%20%20%20address%0A%20%20%20%20%20%20%20%20%20%20%20%20%20%20%20%20user%20%7B%0A%20%20%20%20%20%20%20%20%20%20%20%20%20%20%20%20%20%20%20%20id%0A%20%20%20%20%20%20%20%20%20%20%20%20%20%20%20%20%20%20%20%20username%0A%20%20%20%20%20%20%20%20%20%20%20%20%20%20%20%20%20%20%20%20role%7B%0A%20%20%20%20%20%20%20%20%20%20%20%20%20%20%20%20%20%20%20%20name%0A%20%20%20%20%20%20%20%20%20%20%20%20%20%20%20%20%20%20%20%20%7D%0A%20%20%20%20%20%20%20%20%20%20%20%20%20%20%20%20%7D%0A%20%20%20%20%20%20%20%20%20%20%20%20%20%20%20%20department%20%7B%0A%20%20%20%20%20%20%20%20%20%20%20%20%20%20%20%20%20%20%20%20name%0A%20%20%20%20%20%20%20%20%20%20%20%20%20%20%20%20%7D%0A%20%20%20%20%20%20%20%20%20%20%20%20%7D%0A%20%20%20%20%20%20%20%20%7D%0A%20%20%20%20 HTTP/1.1" 200 953
[2025-01-24 15:08:44,546] INFO [django.server:213] "GET /l HTTP/1.1" 200 9208
[2025-01-24 15:08:49,758] INFO [django.server:213] "POST /graphql/ HTTP/1.1" 200 368
[2025-01-24 15:08:49,785] INFO [django.server:213] "GET /d HTTP/1.1" 200 9238
[2025-01-24 15:08:49,909] INFO [django.server:213] "GET /graphql/?query=%0A%20%20%20%20%20%20%20%20query%20%7B%0A%20%20%20%20%20%20%20%20%20%20%20%20allEmployee%20%7B%0A%20%20%20%20%20%20%20%20%20%20%20%20%20%20%20%20id%0A%20%20%20%20%20%20%20%20%20%20%20%20%20%20%20%20employeeId%0A%20%20%20%20%20%20%20%20%20%20%20%20%20%20%20%20address%0A%20%20%20%20%20%20%20%20%20%20%20%20%20%20%20%20user%20%7B%0A%20%20%20%20%20%20%20%20%20%20%20%20%20%20%20%20%20%20%20%20id%0A%20%20%20%20%20%20%20%20%20%20%20%20%20%20%20%20%20%20%20%20username%0A%20%20%20%20%20%20%20%20%20%20%20%20%20%20%20%20%20%20%20%20role%7B%0A%20%20%20%20%20%20%20%20%20%20%20%20%20%20%20%20%20%20%20%20name%0A%20%20%20%20%20%20%20%20%20%20%20%20%20%20%20%20%20%20%20%20%7D%0A%20%20%20%20%20%20%20%20%20%20%20%20%20%20%20%20%7D%0A%20%20%20%20%20%20%20%20%20%20%20%20%20%20%20%20department%20%7B%0A%20%20%20%20%20%20%20%20%20%20%20%20%20%20%20%20%20%20%20%20name%0A%20%20%20%20%20%20%20%20%20%20%20%20%20%20%20%20%7D%0A%20%20%20%20%20%20%20%20%20%20%20%20%7D%0A%20%20%20%20%20%20%20%20%7D%0A%20%20%20%20 HTTP/1.1" 200 953
[2025-01-24 15:10:18,368] INFO [django.server:213] "GET /d HTTP/1.1" 200 9188
[2025-01-24 15:10:18,553] INFO [django.server:213] "GET /graphql/?query=%0A%20%20%20%20%20%20%20%20query%20%7B%0A%20%20%20%20%20%20%20%20%20%20%20%20allEmployee%20%7B%0A%20%20%20%20%20%20%20%20%20%20%20%20%20%20%20%20id%0A%20%20%20%20%20%20%20%20%20%20%20%20%20%20%20%20employeeId%0A%20%20%20%20%20%20%20%20%20%20%20%20%20%20%20%20address%0A%20%20%20%20%20%20%20%20%20%20%20%20%20%20%20%20user%20%7B%0A%20%20%20%20%20%20%20%20%20%20%20%20%20%20%20%20%20%20%20%20id%0A%20%20%20%20%20%20%20%20%20%20%20%20%20%20%20%20%20%20%20%20username%0A%20%20%20%20%20%20%20%20%20%20%20%20%20%20%20%20%20%20%20%20role%7B%0A%20%20%20%20%20%20%20%20%20%20%20%20%20%20%20%20%20%20%20%20name%0A%20%20%20%20%20%20%20%20%20%20%20%20%20%20%20%20%20%20%20%20%7D%0A%20%20%20%20%20%20%20%20%20%20%20%20%20%20%20%20%7D%0A%20%20%20%20%20%20%20%20%20%20%20%20%20%20%20%20department%20%7B%0A%20%20%20%20%20%20%20%20%20%20%20%20%20%20%20%20%20%20%20%20name%0A%20%20%20%20%20%20%20%20%20%20%20%20%20%20%20%20%7D%0A%20%20%20%20%20%20%20%20%20%20%20%20%7D%0A%20%20%20%20%20%20%20%20%7D%0A%20%20%20%20 HTTP/1.1" 200 953
[2025-01-24 15:10:25,953] INFO [django.server:213] "GET /d HTTP/1.1" 200 9238
[2025-01-24 15:10:26,027] INFO [django.server:213] "GET /graphql/?query=%0A%20%20%20%20%20%20%20%20query%20%7B%0A%20%20%20%20%20%20%20%20%20%20%20%20allEmployee%20%7B%0A%20%20%20%20%20%20%20%20%20%20%20%20%20%20%20%20id%0A%20%20%20%20%20%20%20%20%20%20%20%20%20%20%20%20employeeId%0A%20%20%20%20%20%20%20%20%20%20%20%20%20%20%20%20address%0A%20%20%20%20%20%20%20%20%20%20%20%20%20%20%20%20user%20%7B%0A%20%20%20%20%20%20%20%20%20%20%20%20%20%20%20%20%20%20%20%20id%0A%20%20%20%20%20%20%20%20%20%20%20%20%20%20%20%20%20%20%20%20username%0A%20%20%20%20%20%20%20%20%20%20%20%20%20%20%20%20%20%20%20%20role%7B%0A%20%20%20%20%20%20%20%20%20%20%20%20%20%20%20%20%20%20%20%20name%0A%20%20%20%20%20%20%20%20%20%20%20%20%20%20%20%20%20%20%20%20%7D%0A%20%20%20%20%20%20%20%20%20%20%20%20%20%20%20%20%7D%0A%20%20%20%20%20%20%20%20%20%20%20%20%20%20%20%20department%20%7B%0A%20%20%20%20%20%20%20%20%20%20%20%20%20%20%20%20%20%20%20%20name%0A%20%20%20%20%20%20%20%20%20%20%20%20%20%20%20%20%7D%0A%20%20%20%20%20%20%20%20%20%20%20%20%7D%0A%20%20%20%20%20%20%20%20%7D%0A%20%20%20%20 HTTP/1.1" 200 953
[2025-01-24 15:13:55,263] WARNING [django.request:248] Not Found: /graphql
[2025-01-24 15:13:55,263] WARNING [django.server:213] "GET /graphql HTTP/1.1" 404 4788
[2025-01-24 15:13:59,206] INFO [django.server:213] "GET /graphql/ HTTP/1.1" 200 2611
[2025-01-24 15:13:59,249] INFO [django.server:213] "GET /static/graphene_django/graphiql.js HTTP/1.1" 200 4037
[2025-01-24 15:14:01,148] INFO [django.server:213] "POST /graphql/ HTTP/1.1" 200 56535
[2025-01-24 15:14:52,959] INFO [django.server:213] "POST /graphql/ HTTP/1.1" 302 0
[2025-01-24 15:14:52,959] INFO [django.server:213] "POST /graphql/ HTTP/1.1" 302 0
[2025-01-24 15:14:52,992] INFO [django.server:213] "GET /l HTTP/1.1" 200 9208
[2025-01-24 15:14:52,997] INFO [django.server:213] "GET /l HTTP/1.1" 200 9208
[2025-01-24 15:14:53,004] INFO [django.server:213] "POST /graphql/ HTTP/1.1" 302 0
[2025-01-24 15:14:53,025] INFO [django.server:213] "GET /l HTTP/1.1" 200 9208
[2025-01-24 15:14:53,084] INFO [django.server:213] "POST /graphql/ HTTP/1.1" 302 0
[2025-01-24 15:14:53,089] INFO [django.server:213] "POST /graphql/ HTTP/1.1" 302 0
[2025-01-24 15:14:53,167] INFO [django.server:213] "GET /l HTTP/1.1" 200 9208
[2025-01-24 15:14:53,171] INFO [django.server:213] "GET /l HTTP/1.1" 200 9208
[2025-01-24 15:14:53,182] INFO [django.server:213] "POST /graphql/ HTTP/1.1" 302 0
[2025-01-24 15:14:53,224] INFO [django.server:213] "GET /l HTTP/1.1" 200 9208
[2025-01-24 15:15:21,540] INFO [django.server:213] "GET /d HTTP/1.1" 200 9238
[2025-01-24 15:15:21,624] INFO [django.server:213] "GET /graphql/?query=%0A%20%20%20%20%20%20%20%20query%20%7B%0A%20%20%20%20%20%20%20%20%20%20%20%20allEmployee%20%7B%0A%20%20%20%20%20%20%20%20%20%20%20%20%20%20%20%20id%0A%20%20%20%20%20%20%20%20%20%20%20%20%20%20%20%20employeeId%0A%20%20%20%20%20%20%20%20%20%20%20%20%20%20%20%20address%0A%20%20%20%20%20%20%20%20%20%20%20%20%20%20%20%20user%20%7B%0A%20%20%20%20%20%20%20%20%20%20%20%20%20%20%20%20%20%20%20%20id%0A%20%20%20%20%20%20%20%20%20%20%20%20%20%20%20%20%20%20%20%20username%0A%20%20%20%20%20%20%20%20%20%20%20%20%20%20%20%20%20%20%20%20role%7B%0A%20%20%20%20%20%20%20%20%20%20%20%20%20%20%20%20%20%20%20%20name%0A%20%20%20%20%20%20%20%20%20%20%20%20%20%20%20%20%20%20%20%20%7D%0A%20%20%20%20%20%20%20%20%20%20%20%20%20%20%20%20%7D%0A%20%20%20%20%20%20%20%20%20%20%20%20%20%20%20%20department%20%7B%0A%20%20%20%20%20%20%20%20%20%20%20%20%20%20%20%20%20%20%20%20name%0A%20%20%20%20%20%20%20%20%20%20%20%20%20%20%20%20%7D%0A%20%20%20%20%20%20%20%20%20%20%20%20%7D%0A%20%20%20%20%20%20%20%20%7D%0A%20%20%20%20 HTTP/1.1" 200 953
[2025-01-24 15:16:18,443] INFO [django.server:213] "GET /de HTTP/1.1" 200 10711
[2025-01-24 15:16:18,516] INFO [django.server:213] "GET /graphql/?query=%0A%20%20%20%20%20%20%20%20%20%20%20%20%20%20%20%20query%7B%0A%20%20%20%20%20%20%20%20%20%20%20%20%20%20%20%20allRole%7B%0A%20%20%20%20%20%20%20%20%20%20%20%20%20%20%20%20id%0A%20%20%20%20%20%20%20%20%20%20%20%20%20%20%20%20name%0A%20%20%20%20%20%20%20%20%20%20%20%20%20%20%20%20description%0A%20%20%20%20%20%20%20%20%20%20%20%20%20%20%20%20%7D%0A%20%20%20%20%20%20%20%20%20%20%20%20%20%20%20%20%7D%0A%20%20%20%20%20%20%20%20%20%20%20%20 HTTP/1.1" 200 230
[2025-01-24 15:16:39,431] INFO [django.server:213] "GET /de HTTP/1.1" 200 10711
[2025-01-24 15:16:39,483] INFO [django.server:213] "GET /graphql/?query=%0A%20%20%20%20%20%20%20%20%20%20%20%20%20%20%20%20query%7B%0A%20%20%20%20%20%20%20%20%20%20%20%20%20%20%20%20allRole%7B%0A%20%20%20%20%20%20%20%20%20%20%20%20%20%20%20%20id%0A%20%20%20%20%20%20%20%20%20%20%20%20%20%20%20%20name%0A%20%20%20%20%20%20%20%20%20%20%20%20%20%20%20%20description%0A%20%20%20%20%20%20%20%20%20%20%20%20%20%20%20%20%7D%0A%20%20%20%20%20%20%20%20%20%20%20%20%20%20%20%20%7D%0A%20%20%20%20%20%20%20%20%20%20%20%20 HTTP/1.1" 200 230
[2025-01-24 15:18:19,181] INFO [django.server:213] "GET /graphql/?query=%0A%20%20%20%20%20%20%20%20%20%20%20%20%20%20%20%20query%7B%0A%20%20%20%20%20%20%20%20%20%20%20%20%20%20%20%20allRole%7B%0A%20%20%20%20%20%20%20%20%20%20%20%20%20%20%20%20id%0A%20%20%20%20%20%20%20%20%20%20%20%20%20%20%20%20name%0A%20%20%20%20%20%20%20%20%20%20%20%20%20%20%20%20description%0A%20%20%20%20%20%20%20%20%20%20%20%20%20%20%20%20%7D%0A%20%20%20%20%20%20%20%20%20%20%20%20%20%20%20%20%7D%0A%20%20%20%20%20%20%20%20%20%20%20%20 HTTP/1.1" 302 0
[2025-01-24 15:18:52,543] INFO [django.server:213] "GET /eu/1/ HTTP/1.1" 302 0
[2025-01-24 15:18:52,553] INFO [django.server:213] "GET /l HTTP/1.1" 200 9208
[2025-01-24 15:19:02,711] INFO [django.server:213] "GET /d HTTP/1.1" 200 9188
[2025-01-24 15:19:02,922] INFO [django.server:213] "GET /graphql/?query=%0A%20%20%20%20%20%20%20%20query%20%7B%0A%20%20%20%20%20%20%20%20%20%20%20%20allEmployee%20%7B%0A%20%20%20%20%20%20%20%20%20%20%20%20%20%20%20%20id%0A%20%20%20%20%20%20%20%20%20%20%20%20%20%20%20%20employeeId%0A%20%20%20%20%20%20%20%20%20%20%20%20%20%20%20%20address%0A%20%20%20%20%20%20%20%20%20%20%20%20%20%20%20%20user%20%7B%0A%20%20%20%20%20%20%20%20%20%20%20%20%20%20%20%20%20%20%20%20id%0A%20%20%20%20%20%20%20%20%20%20%20%20%20%20%20%20%20%20%20%20username%0A%20%20%20%20%20%20%20%20%20%20%20%20%20%20%20%20%20%20%20%20role%7B%0A%20%20%20%20%20%20%20%20%20%20%20%20%20%20%20%20%20%20%20%20name%0A%20%20%20%20%20%20%20%20%20%20%20%20%20%20%20%20%20%20%20%20%7D%0A%20%20%20%20%20%20%20%20%20%20%20%20%20%20%20%20%7D%0A%20%20%20%20%20%20%20%20%20%20%20%20%20%20%20%20department%20%7B%0A%20%20%20%20%20%20%20%20%20%20%20%20%20%20%20%20%20%20%20%20name%0A%20%20%20%20%20%20%20%20%20%20%20%20%20%20%20%20%7D%0A%20%20%20%20%20%20%20%20%20%20%20%20%7D%0A%20%20%20%20%20%20%20%20%7D%0A%20%20%20%20 HTTP/1.1" 200 953
[2025-01-24 15:19:05,660] INFO [django.server:213] "GET /d HTTP/1.1" 200 9188
[2025-01-24 15:19:05,878] INFO [django.server:213] "GET /graphql/?query=%0A%20%20%20%20%20%20%20%20query%20%7B%0A%20%20%20%20%20%20%20%20%20%20%20%20allEmployee%20%7B%0A%20%20%20%20%20%20%20%20%20%20%20%20%20%20%20%20id%0A%20%20%20%20%20%20%20%20%20%20%20%20%20%20%20%20employeeId%0A%20%20%20%20%20%20%20%20%20%20%20%20%20%20%20%20address%0A%20%20%20%20%20%20%20%20%20%20%20%20%20%20%20%20user%20%7B%0A%20%20%20%20%20%20%20%20%20%20%20%20%20%20%20%20%20%20%20%20id%0A%20%20%20%20%20%20%20%20%20%20%20%20%20%20%20%20%20%20%20%20username%0A%20%20%20%20%20%20%20%20%20%20%20%20%20%20%20%20%20%20%20%20role%7B%0A%20%20%20%20%20%20%20%20%20%20%20%20%20%20%20%20%20%20%20%20name%0A%20%20%20%20%20%20%20%20%20%20%20%20%20%20%20%20%20%20%20%20%7D%0A%20%20%20%20%20%20%20%20%20%20%20%20%20%20%20%20%7D%0A%20%20%20%20%20%20%20%20%20%20%20%20%20%20%20%20department%20%7B%0A%20%20%20%20%20%20%20%20%20%20%20%20%20%20%20%20%20%20%20%20name%0A%20%20%20%20%20%20%20%20%20%20%20%20%20%20%20%20%7D%0A%20%20%20%20%20%20%20%20%20%20%20%20%7D%0A%20%20%20%20%20%20%20%20%7D%0A%20%20%20%20 HTTP/1.1" 200 953
[2025-01-24 15:19:14,767] INFO [django.server:213] "POST /graphql/ HTTP/1.1" 200 368
[2025-01-24 15:19:14,796] INFO [django.server:213] "GET /d HTTP/1.1" 200 9238
[2025-01-24 15:19:14,935] INFO [django.server:213] "GET /graphql/?query=%0A%20%20%20%20%20%20%20%20query%20%7B%0A%20%20%20%20%20%20%20%20%20%20%20%20allEmployee%20%7B%0A%20%20%20%20%20%20%20%20%20%20%20%20%20%20%20%20id%0A%20%20%20%20%20%20%20%20%20%20%20%20%20%20%20%20employeeId%0A%20%20%20%20%20%20%20%20%20%20%20%20%20%20%20%20address%0A%20%20%20%20%20%20%20%20%20%20%20%20%20%20%20%20user%20%7B%0A%20%20%20%20%20%20%20%20%20%20%20%20%20%20%20%20%20%20%20%20id%0A%20%20%20%20%20%20%20%20%20%20%20%20%20%20%20%20%20%20%20%20username%0A%20%20%20%20%20%20%20%20%20%20%20%20%20%20%20%20%20%20%20%20role%7B%0A%20%20%20%20%20%20%20%20%20%20%20%20%20%20%20%20%20%20%20%20name%0A%20%20%20%20%20%20%20%20%20%20%20%20%20%20%20%20%20%20%20%20%7D%0A%20%20%20%20%20%20%20%20%20%20%20%20%20%20%20%20%7D%0A%20%20%20%20%20%20%20%20%20%20%20%20%20%20%20%20department%20%7B%0A%20%20%20%20%20%20%20%20%20%20%20%20%20%20%20%20%20%20%20%20name%0A%20%20%20%20%20%20%20%20%20%20%20%20%20%20%20%20%7D%0A%20%20%20%20%20%20%20%20%20%20%20%20%7D%0A%20%20%20%20%20%20%20%20%7D%0A%20%20%20%20 HTTP/1.1" 200 953
[2025-01-24 15:19:17,163] INFO [django.server:213] "GET /d HTTP/1.1" 200 9188
[2025-01-24 15:19:17,298] INFO [django.server:213] "GET /graphql/?query=%0A%20%20%20%20%20%20%20%20query%20%7B%0A%20%20%20%20%20%20%20%20%20%20%20%20allEmployee%20%7B%0A%20%20%20%20%20%20%20%20%20%20%20%20%20%20%20%20id%0A%20%20%20%20%20%20%20%20%20%20%20%20%20%20%20%20employeeId%0A%20%20%20%20%20%20%20%20%20%20%20%20%20%20%20%20address%0A%20%20%20%20%20%20%20%20%20%20%20%20%20%20%20%20user%20%7B%0A%20%20%20%20%20%20%20%20%20%20%20%20%20%20%20%20%20%20%20%20id%0A%20%20%20%20%20%20%20%20%20%20%20%20%20%20%20%20%20%20%20%20username%0A%20%20%20%20%20%20%20%20%20%20%20%20%20%20%20%20%20%20%20%20role%7B%0A%20%20%20%20%20%20%20%20%20%20%20%20%20%20%20%20%20%20%20%20name%0A%20%20%20%20%20%20%20%20%20%20%20%20%20%20%20%20%20%20%20%20%7D%0A%20%20%20%20%20%20%20%20%20%20%20%20%20%20%20%20%7D%0A%20%20%20%20%20%20%20%20%20%20%20%20%20%20%20%20department%20%7B%0A%20%20%20%20%20%20%20%20%20%20%20%20%20%20%20%20%20%20%20%20name%0A%20%20%20%20%20%20%20%20%20%20%20%20%20%20%20%20%7D%0A%20%20%20%20%20%20%20%20%20%20%20%20%7D%0A%20%20%20%20%20%20%20%20%7D%0A%20%20%20%20 HTTP/1.1" 200 953
[2025-01-24 15:20:04,080] INFO [django.server:213] "GET /d HTTP/1.1" 200 9238
[2025-01-24 15:20:04,137] INFO [django.server:213] "GET /graphql/?query=%0A%20%20%20%20%20%20%20%20query%20%7B%0A%20%20%20%20%20%20%20%20%20%20%20%20allEmployee%20%7B%0A%20%20%20%20%20%20%20%20%20%20%20%20%20%20%20%20id%0A%20%20%20%20%20%20%20%20%20%20%20%20%20%20%20%20employeeId%0A%20%20%20%20%20%20%20%20%20%20%20%20%20%20%20%20address%0A%20%20%20%20%20%20%20%20%20%20%20%20%20%20%20%20user%20%7B%0A%20%20%20%20%20%20%20%20%20%20%20%20%20%20%20%20%20%20%20%20id%0A%20%20%20%20%20%20%20%20%20%20%20%20%20%20%20%20%20%20%20%20username%0A%20%20%20%20%20%20%20%20%20%20%20%20%20%20%20%20%20%20%20%20role%7B%0A%20%20%20%20%20%20%20%20%20%20%20%20%20%20%20%20%20%20%20%20name%0A%20%20%20%20%20%20%20%20%20%20%20%20%20%20%20%20%20%20%20%20%7D%0A%20%20%20%20%20%20%20%20%20%20%20%20%20%20%20%20%7D%0A%20%20%20%20%20%20%20%20%20%20%20%20%20%20%20%20department%20%7B%0A%20%20%20%20%20%20%20%20%20%20%20%20%20%20%20%20%20%20%20%20name%0A%20%20%20%20%20%20%20%20%20%20%20%20%20%20%20%20%7D%0A%20%20%20%20%20%20%20%20%20%20%20%20%7D%0A%20%20%20%20%20%20%20%20%7D%0A%20%20%20%20 HTTP/1.1" 200 953
[2025-01-24 15:20:42,518] INFO [django.server:213] "GET / HTTP/1.1" 302 0
[2025-01-24 15:20:42,528] INFO [django.server:213] "GET /l HTTP/1.1" 200 9208
[2025-01-24 15:20:42,596] INFO [django.server:213] "GET /static/css/registration.css HTTP/1.1" 200 16995
[2025-01-24 15:20:50,026] INFO [django.server:213] "POST /graphql/ HTTP/1.1" 200 368
[2025-01-24 15:20:50,047] INFO [django.server:213] "GET /d HTTP/1.1" 200 9785
[2025-01-24 15:20:50,139] INFO [django.server:213] "GET /graphql/?query=%0A%20%20%20%20%20%20%20%20query%20%7B%0A%20%20%20%20%20%20%20%20%20%20%20%20allEmployee%20%7B%0A%20%20%20%20%20%20%20%20%20%20%20%20%20%20%20%20id%0A%20%20%20%20%20%20%20%20%20%20%20%20%20%20%20%20employeeId%0A%20%20%20%20%20%20%20%20%20%20%20%20%20%20%20%20address%0A%20%20%20%20%20%20%20%20%20%20%20%20%20%20%20%20user%20%7B%0A%20%20%20%20%20%20%20%20%20%20%20%20%20%20%20%20%20%20%20%20id%0A%20%20%20%20%20%20%20%20%20%20%20%20%20%20%20%20%20%20%20%20username%0A%20%20%20%20%20%20%20%20%20%20%20%20%20%20%20%20%20%20%20%20role%7B%0A%20%20%20%20%20%20%20%20%20%20%20%20%20%20%20%20%20%20%20%20name%0A%20%20%20%20%20%20%20%20%20%20%20%20%20%20%20%20%20%20%20%20%7D%0A%20%20%20%20%20%20%20%20%20%20%20%20%20%20%20%20%7D%0A%20%20%20%20%20%20%20%20%20%20%20%20%20%20%20%20department%20%7B%0A%20%20%20%20%20%20%20%20%20%20%20%20%20%20%20%20%20%20%20%20name%0A%20%20%20%20%20%20%20%20%20%20%20%20%20%20%20%20%7D%0A%20%20%20%20%20%20%20%20%20%20%20%20%7D%0A%20%20%20%20%20%20%20%20%7D%0A%20%20%20%20 HTTP/1.1" 200 953
[2025-01-24 15:21:34,092] INFO [django.server:213] "GET /a HTTP/1.1" 200 11786
[2025-01-24 15:21:34,398] INFO [django.server:213] "GET /graphql/?query=%0A%20%20%20%20%20%20query%20%7B%0A%20%20%20%20%20%20%20%20myAttendance%20%7B%0A%20%20%20%20%20%20%20%20%20%20date%0A%20%20%20%20%20%20%20%20%20%20status%0A%20%20%20%20%20%20%20%20%7D%0A%20%20%20%20%20%20%7D%0A%20%20%20%20 HTTP/1.1" 200 148
[2025-01-24 15:23:59,668] INFO [django.utils.autoreload:266] /home/sakib/Desktop/sakib/backend/backend/GraphQL/Employee-management-project/company/models.py changed, reloading.
[2025-01-24 15:24:00,082] INFO [django.utils.autoreload:668] Watching for file changes with StatReloader
[2025-01-24 15:24:01,378] INFO [django.utils.autoreload:266] /home/sakib/Desktop/sakib/backend/backend/GraphQL/Employee-management-project/company/models.py changed, reloading.
[2025-01-24 15:24:01,840] INFO [django.utils.autoreload:668] Watching for file changes with StatReloader
[2025-01-24 15:24:07,171] INFO [django.utils.autoreload:266] /home/sakib/Desktop/sakib/backend/backend/GraphQL/Employee-management-project/company/models.py changed, reloading.
[2025-01-24 15:24:07,550] INFO [django.utils.autoreload:668] Watching for file changes with StatReloader
[2025-01-24 15:24:17,938] INFO [django.utils.autoreload:266] /home/sakib/Desktop/sakib/backend/backend/GraphQL/Employee-management-project/company/models.py changed, reloading.
[2025-01-24 15:24:18,311] INFO [django.utils.autoreload:668] Watching for file changes with StatReloader
[2025-01-24 15:24:25,520] INFO [django.utils.autoreload:266] /home/sakib/Desktop/sakib/backend/backend/GraphQL/Employee-management-project/company/models.py changed, reloading.
[2025-01-24 15:24:25,974] INFO [django.utils.autoreload:668] Watching for file changes with StatReloader
[2025-01-24 15:24:32,176] INFO [django.utils.autoreload:266] /home/sakib/Desktop/sakib/backend/backend/GraphQL/Employee-management-project/company/models.py changed, reloading.
[2025-01-24 15:24:32,530] INFO [django.utils.autoreload:668] Watching for file changes with StatReloader
[2025-01-24 15:24:38,732] INFO [django.utils.autoreload:266] /home/sakib/Desktop/sakib/backend/backend/GraphQL/Employee-management-project/company/models.py changed, reloading.
[2025-01-24 15:24:39,098] INFO [django.utils.autoreload:668] Watching for file changes with StatReloader
[2025-01-24 15:24:42,287] INFO [django.utils.autoreload:266] /home/sakib/Desktop/sakib/backend/backend/GraphQL/Employee-management-project/company/models.py changed, reloading.
[2025-01-24 15:24:42,696] INFO [django.utils.autoreload:668] Watching for file changes with StatReloader
[2025-01-24 15:24:46,901] INFO [django.utils.autoreload:266] /home/sakib/Desktop/sakib/backend/backend/GraphQL/Employee-management-project/company/models.py changed, reloading.
[2025-01-24 15:24:47,236] INFO [django.utils.autoreload:668] Watching for file changes with StatReloader
[2025-01-24 15:24:49,428] INFO [django.utils.autoreload:266] /home/sakib/Desktop/sakib/backend/backend/GraphQL/Employee-management-project/company/models.py changed, reloading.
[2025-01-24 15:24:49,770] INFO [django.utils.autoreload:668] Watching for file changes with StatReloader
[2025-01-24 15:25:08,076] INFO [django.utils.autoreload:266] /home/sakib/Desktop/sakib/backend/backend/GraphQL/Employee-management-project/company/models.py changed, reloading.
[2025-01-24 15:25:08,548] INFO [django.utils.autoreload:668] Watching for file changes with StatReloader
[2025-01-24 15:25:12,755] INFO [django.utils.autoreload:266] /home/sakib/Desktop/sakib/backend/backend/GraphQL/Employee-management-project/company/models.py changed, reloading.
[2025-01-24 15:25:13,144] INFO [django.utils.autoreload:668] Watching for file changes with StatReloader
[2025-01-24 15:25:15,338] INFO [django.utils.autoreload:266] /home/sakib/Desktop/sakib/backend/backend/GraphQL/Employee-management-project/company/models.py changed, reloading.
[2025-01-24 15:25:15,791] INFO [django.utils.autoreload:668] Watching for file changes with StatReloader
[2025-01-24 15:25:16,976] INFO [django.utils.autoreload:266] /home/sakib/Desktop/sakib/backend/backend/GraphQL/Employee-management-project/company/models.py changed, reloading.
[2025-01-24 15:25:17,407] INFO [django.utils.autoreload:668] Watching for file changes with StatReloader
[2025-01-24 15:25:22,604] INFO [django.utils.autoreload:266] /home/sakib/Desktop/sakib/backend/backend/GraphQL/Employee-management-project/company/models.py changed, reloading.
[2025-01-24 15:25:22,995] INFO [django.utils.autoreload:668] Watching for file changes with StatReloader
[2025-01-24 15:25:26,264] INFO [django.utils.autoreload:266] /home/sakib/Desktop/sakib/backend/backend/GraphQL/Employee-management-project/company/models.py changed, reloading.
[2025-01-24 15:25:26,775] INFO [django.utils.autoreload:668] Watching for file changes with StatReloader
[2025-01-24 15:25:29,047] INFO [django.utils.autoreload:266] /home/sakib/Desktop/sakib/backend/backend/GraphQL/Employee-management-project/company/models.py changed, reloading.
[2025-01-24 15:25:29,433] INFO [django.utils.autoreload:668] Watching for file changes with StatReloader
[2025-01-24 15:25:31,622] INFO [django.utils.autoreload:266] /home/sakib/Desktop/sakib/backend/backend/GraphQL/Employee-management-project/company/models.py changed, reloading.
[2025-01-24 15:25:31,992] INFO [django.utils.autoreload:668] Watching for file changes with StatReloader
[2025-01-24 16:46:59,976] INFO [django.utils.autoreload:668] Watching for file changes with StatReloader
[2025-01-24 16:47:04,765] INFO [django.server:213] "GET /d HTTP/1.1" 302 0
[2025-01-24 16:47:04,790] INFO [django.server:213] "GET /l HTTP/1.1" 200 9208
[2025-01-24 16:47:17,727] INFO [django.server:213] "POST /graphql/ HTTP/1.1" 200 368
[2025-01-24 16:47:17,768] INFO [django.server:213] "GET /d HTTP/1.1" 200 9188
[2025-01-24 16:47:18,009] INFO [django.server:213] "GET /graphql/?query=%0A%20%20%20%20%20%20%20%20query%20%7B%0A%20%20%20%20%20%20%20%20%20%20%20%20allEmployee%20%7B%0A%20%20%20%20%20%20%20%20%20%20%20%20%20%20%20%20id%0A%20%20%20%20%20%20%20%20%20%20%20%20%20%20%20%20employeeId%0A%20%20%20%20%20%20%20%20%20%20%20%20%20%20%20%20address%0A%20%20%20%20%20%20%20%20%20%20%20%20%20%20%20%20user%20%7B%0A%20%20%20%20%20%20%20%20%20%20%20%20%20%20%20%20%20%20%20%20id%0A%20%20%20%20%20%20%20%20%20%20%20%20%20%20%20%20%20%20%20%20username%0A%20%20%20%20%20%20%20%20%20%20%20%20%20%20%20%20%20%20%20%20role%7B%0A%20%20%20%20%20%20%20%20%20%20%20%20%20%20%20%20%20%20%20%20name%0A%20%20%20%20%20%20%20%20%20%20%20%20%20%20%20%20%20%20%20%20%7D%0A%20%20%20%20%20%20%20%20%20%20%20%20%20%20%20%20%7D%0A%20%20%20%20%20%20%20%20%20%20%20%20%20%20%20%20department%20%7B%0A%20%20%20%20%20%20%20%20%20%20%20%20%20%20%20%20%20%20%20%20name%0A%20%20%20%20%20%20%20%20%20%20%20%20%20%20%20%20%7D%0A%20%20%20%20%20%20%20%20%20%20%20%20%7D%0A%20%20%20%20%20%20%20%20%7D%0A%20%20%20%20 HTTP/1.1" 200 953
[2025-01-24 16:49:02,340] INFO [django.server:213] "GET /a HTTP/1.1" 302 0
[2025-01-24 16:49:02,350] INFO [django.server:213] "GET /l HTTP/1.1" 200 9208
[2025-01-24 16:49:10,143] INFO [django.server:213] "POST /graphql/ HTTP/1.1" 200 368
[2025-01-24 16:49:10,168] INFO [django.server:213] "GET /d HTTP/1.1" 200 9238
[2025-01-24 16:49:10,280] INFO [django.server:213] "GET /graphql/?query=%0A%20%20%20%20%20%20%20%20query%20%7B%0A%20%20%20%20%20%20%20%20%20%20%20%20allEmployee%20%7B%0A%20%20%20%20%20%20%20%20%20%20%20%20%20%20%20%20id%0A%20%20%20%20%20%20%20%20%20%20%20%20%20%20%20%20employeeId%0A%20%20%20%20%20%20%20%20%20%20%20%20%20%20%20%20address%0A%20%20%20%20%20%20%20%20%20%20%20%20%20%20%20%20user%20%7B%0A%20%20%20%20%20%20%20%20%20%20%20%20%20%20%20%20%20%20%20%20id%0A%20%20%20%20%20%20%20%20%20%20%20%20%20%20%20%20%20%20%20%20username%0A%20%20%20%20%20%20%20%20%20%20%20%20%20%20%20%20%20%20%20%20role%7B%0A%20%20%20%20%20%20%20%20%20%20%20%20%20%20%20%20%20%20%20%20name%0A%20%20%20%20%20%20%20%20%20%20%20%20%20%20%20%20%20%20%20%20%7D%0A%20%20%20%20%20%20%20%20%20%20%20%20%20%20%20%20%7D%0A%20%20%20%20%20%20%20%20%20%20%20%20%20%20%20%20department%20%7B%0A%20%20%20%20%20%20%20%20%20%20%20%20%20%20%20%20%20%20%20%20name%0A%20%20%20%20%20%20%20%20%20%20%20%20%20%20%20%20%7D%0A%20%20%20%20%20%20%20%20%20%20%20%20%7D%0A%20%20%20%20%20%20%20%20%7D%0A%20%20%20%20 HTTP/1.1" 200 953
[2025-01-24 16:50:07,439] INFO [django.server:213] "GET /admin/User/customuser/ HTTP/1.1" 200 17780
[2025-01-24 16:50:07,469] INFO [django.server:213] "GET /static/admin/css/base.css HTTP/1.1" 304 0
[2025-01-24 16:50:07,471] INFO [django.server:213] "GET /static/admin/css/dark_mode.css HTTP/1.1" 304 0
[2025-01-24 16:50:07,477] INFO [django.server:213] "GET /static/admin/js/theme.js HTTP/1.1" 304 0
[2025-01-24 16:50:07,477] INFO [django.server:213] "GET /static/admin/css/changelists.css HTTP/1.1" 304 0
[2025-01-24 16:50:07,477] INFO [django.server:213] "GET /static/admin/css/responsive.css HTTP/1.1" 304 0
[2025-01-24 16:50:07,479] INFO [django.server:213] "GET /static/admin/css/nav_sidebar.css HTTP/1.1" 304 0
[2025-01-24 16:50:07,487] INFO [django.server:213] "GET /static/admin/js/jquery.init.js HTTP/1.1" 304 0
[2025-01-24 16:50:07,488] INFO [django.server:213] "GET /static/admin/js/vendor/jquery/jquery.js HTTP/1.1" 304 0
[2025-01-24 16:50:07,489] INFO [django.server:213] "GET /static/admin/js/core.js HTTP/1.1" 304 0
[2025-01-24 16:50:07,492] INFO [django.server:213] "GET /admin/jsi18n/ HTTP/1.1" 200 3342
[2025-01-24 16:50:07,496] INFO [django.server:213] "GET /static/admin/js/admin/RelatedObjectLookups.js HTTP/1.1" 304 0
[2025-01-24 16:50:07,510] INFO [django.server:213] "GET /static/admin/js/actions.js HTTP/1.1" 304 0
[2025-01-24 16:50:07,520] INFO [django.server:213] "GET /static/admin/js/urlify.js HTTP/1.1" 304 0
[2025-01-24 16:50:07,529] INFO [django.server:213] "GET /static/admin/js/prepopulate.js HTTP/1.1" 304 0
[2025-01-24 16:50:07,530] INFO [django.server:213] "GET /static/admin/js/vendor/xregexp/xregexp.js HTTP/1.1" 304 0
[2025-01-24 16:50:07,536] INFO [django.server:213] "GET /static/admin/img/search.svg HTTP/1.1" 304 0
[2025-01-24 16:50:07,582] INFO [django.server:213] "GET /static/admin/js/nav_sidebar.js HTTP/1.1" 304 0
[2025-01-24 16:50:07,587] INFO [django.server:213] "GET /static/admin/js/filters.js HTTP/1.1" 304 0
[2025-01-24 16:50:07,593] INFO [django.server:213] "GET /static/admin/img/icon-addlink.svg HTTP/1.1" 304 0
[2025-01-24 16:50:07,598] INFO [django.server:213] "GET /static/admin/img/icon-viewlink.svg HTTP/1.1" 304 0
[2025-01-24 16:50:07,598] INFO [django.server:213] "GET /static/admin/img/tooltag-add.svg HTTP/1.1" 304 0
[2025-01-24 16:50:33,097] INFO [django.server:213] "POST /graphql/ HTTP/1.1" 200 133
[2025-01-24 16:50:35,091] INFO [django.server:213] "GET /l HTTP/1.1" 200 9125
[2025-01-24 16:50:40,917] INFO [django.server:213] "POST /graphql/ HTTP/1.1" 200 133
[2025-01-24 16:50:45,201] INFO [django.server:213] "GET /l HTTP/1.1" 200 9125
[2025-01-24 16:50:45,979] INFO [django.server:213] "GET /l HTTP/1.1" 200 9125
[2025-01-24 16:50:49,813] INFO [django.server:213] "GET /d/ HTTP/1.1" 302 0
[2025-01-24 16:50:49,827] INFO [django.server:213] "GET /l HTTP/1.1" 200 9125
[2025-01-24 16:50:52,255] INFO [django.server:213] "GET /d HTTP/1.1" 302 0
[2025-01-24 16:50:52,270] INFO [django.server:213] "GET /l HTTP/1.1" 200 9125
[2025-01-24 16:51:01,405] INFO [django.server:213] "GET /l HTTP/1.1" 200 9125
[2025-01-24 16:51:13,937] INFO [django.server:213] "GET / HTTP/1.1" 302 0
[2025-01-24 16:51:13,952] INFO [django.server:213] "GET /l HTTP/1.1" 200 9125
[2025-01-24 16:51:24,894] INFO [django.server:213] "POST /graphql/ HTTP/1.1" 200 368
[2025-01-24 16:51:24,915] INFO [django.server:213] "GET /d HTTP/1.1" 200 9785
[2025-01-24 16:51:25,009] INFO [django.server:213] "GET /graphql/?query=%0A%20%20%20%20%20%20%20%20query%20%7B%0A%20%20%20%20%20%20%20%20%20%20%20%20allEmployee%20%7B%0A%20%20%20%20%20%20%20%20%20%20%20%20%20%20%20%20id%0A%20%20%20%20%20%20%20%20%20%20%20%20%20%20%20%20employeeId%0A%20%20%20%20%20%20%20%20%20%20%20%20%20%20%20%20address%0A%20%20%20%20%20%20%20%20%20%20%20%20%20%20%20%20user%20%7B%0A%20%20%20%20%20%20%20%20%20%20%20%20%20%20%20%20%20%20%20%20id%0A%20%20%20%20%20%20%20%20%20%20%20%20%20%20%20%20%20%20%20%20username%0A%20%20%20%20%20%20%20%20%20%20%20%20%20%20%20%20%20%20%20%20role%7B%0A%20%20%20%20%20%20%20%20%20%20%20%20%20%20%20%20%20%20%20%20name%0A%20%20%20%20%20%20%20%20%20%20%20%20%20%20%20%20%20%20%20%20%7D%0A%20%20%20%20%20%20%20%20%20%20%20%20%20%20%20%20%7D%0A%20%20%20%20%20%20%20%20%20%20%20%20%20%20%20%20department%20%7B%0A%20%20%20%20%20%20%20%20%20%20%20%20%20%20%20%20%20%20%20%20name%0A%20%20%20%20%20%20%20%20%20%20%20%20%20%20%20%20%7D%0A%20%20%20%20%20%20%20%20%20%20%20%20%7D%0A%20%20%20%20%20%20%20%20%7D%0A%20%20%20%20 HTTP/1.1" 200 953
[2025-01-24 16:52:26,504] INFO [django.utils.autoreload:266] /home/sakib/Desktop/sakib/backend/backend/GraphQL/Employee-management-project/EmployeeManagement/urls.py changed, reloading.
[2025-01-24 16:52:26,951] INFO [django.utils.autoreload:668] Watching for file changes with StatReloader
[2025-01-24 16:52:30,227] INFO [django.utils.autoreload:266] /home/sakib/Desktop/sakib/backend/backend/GraphQL/Employee-management-project/EmployeeManagement/urls.py changed, reloading.
[2025-01-24 16:52:30,601] INFO [django.utils.autoreload:668] Watching for file changes with StatReloader
[2025-01-24 16:52:44,795] WARNING [django.request:248] Not Found: /d
[2025-01-24 16:52:44,796] WARNING [django.server:213] "GET /d HTTP/1.1" 404 4772
[2025-01-24 16:52:51,889] INFO [django.server:213] "GET /dashboard HTTP/1.1" 200 9785
[2025-01-24 16:52:51,954] INFO [django.server:213] "GET /graphql/?query=%0A%20%20%20%20%20%20%20%20query%20%7B%0A%20%20%20%20%20%20%20%20%20%20%20%20allEmployee%20%7B%0A%20%20%20%20%20%20%20%20%20%20%20%20%20%20%20%20id%0A%20%20%20%20%20%20%20%20%20%20%20%20%20%20%20%20employeeId%0A%20%20%20%20%20%20%20%20%20%20%20%20%20%20%20%20address%0A%20%20%20%20%20%20%20%20%20%20%20%20%20%20%20%20user%20%7B%0A%20%20%20%20%20%20%20%20%20%20%20%20%20%20%20%20%20%20%20%20id%0A%20%20%20%20%20%20%20%20%20%20%20%20%20%20%20%20%20%20%20%20username%0A%20%20%20%20%20%20%20%20%20%20%20%20%20%20%20%20%20%20%20%20role%7B%0A%20%20%20%20%20%20%20%20%20%20%20%20%20%20%20%20%20%20%20%20name%0A%20%20%20%20%20%20%20%20%20%20%20%20%20%20%20%20%20%20%20%20%7D%0A%20%20%20%20%20%20%20%20%20%20%20%20%20%20%20%20%7D%0A%20%20%20%20%20%20%20%20%20%20%20%20%20%20%20%20department%20%7B%0A%20%20%20%20%20%20%20%20%20%20%20%20%20%20%20%20%20%20%20%20name%0A%20%20%20%20%20%20%20%20%20%20%20%20%20%20%20%20%7D%0A%20%20%20%20%20%20%20%20%20%20%20%20%7D%0A%20%20%20%20%20%20%20%20%7D%0A%20%20%20%20 HTTP/1.1" 200 953
[2025-01-24 16:57:11,287] INFO [django.server:213] "GET /dashboard HTTP/1.1" 200 9785
[2025-01-24 16:57:11,360] INFO [django.server:213] "GET /graphql/?query=%0A%20%20%20%20%20%20%20%20query%20%7B%0A%20%20%20%20%20%20%20%20%20%20%20%20allEmployee%20%7B%0A%20%20%20%20%20%20%20%20%20%20%20%20%20%20%20%20id%0A%20%20%20%20%20%20%20%20%20%20%20%20%20%20%20%20employeeId%0A%20%20%20%20%20%20%20%20%20%20%20%20%20%20%20%20address%0A%20%20%20%20%20%20%20%20%20%20%20%20%20%20%20%20user%20%7B%0A%20%20%20%20%20%20%20%20%20%20%20%20%20%20%20%20%20%20%20%20id%0A%20%20%20%20%20%20%20%20%20%20%20%20%20%20%20%20%20%20%20%20username%0A%20%20%20%20%20%20%20%20%20%20%20%20%20%20%20%20%20%20%20%20role%7B%0A%20%20%20%20%20%20%20%20%20%20%20%20%20%20%20%20%20%20%20%20name%0A%20%20%20%20%20%20%20%20%20%20%20%20%20%20%20%20%20%20%20%20%7D%0A%20%20%20%20%20%20%20%20%20%20%20%20%20%20%20%20%7D%0A%20%20%20%20%20%20%20%20%20%20%20%20%20%20%20%20department%20%7B%0A%20%20%20%20%20%20%20%20%20%20%20%20%20%20%20%20%20%20%20%20name%0A%20%20%20%20%20%20%20%20%20%20%20%20%20%20%20%20%7D%0A%20%20%20%20%20%20%20%20%20%20%20%20%7D%0A%20%20%20%20%20%20%20%20%7D%0A%20%20%20%20 HTTP/1.1" 200 953
[2025-01-24 16:58:36,837] INFO [django.utils.autoreload:266] /home/sakib/Desktop/sakib/backend/backend/GraphQL/Employee-management-project/company/mutation.py changed, reloading.
[2025-01-24 16:58:37,303] INFO [django.utils.autoreload:668] Watching for file changes with StatReloader
[2025-01-24 16:58:38,424] INFO [django.utils.autoreload:266] /home/sakib/Desktop/sakib/backend/backend/GraphQL/Employee-management-project/company/mutation.py changed, reloading.
[2025-01-24 16:58:38,780] INFO [django.utils.autoreload:668] Watching for file changes with StatReloader
[2025-01-24 16:58:40,933] INFO [django.utils.autoreload:266] /home/sakib/Desktop/sakib/backend/backend/GraphQL/Employee-management-project/company/mutation.py changed, reloading.
[2025-01-24 16:58:41,367] INFO [django.utils.autoreload:668] Watching for file changes with StatReloader
[2025-01-24 16:58:45,586] INFO [django.utils.autoreload:266] /home/sakib/Desktop/sakib/backend/backend/GraphQL/Employee-management-project/company/mutation.py changed, reloading.
[2025-01-24 16:58:46,013] INFO [django.utils.autoreload:668] Watching for file changes with StatReloader
[2025-01-24 16:58:49,276] INFO [django.utils.autoreload:266] /home/sakib/Desktop/sakib/backend/backend/GraphQL/Employee-management-project/company/mutation.py changed, reloading.
[2025-01-24 16:58:49,674] INFO [django.utils.autoreload:668] Watching for file changes with StatReloader
[2025-01-24 17:01:55,129] INFO [django.utils.autoreload:266] /home/sakib/Desktop/sakib/backend/backend/GraphQL/Employee-management-project/company/models.py changed, reloading.
[2025-01-24 17:01:55,527] INFO [django.utils.autoreload:668] Watching for file changes with StatReloader
[2025-01-24 17:01:58,724] INFO [django.utils.autoreload:266] /home/sakib/Desktop/sakib/backend/backend/GraphQL/Employee-management-project/company/models.py changed, reloading.
[2025-01-24 17:01:59,185] INFO [django.utils.autoreload:668] Watching for file changes with StatReloader
[2025-01-24 17:02:03,488] INFO [django.utils.autoreload:266] /home/sakib/Desktop/sakib/backend/backend/GraphQL/Employee-management-project/company/models.py changed, reloading.
[2025-01-24 17:02:03,873] INFO [django.utils.autoreload:668] Watching for file changes with StatReloader
[2025-01-24 17:07:54,363] ERROR [django.request:248] Internal Server Error: /dashboard
Traceback (most recent call last):
  File "/home/sakib/Desktop/sakib/backend/backend/GraphQL/Employee-management-project/myenv/lib/python3.12/site-packages/django/core/handlers/exception.py", line 55, in inner
    response = get_response(request)
               ^^^^^^^^^^^^^^^^^^^^^
  File "/home/sakib/Desktop/sakib/backend/backend/GraphQL/Employee-management-project/myenv/lib/python3.12/site-packages/django/core/handlers/base.py", line 197, in _get_response
    response = wrapped_callback(request, *callback_args, **callback_kwargs)
               ^^^^^^^^^^^^^^^^^^^^^^^^^^^^^^^^^^^^^^^^^^^^^^^^^^^^^^^^^^^^
  File "/home/sakib/Desktop/sakib/backend/backend/GraphQL/Employee-management-project/frontend/views.py", line 18, in Dashboard
    return render(request,'dashboard.html')
           ^^^^^^^^^^^^^^^^^^^^^^^^^^^^^^^^
  File "/home/sakib/Desktop/sakib/backend/backend/GraphQL/Employee-management-project/myenv/lib/python3.12/site-packages/django/shortcuts.py", line 25, in render
    content = loader.render_to_string(template_name, context, request, using=using)
              ^^^^^^^^^^^^^^^^^^^^^^^^^^^^^^^^^^^^^^^^^^^^^^^^^^^^^^^^^^^^^^^^^^^^^
  File "/home/sakib/Desktop/sakib/backend/backend/GraphQL/Employee-management-project/myenv/lib/python3.12/site-packages/django/template/loader.py", line 62, in render_to_string
    return template.render(context, request)
           ^^^^^^^^^^^^^^^^^^^^^^^^^^^^^^^^^
  File "/home/sakib/Desktop/sakib/backend/backend/GraphQL/Employee-management-project/myenv/lib/python3.12/site-packages/django/template/backends/django.py", line 107, in render
    return self.template.render(context)
           ^^^^^^^^^^^^^^^^^^^^^^^^^^^^^
  File "/home/sakib/Desktop/sakib/backend/backend/GraphQL/Employee-management-project/myenv/lib/python3.12/site-packages/django/template/base.py", line 171, in render
    return self._render(context)
           ^^^^^^^^^^^^^^^^^^^^^
  File "/home/sakib/Desktop/sakib/backend/backend/GraphQL/Employee-management-project/myenv/lib/python3.12/site-packages/django/template/base.py", line 163, in _render
    return self.nodelist.render(context)
           ^^^^^^^^^^^^^^^^^^^^^^^^^^^^^
  File "/home/sakib/Desktop/sakib/backend/backend/GraphQL/Employee-management-project/myenv/lib/python3.12/site-packages/django/template/base.py", line 1008, in render
    return SafeString("".join([node.render_annotated(context) for node in self]))
                               ^^^^^^^^^^^^^^^^^^^^^^^^^^^^^^
  File "/home/sakib/Desktop/sakib/backend/backend/GraphQL/Employee-management-project/myenv/lib/python3.12/site-packages/django/template/base.py", line 969, in render_annotated
    return self.render(context)
           ^^^^^^^^^^^^^^^^^^^^
  File "/home/sakib/Desktop/sakib/backend/backend/GraphQL/Employee-management-project/myenv/lib/python3.12/site-packages/django/template/loader_tags.py", line 159, in render
    return compiled_parent._render(context)
           ^^^^^^^^^^^^^^^^^^^^^^^^^^^^^^^^
  File "/home/sakib/Desktop/sakib/backend/backend/GraphQL/Employee-management-project/myenv/lib/python3.12/site-packages/django/template/base.py", line 163, in _render
    return self.nodelist.render(context)
           ^^^^^^^^^^^^^^^^^^^^^^^^^^^^^
  File "/home/sakib/Desktop/sakib/backend/backend/GraphQL/Employee-management-project/myenv/lib/python3.12/site-packages/django/template/base.py", line 1008, in render
    return SafeString("".join([node.render_annotated(context) for node in self]))
                               ^^^^^^^^^^^^^^^^^^^^^^^^^^^^^^
  File "/home/sakib/Desktop/sakib/backend/backend/GraphQL/Employee-management-project/myenv/lib/python3.12/site-packages/django/template/base.py", line 969, in render_annotated
    return self.render(context)
           ^^^^^^^^^^^^^^^^^^^^
  File "/home/sakib/Desktop/sakib/backend/backend/GraphQL/Employee-management-project/myenv/lib/python3.12/site-packages/django/template/loader_tags.py", line 65, in render
    result = block.nodelist.render(context)
             ^^^^^^^^^^^^^^^^^^^^^^^^^^^^^^
  File "/home/sakib/Desktop/sakib/backend/backend/GraphQL/Employee-management-project/myenv/lib/python3.12/site-packages/django/template/base.py", line 1008, in render
    return SafeString("".join([node.render_annotated(context) for node in self]))
                               ^^^^^^^^^^^^^^^^^^^^^^^^^^^^^^
  File "/home/sakib/Desktop/sakib/backend/backend/GraphQL/Employee-management-project/myenv/lib/python3.12/site-packages/django/template/base.py", line 969, in render_annotated
    return self.render(context)
           ^^^^^^^^^^^^^^^^^^^^
  File "/home/sakib/Desktop/sakib/backend/backend/GraphQL/Employee-management-project/myenv/lib/python3.12/site-packages/django/template/defaulttags.py", line 327, in render
    return nodelist.render(context)
           ^^^^^^^^^^^^^^^^^^^^^^^^
  File "/home/sakib/Desktop/sakib/backend/backend/GraphQL/Employee-management-project/myenv/lib/python3.12/site-packages/django/template/base.py", line 1008, in render
    return SafeString("".join([node.render_annotated(context) for node in self]))
                               ^^^^^^^^^^^^^^^^^^^^^^^^^^^^^^
  File "/home/sakib/Desktop/sakib/backend/backend/GraphQL/Employee-management-project/myenv/lib/python3.12/site-packages/django/template/base.py", line 969, in render_annotated
    return self.render(context)
           ^^^^^^^^^^^^^^^^^^^^
  File "/home/sakib/Desktop/sakib/backend/backend/GraphQL/Employee-management-project/myenv/lib/python3.12/site-packages/django/template/loader_tags.py", line 210, in render
    return template.render(context)
           ^^^^^^^^^^^^^^^^^^^^^^^^
  File "/home/sakib/Desktop/sakib/backend/backend/GraphQL/Employee-management-project/myenv/lib/python3.12/site-packages/django/template/base.py", line 173, in render
    return self._render(context)
           ^^^^^^^^^^^^^^^^^^^^^
  File "/home/sakib/Desktop/sakib/backend/backend/GraphQL/Employee-management-project/myenv/lib/python3.12/site-packages/django/template/base.py", line 163, in _render
    return self.nodelist.render(context)
           ^^^^^^^^^^^^^^^^^^^^^^^^^^^^^
  File "/home/sakib/Desktop/sakib/backend/backend/GraphQL/Employee-management-project/myenv/lib/python3.12/site-packages/django/template/base.py", line 1008, in render
    return SafeString("".join([node.render_annotated(context) for node in self]))
                               ^^^^^^^^^^^^^^^^^^^^^^^^^^^^^^
  File "/home/sakib/Desktop/sakib/backend/backend/GraphQL/Employee-management-project/myenv/lib/python3.12/site-packages/django/template/base.py", line 969, in render_annotated
    return self.render(context)
           ^^^^^^^^^^^^^^^^^^^^
  File "/home/sakib/Desktop/sakib/backend/backend/GraphQL/Employee-management-project/myenv/lib/python3.12/site-packages/django/template/defaulttags.py", line 480, in render
    url = reverse(view_name, args=args, kwargs=kwargs, current_app=current_app)
          ^^^^^^^^^^^^^^^^^^^^^^^^^^^^^^^^^^^^^^^^^^^^^^^^^^^^^^^^^^^^^^^^^^^^^
  File "/home/sakib/Desktop/sakib/backend/backend/GraphQL/Employee-management-project/myenv/lib/python3.12/site-packages/django/urls/base.py", line 88, in reverse
    return resolver._reverse_with_prefix(view, prefix, *args, **kwargs)
           ^^^^^^^^^^^^^^^^^^^^^^^^^^^^^^^^^^^^^^^^^^^^^^^^^^^^^^^^^^^^
  File "/home/sakib/Desktop/sakib/backend/backend/GraphQL/Employee-management-project/myenv/lib/python3.12/site-packages/django/urls/resolvers.py", line 831, in _reverse_with_prefix
    raise NoReverseMatch(msg)
django.urls.exceptions.NoReverseMatch: Reverse for 'manager_page' not found. 'manager_page' is not a valid view function or pattern name.
[2025-01-24 17:07:54,366] ERROR [django.server:213] "GET /dashboard HTTP/1.1" 500 197430
[2025-01-24 17:09:04,094] INFO [django.utils.autoreload:266] /home/sakib/Desktop/sakib/backend/backend/GraphQL/Employee-management-project/frontend/views.py changed, reloading.
[2025-01-24 17:09:04,554] INFO [django.utils.autoreload:668] Watching for file changes with StatReloader
[2025-01-24 17:09:05,684] INFO [django.utils.autoreload:266] /home/sakib/Desktop/sakib/backend/backend/GraphQL/Employee-management-project/frontend/views.py changed, reloading.
[2025-01-24 17:09:06,175] INFO [django.utils.autoreload:668] Watching for file changes with StatReloader
[2025-01-24 17:09:46,905] INFO [django.utils.autoreload:266] /home/sakib/Desktop/sakib/backend/backend/GraphQL/Employee-management-project/EmployeeManagement/urls.py changed, reloading.
[2025-01-24 17:09:47,375] INFO [django.utils.autoreload:668] Watching for file changes with StatReloader
[2025-01-24 17:09:48,479] INFO [django.utils.autoreload:266] /home/sakib/Desktop/sakib/backend/backend/GraphQL/Employee-management-project/EmployeeManagement/urls.py changed, reloading.
[2025-01-24 17:09:48,848] INFO [django.utils.autoreload:668] Watching for file changes with StatReloader
[2025-01-24 17:09:51,966] INFO [django.utils.autoreload:266] /home/sakib/Desktop/sakib/backend/backend/GraphQL/Employee-management-project/EmployeeManagement/urls.py changed, reloading.
[2025-01-24 17:09:52,360] INFO [django.utils.autoreload:668] Watching for file changes with StatReloader
[2025-01-24 17:10:05,594] ERROR [django.request:248] Internal Server Error: /dashboard
Traceback (most recent call last):
  File "/home/sakib/Desktop/sakib/backend/backend/GraphQL/Employee-management-project/myenv/lib/python3.12/site-packages/django/core/handlers/exception.py", line 55, in inner
    response = get_response(request)
               ^^^^^^^^^^^^^^^^^^^^^
  File "/home/sakib/Desktop/sakib/backend/backend/GraphQL/Employee-management-project/myenv/lib/python3.12/site-packages/django/core/handlers/base.py", line 197, in _get_response
    response = wrapped_callback(request, *callback_args, **callback_kwargs)
               ^^^^^^^^^^^^^^^^^^^^^^^^^^^^^^^^^^^^^^^^^^^^^^^^^^^^^^^^^^^^
  File "/home/sakib/Desktop/sakib/backend/backend/GraphQL/Employee-management-project/frontend/views.py", line 18, in Dashboard
    return render(request,'dashboard.html')
           ^^^^^^^^^^^^^^^^^^^^^^^^^^^^^^^^
  File "/home/sakib/Desktop/sakib/backend/backend/GraphQL/Employee-management-project/myenv/lib/python3.12/site-packages/django/shortcuts.py", line 25, in render
    content = loader.render_to_string(template_name, context, request, using=using)
              ^^^^^^^^^^^^^^^^^^^^^^^^^^^^^^^^^^^^^^^^^^^^^^^^^^^^^^^^^^^^^^^^^^^^^
  File "/home/sakib/Desktop/sakib/backend/backend/GraphQL/Employee-management-project/myenv/lib/python3.12/site-packages/django/template/loader.py", line 62, in render_to_string
    return template.render(context, request)
           ^^^^^^^^^^^^^^^^^^^^^^^^^^^^^^^^^
  File "/home/sakib/Desktop/sakib/backend/backend/GraphQL/Employee-management-project/myenv/lib/python3.12/site-packages/django/template/backends/django.py", line 107, in render
    return self.template.render(context)
           ^^^^^^^^^^^^^^^^^^^^^^^^^^^^^
  File "/home/sakib/Desktop/sakib/backend/backend/GraphQL/Employee-management-project/myenv/lib/python3.12/site-packages/django/template/base.py", line 171, in render
    return self._render(context)
           ^^^^^^^^^^^^^^^^^^^^^
  File "/home/sakib/Desktop/sakib/backend/backend/GraphQL/Employee-management-project/myenv/lib/python3.12/site-packages/django/template/base.py", line 163, in _render
    return self.nodelist.render(context)
           ^^^^^^^^^^^^^^^^^^^^^^^^^^^^^
  File "/home/sakib/Desktop/sakib/backend/backend/GraphQL/Employee-management-project/myenv/lib/python3.12/site-packages/django/template/base.py", line 1008, in render
    return SafeString("".join([node.render_annotated(context) for node in self]))
                               ^^^^^^^^^^^^^^^^^^^^^^^^^^^^^^
  File "/home/sakib/Desktop/sakib/backend/backend/GraphQL/Employee-management-project/myenv/lib/python3.12/site-packages/django/template/base.py", line 969, in render_annotated
    return self.render(context)
           ^^^^^^^^^^^^^^^^^^^^
  File "/home/sakib/Desktop/sakib/backend/backend/GraphQL/Employee-management-project/myenv/lib/python3.12/site-packages/django/template/loader_tags.py", line 159, in render
    return compiled_parent._render(context)
           ^^^^^^^^^^^^^^^^^^^^^^^^^^^^^^^^
  File "/home/sakib/Desktop/sakib/backend/backend/GraphQL/Employee-management-project/myenv/lib/python3.12/site-packages/django/template/base.py", line 163, in _render
    return self.nodelist.render(context)
           ^^^^^^^^^^^^^^^^^^^^^^^^^^^^^
  File "/home/sakib/Desktop/sakib/backend/backend/GraphQL/Employee-management-project/myenv/lib/python3.12/site-packages/django/template/base.py", line 1008, in render
    return SafeString("".join([node.render_annotated(context) for node in self]))
                               ^^^^^^^^^^^^^^^^^^^^^^^^^^^^^^
  File "/home/sakib/Desktop/sakib/backend/backend/GraphQL/Employee-management-project/myenv/lib/python3.12/site-packages/django/template/base.py", line 969, in render_annotated
    return self.render(context)
           ^^^^^^^^^^^^^^^^^^^^
  File "/home/sakib/Desktop/sakib/backend/backend/GraphQL/Employee-management-project/myenv/lib/python3.12/site-packages/django/template/loader_tags.py", line 65, in render
    result = block.nodelist.render(context)
             ^^^^^^^^^^^^^^^^^^^^^^^^^^^^^^
  File "/home/sakib/Desktop/sakib/backend/backend/GraphQL/Employee-management-project/myenv/lib/python3.12/site-packages/django/template/base.py", line 1008, in render
    return SafeString("".join([node.render_annotated(context) for node in self]))
                               ^^^^^^^^^^^^^^^^^^^^^^^^^^^^^^
  File "/home/sakib/Desktop/sakib/backend/backend/GraphQL/Employee-management-project/myenv/lib/python3.12/site-packages/django/template/base.py", line 969, in render_annotated
    return self.render(context)
           ^^^^^^^^^^^^^^^^^^^^
  File "/home/sakib/Desktop/sakib/backend/backend/GraphQL/Employee-management-project/myenv/lib/python3.12/site-packages/django/template/defaulttags.py", line 327, in render
    return nodelist.render(context)
           ^^^^^^^^^^^^^^^^^^^^^^^^
  File "/home/sakib/Desktop/sakib/backend/backend/GraphQL/Employee-management-project/myenv/lib/python3.12/site-packages/django/template/base.py", line 1008, in render
    return SafeString("".join([node.render_annotated(context) for node in self]))
                               ^^^^^^^^^^^^^^^^^^^^^^^^^^^^^^
  File "/home/sakib/Desktop/sakib/backend/backend/GraphQL/Employee-management-project/myenv/lib/python3.12/site-packages/django/template/base.py", line 969, in render_annotated
    return self.render(context)
           ^^^^^^^^^^^^^^^^^^^^
  File "/home/sakib/Desktop/sakib/backend/backend/GraphQL/Employee-management-project/myenv/lib/python3.12/site-packages/django/template/loader_tags.py", line 210, in render
    return template.render(context)
           ^^^^^^^^^^^^^^^^^^^^^^^^
  File "/home/sakib/Desktop/sakib/backend/backend/GraphQL/Employee-management-project/myenv/lib/python3.12/site-packages/django/template/base.py", line 173, in render
    return self._render(context)
           ^^^^^^^^^^^^^^^^^^^^^
  File "/home/sakib/Desktop/sakib/backend/backend/GraphQL/Employee-management-project/myenv/lib/python3.12/site-packages/django/template/base.py", line 163, in _render
    return self.nodelist.render(context)
           ^^^^^^^^^^^^^^^^^^^^^^^^^^^^^
  File "/home/sakib/Desktop/sakib/backend/backend/GraphQL/Employee-management-project/myenv/lib/python3.12/site-packages/django/template/base.py", line 1008, in render
    return SafeString("".join([node.render_annotated(context) for node in self]))
                               ^^^^^^^^^^^^^^^^^^^^^^^^^^^^^^
  File "/home/sakib/Desktop/sakib/backend/backend/GraphQL/Employee-management-project/myenv/lib/python3.12/site-packages/django/template/base.py", line 969, in render_annotated
    return self.render(context)
           ^^^^^^^^^^^^^^^^^^^^
  File "/home/sakib/Desktop/sakib/backend/backend/GraphQL/Employee-management-project/myenv/lib/python3.12/site-packages/django/template/defaulttags.py", line 480, in render
    url = reverse(view_name, args=args, kwargs=kwargs, current_app=current_app)
          ^^^^^^^^^^^^^^^^^^^^^^^^^^^^^^^^^^^^^^^^^^^^^^^^^^^^^^^^^^^^^^^^^^^^^
  File "/home/sakib/Desktop/sakib/backend/backend/GraphQL/Employee-management-project/myenv/lib/python3.12/site-packages/django/urls/base.py", line 88, in reverse
    return resolver._reverse_with_prefix(view, prefix, *args, **kwargs)
           ^^^^^^^^^^^^^^^^^^^^^^^^^^^^^^^^^^^^^^^^^^^^^^^^^^^^^^^^^^^^
  File "/home/sakib/Desktop/sakib/backend/backend/GraphQL/Employee-management-project/myenv/lib/python3.12/site-packages/django/urls/resolvers.py", line 831, in _reverse_with_prefix
    raise NoReverseMatch(msg)
django.urls.exceptions.NoReverseMatch: Reverse for 'manager_page' not found. 'manager_page' is not a valid view function or pattern name.
[2025-01-24 17:10:05,597] ERROR [django.server:213] "GET /dashboard HTTP/1.1" 500 197430
[2025-01-24 17:10:07,956] ERROR [django.request:248] Internal Server Error: /dashboard
Traceback (most recent call last):
  File "/home/sakib/Desktop/sakib/backend/backend/GraphQL/Employee-management-project/myenv/lib/python3.12/site-packages/django/core/handlers/exception.py", line 55, in inner
    response = get_response(request)
               ^^^^^^^^^^^^^^^^^^^^^
  File "/home/sakib/Desktop/sakib/backend/backend/GraphQL/Employee-management-project/myenv/lib/python3.12/site-packages/django/core/handlers/base.py", line 197, in _get_response
    response = wrapped_callback(request, *callback_args, **callback_kwargs)
               ^^^^^^^^^^^^^^^^^^^^^^^^^^^^^^^^^^^^^^^^^^^^^^^^^^^^^^^^^^^^
  File "/home/sakib/Desktop/sakib/backend/backend/GraphQL/Employee-management-project/frontend/views.py", line 18, in Dashboard
    return render(request,'dashboard.html')
           ^^^^^^^^^^^^^^^^^^^^^^^^^^^^^^^^
  File "/home/sakib/Desktop/sakib/backend/backend/GraphQL/Employee-management-project/myenv/lib/python3.12/site-packages/django/shortcuts.py", line 25, in render
    content = loader.render_to_string(template_name, context, request, using=using)
              ^^^^^^^^^^^^^^^^^^^^^^^^^^^^^^^^^^^^^^^^^^^^^^^^^^^^^^^^^^^^^^^^^^^^^
  File "/home/sakib/Desktop/sakib/backend/backend/GraphQL/Employee-management-project/myenv/lib/python3.12/site-packages/django/template/loader.py", line 62, in render_to_string
    return template.render(context, request)
           ^^^^^^^^^^^^^^^^^^^^^^^^^^^^^^^^^
  File "/home/sakib/Desktop/sakib/backend/backend/GraphQL/Employee-management-project/myenv/lib/python3.12/site-packages/django/template/backends/django.py", line 107, in render
    return self.template.render(context)
           ^^^^^^^^^^^^^^^^^^^^^^^^^^^^^
  File "/home/sakib/Desktop/sakib/backend/backend/GraphQL/Employee-management-project/myenv/lib/python3.12/site-packages/django/template/base.py", line 171, in render
    return self._render(context)
           ^^^^^^^^^^^^^^^^^^^^^
  File "/home/sakib/Desktop/sakib/backend/backend/GraphQL/Employee-management-project/myenv/lib/python3.12/site-packages/django/template/base.py", line 163, in _render
    return self.nodelist.render(context)
           ^^^^^^^^^^^^^^^^^^^^^^^^^^^^^
  File "/home/sakib/Desktop/sakib/backend/backend/GraphQL/Employee-management-project/myenv/lib/python3.12/site-packages/django/template/base.py", line 1008, in render
    return SafeString("".join([node.render_annotated(context) for node in self]))
                               ^^^^^^^^^^^^^^^^^^^^^^^^^^^^^^
  File "/home/sakib/Desktop/sakib/backend/backend/GraphQL/Employee-management-project/myenv/lib/python3.12/site-packages/django/template/base.py", line 969, in render_annotated
    return self.render(context)
           ^^^^^^^^^^^^^^^^^^^^
  File "/home/sakib/Desktop/sakib/backend/backend/GraphQL/Employee-management-project/myenv/lib/python3.12/site-packages/django/template/loader_tags.py", line 159, in render
    return compiled_parent._render(context)
           ^^^^^^^^^^^^^^^^^^^^^^^^^^^^^^^^
  File "/home/sakib/Desktop/sakib/backend/backend/GraphQL/Employee-management-project/myenv/lib/python3.12/site-packages/django/template/base.py", line 163, in _render
    return self.nodelist.render(context)
           ^^^^^^^^^^^^^^^^^^^^^^^^^^^^^
  File "/home/sakib/Desktop/sakib/backend/backend/GraphQL/Employee-management-project/myenv/lib/python3.12/site-packages/django/template/base.py", line 1008, in render
    return SafeString("".join([node.render_annotated(context) for node in self]))
                               ^^^^^^^^^^^^^^^^^^^^^^^^^^^^^^
  File "/home/sakib/Desktop/sakib/backend/backend/GraphQL/Employee-management-project/myenv/lib/python3.12/site-packages/django/template/base.py", line 969, in render_annotated
    return self.render(context)
           ^^^^^^^^^^^^^^^^^^^^
  File "/home/sakib/Desktop/sakib/backend/backend/GraphQL/Employee-management-project/myenv/lib/python3.12/site-packages/django/template/loader_tags.py", line 65, in render
    result = block.nodelist.render(context)
             ^^^^^^^^^^^^^^^^^^^^^^^^^^^^^^
  File "/home/sakib/Desktop/sakib/backend/backend/GraphQL/Employee-management-project/myenv/lib/python3.12/site-packages/django/template/base.py", line 1008, in render
    return SafeString("".join([node.render_annotated(context) for node in self]))
                               ^^^^^^^^^^^^^^^^^^^^^^^^^^^^^^
  File "/home/sakib/Desktop/sakib/backend/backend/GraphQL/Employee-management-project/myenv/lib/python3.12/site-packages/django/template/base.py", line 969, in render_annotated
    return self.render(context)
           ^^^^^^^^^^^^^^^^^^^^
  File "/home/sakib/Desktop/sakib/backend/backend/GraphQL/Employee-management-project/myenv/lib/python3.12/site-packages/django/template/defaulttags.py", line 327, in render
    return nodelist.render(context)
           ^^^^^^^^^^^^^^^^^^^^^^^^
  File "/home/sakib/Desktop/sakib/backend/backend/GraphQL/Employee-management-project/myenv/lib/python3.12/site-packages/django/template/base.py", line 1008, in render
    return SafeString("".join([node.render_annotated(context) for node in self]))
                               ^^^^^^^^^^^^^^^^^^^^^^^^^^^^^^
  File "/home/sakib/Desktop/sakib/backend/backend/GraphQL/Employee-management-project/myenv/lib/python3.12/site-packages/django/template/base.py", line 969, in render_annotated
    return self.render(context)
           ^^^^^^^^^^^^^^^^^^^^
  File "/home/sakib/Desktop/sakib/backend/backend/GraphQL/Employee-management-project/myenv/lib/python3.12/site-packages/django/template/loader_tags.py", line 210, in render
    return template.render(context)
           ^^^^^^^^^^^^^^^^^^^^^^^^
  File "/home/sakib/Desktop/sakib/backend/backend/GraphQL/Employee-management-project/myenv/lib/python3.12/site-packages/django/template/base.py", line 173, in render
    return self._render(context)
           ^^^^^^^^^^^^^^^^^^^^^
  File "/home/sakib/Desktop/sakib/backend/backend/GraphQL/Employee-management-project/myenv/lib/python3.12/site-packages/django/template/base.py", line 163, in _render
    return self.nodelist.render(context)
           ^^^^^^^^^^^^^^^^^^^^^^^^^^^^^
  File "/home/sakib/Desktop/sakib/backend/backend/GraphQL/Employee-management-project/myenv/lib/python3.12/site-packages/django/template/base.py", line 1008, in render
    return SafeString("".join([node.render_annotated(context) for node in self]))
                               ^^^^^^^^^^^^^^^^^^^^^^^^^^^^^^
  File "/home/sakib/Desktop/sakib/backend/backend/GraphQL/Employee-management-project/myenv/lib/python3.12/site-packages/django/template/base.py", line 969, in render_annotated
    return self.render(context)
           ^^^^^^^^^^^^^^^^^^^^
  File "/home/sakib/Desktop/sakib/backend/backend/GraphQL/Employee-management-project/myenv/lib/python3.12/site-packages/django/template/defaulttags.py", line 480, in render
    url = reverse(view_name, args=args, kwargs=kwargs, current_app=current_app)
          ^^^^^^^^^^^^^^^^^^^^^^^^^^^^^^^^^^^^^^^^^^^^^^^^^^^^^^^^^^^^^^^^^^^^^
  File "/home/sakib/Desktop/sakib/backend/backend/GraphQL/Employee-management-project/myenv/lib/python3.12/site-packages/django/urls/base.py", line 88, in reverse
    return resolver._reverse_with_prefix(view, prefix, *args, **kwargs)
           ^^^^^^^^^^^^^^^^^^^^^^^^^^^^^^^^^^^^^^^^^^^^^^^^^^^^^^^^^^^^
  File "/home/sakib/Desktop/sakib/backend/backend/GraphQL/Employee-management-project/myenv/lib/python3.12/site-packages/django/urls/resolvers.py", line 831, in _reverse_with_prefix
    raise NoReverseMatch(msg)
django.urls.exceptions.NoReverseMatch: Reverse for 'manager_page' not found. 'manager_page' is not a valid view function or pattern name.
[2025-01-24 17:10:07,957] ERROR [django.server:213] "GET /dashboard HTTP/1.1" 500 197582
[2025-01-24 17:10:24,761] ERROR [django.request:248] Internal Server Error: /cm
Traceback (most recent call last):
  File "/home/sakib/Desktop/sakib/backend/backend/GraphQL/Employee-management-project/myenv/lib/python3.12/site-packages/django/core/handlers/exception.py", line 55, in inner
    response = get_response(request)
               ^^^^^^^^^^^^^^^^^^^^^
  File "/home/sakib/Desktop/sakib/backend/backend/GraphQL/Employee-management-project/myenv/lib/python3.12/site-packages/django/core/handlers/base.py", line 197, in _get_response
    response = wrapped_callback(request, *callback_args, **callback_kwargs)
               ^^^^^^^^^^^^^^^^^^^^^^^^^^^^^^^^^^^^^^^^^^^^^^^^^^^^^^^^^^^^
  File "/home/sakib/Desktop/sakib/backend/backend/GraphQL/Employee-management-project/frontend/views.py", line 46, in Create_manager
    return render(request,'createManager.html')
           ^^^^^^^^^^^^^^^^^^^^^^^^^^^^^^^^^^^^
  File "/home/sakib/Desktop/sakib/backend/backend/GraphQL/Employee-management-project/myenv/lib/python3.12/site-packages/django/shortcuts.py", line 25, in render
    content = loader.render_to_string(template_name, context, request, using=using)
              ^^^^^^^^^^^^^^^^^^^^^^^^^^^^^^^^^^^^^^^^^^^^^^^^^^^^^^^^^^^^^^^^^^^^^
  File "/home/sakib/Desktop/sakib/backend/backend/GraphQL/Employee-management-project/myenv/lib/python3.12/site-packages/django/template/loader.py", line 61, in render_to_string
    template = get_template(template_name, using=using)
               ^^^^^^^^^^^^^^^^^^^^^^^^^^^^^^^^^^^^^^^^
  File "/home/sakib/Desktop/sakib/backend/backend/GraphQL/Employee-management-project/myenv/lib/python3.12/site-packages/django/template/loader.py", line 19, in get_template
    raise TemplateDoesNotExist(template_name, chain=chain)
django.template.exceptions.TemplateDoesNotExist: createManager.html
[2025-01-24 17:10:24,763] ERROR [django.server:213] "GET /cm HTTP/1.1" 500 92245
[2025-01-24 17:10:44,284] INFO [django.utils.autoreload:266] /home/sakib/Desktop/sakib/backend/backend/GraphQL/Employee-management-project/frontend/views.py changed, reloading.
[2025-01-24 17:10:44,727] INFO [django.utils.autoreload:668] Watching for file changes with StatReloader
[2025-01-24 17:10:47,041] INFO [django.utils.autoreload:266] /home/sakib/Desktop/sakib/backend/backend/GraphQL/Employee-management-project/frontend/views.py changed, reloading.
[2025-01-24 17:10:47,429] INFO [django.utils.autoreload:668] Watching for file changes with StatReloader
[2025-01-24 17:10:49,415] INFO [django.server:213] "GET /cm HTTP/1.1" 200 5407
[2025-01-24 17:11:06,029] ERROR [django.request:248] Internal Server Error: /dashboard
Traceback (most recent call last):
  File "/home/sakib/Desktop/sakib/backend/backend/GraphQL/Employee-management-project/myenv/lib/python3.12/site-packages/django/core/handlers/exception.py", line 55, in inner
    response = get_response(request)
               ^^^^^^^^^^^^^^^^^^^^^
  File "/home/sakib/Desktop/sakib/backend/backend/GraphQL/Employee-management-project/myenv/lib/python3.12/site-packages/django/core/handlers/base.py", line 197, in _get_response
    response = wrapped_callback(request, *callback_args, **callback_kwargs)
               ^^^^^^^^^^^^^^^^^^^^^^^^^^^^^^^^^^^^^^^^^^^^^^^^^^^^^^^^^^^^
  File "/home/sakib/Desktop/sakib/backend/backend/GraphQL/Employee-management-project/frontend/views.py", line 18, in Dashboard
    return render(request,'dashboard.html')
           ^^^^^^^^^^^^^^^^^^^^^^^^^^^^^^^^
  File "/home/sakib/Desktop/sakib/backend/backend/GraphQL/Employee-management-project/myenv/lib/python3.12/site-packages/django/shortcuts.py", line 25, in render
    content = loader.render_to_string(template_name, context, request, using=using)
              ^^^^^^^^^^^^^^^^^^^^^^^^^^^^^^^^^^^^^^^^^^^^^^^^^^^^^^^^^^^^^^^^^^^^^
  File "/home/sakib/Desktop/sakib/backend/backend/GraphQL/Employee-management-project/myenv/lib/python3.12/site-packages/django/template/loader.py", line 62, in render_to_string
    return template.render(context, request)
           ^^^^^^^^^^^^^^^^^^^^^^^^^^^^^^^^^
  File "/home/sakib/Desktop/sakib/backend/backend/GraphQL/Employee-management-project/myenv/lib/python3.12/site-packages/django/template/backends/django.py", line 107, in render
    return self.template.render(context)
           ^^^^^^^^^^^^^^^^^^^^^^^^^^^^^
  File "/home/sakib/Desktop/sakib/backend/backend/GraphQL/Employee-management-project/myenv/lib/python3.12/site-packages/django/template/base.py", line 171, in render
    return self._render(context)
           ^^^^^^^^^^^^^^^^^^^^^
  File "/home/sakib/Desktop/sakib/backend/backend/GraphQL/Employee-management-project/myenv/lib/python3.12/site-packages/django/template/base.py", line 163, in _render
    return self.nodelist.render(context)
           ^^^^^^^^^^^^^^^^^^^^^^^^^^^^^
  File "/home/sakib/Desktop/sakib/backend/backend/GraphQL/Employee-management-project/myenv/lib/python3.12/site-packages/django/template/base.py", line 1008, in render
    return SafeString("".join([node.render_annotated(context) for node in self]))
                               ^^^^^^^^^^^^^^^^^^^^^^^^^^^^^^
  File "/home/sakib/Desktop/sakib/backend/backend/GraphQL/Employee-management-project/myenv/lib/python3.12/site-packages/django/template/base.py", line 969, in render_annotated
    return self.render(context)
           ^^^^^^^^^^^^^^^^^^^^
  File "/home/sakib/Desktop/sakib/backend/backend/GraphQL/Employee-management-project/myenv/lib/python3.12/site-packages/django/template/loader_tags.py", line 159, in render
    return compiled_parent._render(context)
           ^^^^^^^^^^^^^^^^^^^^^^^^^^^^^^^^
  File "/home/sakib/Desktop/sakib/backend/backend/GraphQL/Employee-management-project/myenv/lib/python3.12/site-packages/django/template/base.py", line 163, in _render
    return self.nodelist.render(context)
           ^^^^^^^^^^^^^^^^^^^^^^^^^^^^^
  File "/home/sakib/Desktop/sakib/backend/backend/GraphQL/Employee-management-project/myenv/lib/python3.12/site-packages/django/template/base.py", line 1008, in render
    return SafeString("".join([node.render_annotated(context) for node in self]))
                               ^^^^^^^^^^^^^^^^^^^^^^^^^^^^^^
  File "/home/sakib/Desktop/sakib/backend/backend/GraphQL/Employee-management-project/myenv/lib/python3.12/site-packages/django/template/base.py", line 969, in render_annotated
    return self.render(context)
           ^^^^^^^^^^^^^^^^^^^^
  File "/home/sakib/Desktop/sakib/backend/backend/GraphQL/Employee-management-project/myenv/lib/python3.12/site-packages/django/template/loader_tags.py", line 65, in render
    result = block.nodelist.render(context)
             ^^^^^^^^^^^^^^^^^^^^^^^^^^^^^^
  File "/home/sakib/Desktop/sakib/backend/backend/GraphQL/Employee-management-project/myenv/lib/python3.12/site-packages/django/template/base.py", line 1008, in render
    return SafeString("".join([node.render_annotated(context) for node in self]))
                               ^^^^^^^^^^^^^^^^^^^^^^^^^^^^^^
  File "/home/sakib/Desktop/sakib/backend/backend/GraphQL/Employee-management-project/myenv/lib/python3.12/site-packages/django/template/base.py", line 969, in render_annotated
    return self.render(context)
           ^^^^^^^^^^^^^^^^^^^^
  File "/home/sakib/Desktop/sakib/backend/backend/GraphQL/Employee-management-project/myenv/lib/python3.12/site-packages/django/template/defaulttags.py", line 327, in render
    return nodelist.render(context)
           ^^^^^^^^^^^^^^^^^^^^^^^^
  File "/home/sakib/Desktop/sakib/backend/backend/GraphQL/Employee-management-project/myenv/lib/python3.12/site-packages/django/template/base.py", line 1008, in render
    return SafeString("".join([node.render_annotated(context) for node in self]))
                               ^^^^^^^^^^^^^^^^^^^^^^^^^^^^^^
  File "/home/sakib/Desktop/sakib/backend/backend/GraphQL/Employee-management-project/myenv/lib/python3.12/site-packages/django/template/base.py", line 969, in render_annotated
    return self.render(context)
           ^^^^^^^^^^^^^^^^^^^^
  File "/home/sakib/Desktop/sakib/backend/backend/GraphQL/Employee-management-project/myenv/lib/python3.12/site-packages/django/template/loader_tags.py", line 210, in render
    return template.render(context)
           ^^^^^^^^^^^^^^^^^^^^^^^^
  File "/home/sakib/Desktop/sakib/backend/backend/GraphQL/Employee-management-project/myenv/lib/python3.12/site-packages/django/template/base.py", line 173, in render
    return self._render(context)
           ^^^^^^^^^^^^^^^^^^^^^
  File "/home/sakib/Desktop/sakib/backend/backend/GraphQL/Employee-management-project/myenv/lib/python3.12/site-packages/django/template/base.py", line 163, in _render
    return self.nodelist.render(context)
           ^^^^^^^^^^^^^^^^^^^^^^^^^^^^^
  File "/home/sakib/Desktop/sakib/backend/backend/GraphQL/Employee-management-project/myenv/lib/python3.12/site-packages/django/template/base.py", line 1008, in render
    return SafeString("".join([node.render_annotated(context) for node in self]))
                               ^^^^^^^^^^^^^^^^^^^^^^^^^^^^^^
  File "/home/sakib/Desktop/sakib/backend/backend/GraphQL/Employee-management-project/myenv/lib/python3.12/site-packages/django/template/base.py", line 969, in render_annotated
    return self.render(context)
           ^^^^^^^^^^^^^^^^^^^^
  File "/home/sakib/Desktop/sakib/backend/backend/GraphQL/Employee-management-project/myenv/lib/python3.12/site-packages/django/template/defaulttags.py", line 480, in render
    url = reverse(view_name, args=args, kwargs=kwargs, current_app=current_app)
          ^^^^^^^^^^^^^^^^^^^^^^^^^^^^^^^^^^^^^^^^^^^^^^^^^^^^^^^^^^^^^^^^^^^^^
  File "/home/sakib/Desktop/sakib/backend/backend/GraphQL/Employee-management-project/myenv/lib/python3.12/site-packages/django/urls/base.py", line 88, in reverse
    return resolver._reverse_with_prefix(view, prefix, *args, **kwargs)
           ^^^^^^^^^^^^^^^^^^^^^^^^^^^^^^^^^^^^^^^^^^^^^^^^^^^^^^^^^^^^
  File "/home/sakib/Desktop/sakib/backend/backend/GraphQL/Employee-management-project/myenv/lib/python3.12/site-packages/django/urls/resolvers.py", line 831, in _reverse_with_prefix
    raise NoReverseMatch(msg)
django.urls.exceptions.NoReverseMatch: Reverse for 'manager_page' not found. 'manager_page' is not a valid view function or pattern name.
[2025-01-24 17:11:06,033] ERROR [django.server:213] "GET /dashboard HTTP/1.1" 500 197445
[2025-01-24 17:12:12,663] INFO [django.server:213] "GET /dashboard HTTP/1.1" 200 9918
[2025-01-24 17:12:12,731] INFO [django.server:213] "GET /graphql/?query=%0A%20%20%20%20%20%20%20%20query%20%7B%0A%20%20%20%20%20%20%20%20%20%20%20%20allEmployee%20%7B%0A%20%20%20%20%20%20%20%20%20%20%20%20%20%20%20%20id%0A%20%20%20%20%20%20%20%20%20%20%20%20%20%20%20%20employeeId%0A%20%20%20%20%20%20%20%20%20%20%20%20%20%20%20%20address%0A%20%20%20%20%20%20%20%20%20%20%20%20%20%20%20%20user%20%7B%0A%20%20%20%20%20%20%20%20%20%20%20%20%20%20%20%20%20%20%20%20id%0A%20%20%20%20%20%20%20%20%20%20%20%20%20%20%20%20%20%20%20%20username%0A%20%20%20%20%20%20%20%20%20%20%20%20%20%20%20%20%20%20%20%20role%7B%0A%20%20%20%20%20%20%20%20%20%20%20%20%20%20%20%20%20%20%20%20name%0A%20%20%20%20%20%20%20%20%20%20%20%20%20%20%20%20%20%20%20%20%7D%0A%20%20%20%20%20%20%20%20%20%20%20%20%20%20%20%20%7D%0A%20%20%20%20%20%20%20%20%20%20%20%20%20%20%20%20department%20%7B%0A%20%20%20%20%20%20%20%20%20%20%20%20%20%20%20%20%20%20%20%20name%0A%20%20%20%20%20%20%20%20%20%20%20%20%20%20%20%20%7D%0A%20%20%20%20%20%20%20%20%20%20%20%20%7D%0A%20%20%20%20%20%20%20%20%7D%0A%20%20%20%20 HTTP/1.1" 200 953
[2025-01-24 17:12:20,053] INFO [django.server:213] "GET /cm HTTP/1.1" 200 5407
[2025-01-24 17:14:16,962] INFO [django.server:213] "GET /dashboard HTTP/1.1" 200 9928
[2025-01-24 17:14:17,012] INFO [django.server:213] "GET /graphql/?query=%0A%20%20%20%20%20%20%20%20query%20%7B%0A%20%20%20%20%20%20%20%20%20%20%20%20allEmployee%20%7B%0A%20%20%20%20%20%20%20%20%20%20%20%20%20%20%20%20id%0A%20%20%20%20%20%20%20%20%20%20%20%20%20%20%20%20employeeId%0A%20%20%20%20%20%20%20%20%20%20%20%20%20%20%20%20address%0A%20%20%20%20%20%20%20%20%20%20%20%20%20%20%20%20user%20%7B%0A%20%20%20%20%20%20%20%20%20%20%20%20%20%20%20%20%20%20%20%20id%0A%20%20%20%20%20%20%20%20%20%20%20%20%20%20%20%20%20%20%20%20username%0A%20%20%20%20%20%20%20%20%20%20%20%20%20%20%20%20%20%20%20%20role%7B%0A%20%20%20%20%20%20%20%20%20%20%20%20%20%20%20%20%20%20%20%20name%0A%20%20%20%20%20%20%20%20%20%20%20%20%20%20%20%20%20%20%20%20%7D%0A%20%20%20%20%20%20%20%20%20%20%20%20%20%20%20%20%7D%0A%20%20%20%20%20%20%20%20%20%20%20%20%20%20%20%20department%20%7B%0A%20%20%20%20%20%20%20%20%20%20%20%20%20%20%20%20%20%20%20%20name%0A%20%20%20%20%20%20%20%20%20%20%20%20%20%20%20%20%7D%0A%20%20%20%20%20%20%20%20%20%20%20%20%7D%0A%20%20%20%20%20%20%20%20%7D%0A%20%20%20%20 HTTP/1.1" 200 953
[2025-01-24 17:14:38,233] INFO [django.server:213] "GET /dashboard HTTP/1.1" 200 9945
[2025-01-24 17:14:38,286] INFO [django.server:213] "GET /graphql/?query=%0A%20%20%20%20%20%20%20%20query%20%7B%0A%20%20%20%20%20%20%20%20%20%20%20%20allEmployee%20%7B%0A%20%20%20%20%20%20%20%20%20%20%20%20%20%20%20%20id%0A%20%20%20%20%20%20%20%20%20%20%20%20%20%20%20%20employeeId%0A%20%20%20%20%20%20%20%20%20%20%20%20%20%20%20%20address%0A%20%20%20%20%20%20%20%20%20%20%20%20%20%20%20%20user%20%7B%0A%20%20%20%20%20%20%20%20%20%20%20%20%20%20%20%20%20%20%20%20id%0A%20%20%20%20%20%20%20%20%20%20%20%20%20%20%20%20%20%20%20%20username%0A%20%20%20%20%20%20%20%20%20%20%20%20%20%20%20%20%20%20%20%20role%7B%0A%20%20%20%20%20%20%20%20%20%20%20%20%20%20%20%20%20%20%20%20name%0A%20%20%20%20%20%20%20%20%20%20%20%20%20%20%20%20%20%20%20%20%7D%0A%20%20%20%20%20%20%20%20%20%20%20%20%20%20%20%20%7D%0A%20%20%20%20%20%20%20%20%20%20%20%20%20%20%20%20department%20%7B%0A%20%20%20%20%20%20%20%20%20%20%20%20%20%20%20%20%20%20%20%20name%0A%20%20%20%20%20%20%20%20%20%20%20%20%20%20%20%20%7D%0A%20%20%20%20%20%20%20%20%20%20%20%20%7D%0A%20%20%20%20%20%20%20%20%7D%0A%20%20%20%20 HTTP/1.1" 200 953
[2025-01-24 17:14:40,795] INFO [django.server:213] "GET /cm HTTP/1.1" 200 5407
[2025-01-24 17:19:06,178] INFO [django.server:213] "GET /dashboard HTTP/1.1" 200 10057
[2025-01-24 17:19:06,237] INFO [django.server:213] "GET /graphql/?query=%0A%20%20%20%20%20%20%20%20query%20%7B%0A%20%20%20%20%20%20%20%20%20%20%20%20allEmployee%20%7B%0A%20%20%20%20%20%20%20%20%20%20%20%20%20%20%20%20id%0A%20%20%20%20%20%20%20%20%20%20%20%20%20%20%20%20employeeId%0A%20%20%20%20%20%20%20%20%20%20%20%20%20%20%20%20address%0A%20%20%20%20%20%20%20%20%20%20%20%20%20%20%20%20user%20%7B%0A%20%20%20%20%20%20%20%20%20%20%20%20%20%20%20%20%20%20%20%20id%0A%20%20%20%20%20%20%20%20%20%20%20%20%20%20%20%20%20%20%20%20username%0A%20%20%20%20%20%20%20%20%20%20%20%20%20%20%20%20%20%20%20%20role%7B%0A%20%20%20%20%20%20%20%20%20%20%20%20%20%20%20%20%20%20%20%20name%0A%20%20%20%20%20%20%20%20%20%20%20%20%20%20%20%20%20%20%20%20%7D%0A%20%20%20%20%20%20%20%20%20%20%20%20%20%20%20%20%7D%0A%20%20%20%20%20%20%20%20%20%20%20%20%20%20%20%20department%20%7B%0A%20%20%20%20%20%20%20%20%20%20%20%20%20%20%20%20%20%20%20%20name%0A%20%20%20%20%20%20%20%20%20%20%20%20%20%20%20%20%7D%0A%20%20%20%20%20%20%20%20%20%20%20%20%7D%0A%20%20%20%20%20%20%20%20%7D%0A%20%20%20%20 HTTP/1.1" 200 953
[2025-01-24 17:19:46,901] INFO [django.server:213] "GET /dashboard HTTP/1.1" 200 9945
[2025-01-24 17:19:46,962] INFO [django.server:213] "GET /graphql/?query=%0A%20%20%20%20%20%20%20%20query%20%7B%0A%20%20%20%20%20%20%20%20%20%20%20%20allEmployee%20%7B%0A%20%20%20%20%20%20%20%20%20%20%20%20%20%20%20%20id%0A%20%20%20%20%20%20%20%20%20%20%20%20%20%20%20%20employeeId%0A%20%20%20%20%20%20%20%20%20%20%20%20%20%20%20%20address%0A%20%20%20%20%20%20%20%20%20%20%20%20%20%20%20%20user%20%7B%0A%20%20%20%20%20%20%20%20%20%20%20%20%20%20%20%20%20%20%20%20id%0A%20%20%20%20%20%20%20%20%20%20%20%20%20%20%20%20%20%20%20%20username%0A%20%20%20%20%20%20%20%20%20%20%20%20%20%20%20%20%20%20%20%20role%7B%0A%20%20%20%20%20%20%20%20%20%20%20%20%20%20%20%20%20%20%20%20name%0A%20%20%20%20%20%20%20%20%20%20%20%20%20%20%20%20%20%20%20%20%7D%0A%20%20%20%20%20%20%20%20%20%20%20%20%20%20%20%20%7D%0A%20%20%20%20%20%20%20%20%20%20%20%20%20%20%20%20department%20%7B%0A%20%20%20%20%20%20%20%20%20%20%20%20%20%20%20%20%20%20%20%20name%0A%20%20%20%20%20%20%20%20%20%20%20%20%20%20%20%20%7D%0A%20%20%20%20%20%20%20%20%20%20%20%20%7D%0A%20%20%20%20%20%20%20%20%7D%0A%20%20%20%20 HTTP/1.1" 200 953
[2025-01-24 17:19:48,733] INFO [django.server:213] "GET /cm HTTP/1.1" 200 5407
[2025-01-24 17:20:04,800] INFO [django.server:213] "GET /dashboard HTTP/1.1" 200 9944
[2025-01-24 17:20:04,851] INFO [django.server:213] "GET /graphql/?query=%0A%20%20%20%20%20%20%20%20query%20%7B%0A%20%20%20%20%20%20%20%20%20%20%20%20allEmployee%20%7B%0A%20%20%20%20%20%20%20%20%20%20%20%20%20%20%20%20id%0A%20%20%20%20%20%20%20%20%20%20%20%20%20%20%20%20employeeId%0A%20%20%20%20%20%20%20%20%20%20%20%20%20%20%20%20address%0A%20%20%20%20%20%20%20%20%20%20%20%20%20%20%20%20user%20%7B%0A%20%20%20%20%20%20%20%20%20%20%20%20%20%20%20%20%20%20%20%20id%0A%20%20%20%20%20%20%20%20%20%20%20%20%20%20%20%20%20%20%20%20username%0A%20%20%20%20%20%20%20%20%20%20%20%20%20%20%20%20%20%20%20%20role%7B%0A%20%20%20%20%20%20%20%20%20%20%20%20%20%20%20%20%20%20%20%20name%0A%20%20%20%20%20%20%20%20%20%20%20%20%20%20%20%20%20%20%20%20%7D%0A%20%20%20%20%20%20%20%20%20%20%20%20%20%20%20%20%7D%0A%20%20%20%20%20%20%20%20%20%20%20%20%20%20%20%20department%20%7B%0A%20%20%20%20%20%20%20%20%20%20%20%20%20%20%20%20%20%20%20%20name%0A%20%20%20%20%20%20%20%20%20%20%20%20%20%20%20%20%7D%0A%20%20%20%20%20%20%20%20%20%20%20%20%7D%0A%20%20%20%20%20%20%20%20%7D%0A%20%20%20%20 HTTP/1.1" 200 953
[2025-01-24 17:20:17,005] INFO [django.server:213] "GET /cm HTTP/1.1" 200 5407
[2025-01-24 17:21:02,589] INFO [django.server:213] "GET / HTTP/1.1" 200 9413
[2025-01-24 17:21:02,622] INFO [django.server:213] "GET /static/image/img1.jpg HTTP/1.1" 200 100315
[2025-01-24 17:21:02,632] INFO [django.server:213] "GET /static/image/img2.jpg HTTP/1.1" 200 2436694
[2025-01-24 17:21:02,658] WARNING [django.server:213] "GET /static/images/img3.jpg HTTP/1.1" 404 1972
[2025-01-24 17:21:15,669] INFO [django.server:213] "GET /graphql/ HTTP/1.1" 200 2611
[2025-01-24 17:21:15,730] INFO [django.server:213] "GET /static/graphene_django/graphiql.js HTTP/1.1" 200 4037
[2025-01-24 17:21:15,939] INFO [django.server:213] "POST /graphql/ HTTP/1.1" 200 56535
[2025-01-24 17:23:52,493] INFO [django.utils.autoreload:266] /home/sakib/Desktop/sakib/backend/backend/GraphQL/Employee-management-project/company/type.py changed, reloading.
[2025-01-24 17:23:52,877] INFO [django.utils.autoreload:668] Watching for file changes with StatReloader
[2025-01-24 17:23:55,015] INFO [django.utils.autoreload:266] /home/sakib/Desktop/sakib/backend/backend/GraphQL/Employee-management-project/company/type.py changed, reloading.
[2025-01-24 17:23:55,406] INFO [django.utils.autoreload:668] Watching for file changes with StatReloader
[2025-01-24 17:23:56,535] INFO [django.utils.autoreload:266] /home/sakib/Desktop/sakib/backend/backend/GraphQL/Employee-management-project/company/type.py changed, reloading.
[2025-01-24 17:23:57,043] INFO [django.utils.autoreload:668] Watching for file changes with StatReloader
[2025-01-24 17:24:40,747] INFO [django.utils.autoreload:266] /home/sakib/Desktop/sakib/backend/backend/GraphQL/Employee-management-project/company/type.py changed, reloading.
[2025-01-24 17:24:41,201] INFO [django.utils.autoreload:668] Watching for file changes with StatReloader
[2025-01-24 17:28:18,510] INFO [django.server:213] "GET /graphql/ HTTP/1.1" 302 0
[2025-01-24 17:28:18,525] INFO [django.server:213] "GET /l HTTP/1.1" 200 9125
[2025-01-24 17:28:27,796] INFO [django.server:213] "POST /graphql/ HTTP/1.1" 200 368
[2025-01-24 17:28:27,824] WARNING [django.request:248] Not Found: /d
[2025-01-24 17:28:27,825] WARNING [django.server:213] "GET /d HTTP/1.1" 404 4940
[2025-01-24 17:28:43,490] INFO [django.utils.autoreload:266] /home/sakib/Desktop/sakib/backend/backend/GraphQL/Employee-management-project/EmployeeManagement/urls.py changed, reloading.
[2025-01-24 17:28:43,988] INFO [django.utils.autoreload:668] Watching for file changes with StatReloader
[2025-01-24 17:28:47,011] INFO [django.server:213] "GET /d HTTP/1.1" 200 9944
[2025-01-24 17:28:47,072] INFO [django.server:213] "GET /graphql/?query=%0A%20%20%20%20%20%20%20%20query%20%7B%0A%20%20%20%20%20%20%20%20%20%20%20%20allEmployee%20%7B%0A%20%20%20%20%20%20%20%20%20%20%20%20%20%20%20%20id%0A%20%20%20%20%20%20%20%20%20%20%20%20%20%20%20%20employeeId%0A%20%20%20%20%20%20%20%20%20%20%20%20%20%20%20%20address%0A%20%20%20%20%20%20%20%20%20%20%20%20%20%20%20%20user%20%7B%0A%20%20%20%20%20%20%20%20%20%20%20%20%20%20%20%20%20%20%20%20id%0A%20%20%20%20%20%20%20%20%20%20%20%20%20%20%20%20%20%20%20%20username%0A%20%20%20%20%20%20%20%20%20%20%20%20%20%20%20%20%20%20%20%20role%7B%0A%20%20%20%20%20%20%20%20%20%20%20%20%20%20%20%20%20%20%20%20name%0A%20%20%20%20%20%20%20%20%20%20%20%20%20%20%20%20%20%20%20%20%7D%0A%20%20%20%20%20%20%20%20%20%20%20%20%20%20%20%20%7D%0A%20%20%20%20%20%20%20%20%20%20%20%20%20%20%20%20department%20%7B%0A%20%20%20%20%20%20%20%20%20%20%20%20%20%20%20%20%20%20%20%20name%0A%20%20%20%20%20%20%20%20%20%20%20%20%20%20%20%20%7D%0A%20%20%20%20%20%20%20%20%20%20%20%20%7D%0A%20%20%20%20%20%20%20%20%7D%0A%20%20%20%20 HTTP/1.1" 200 953
[2025-01-24 17:28:49,152] INFO [django.server:213] "GET /cm HTTP/1.1" 200 5407
[2025-01-24 17:29:17,721] INFO [django.server:213] "GET /d HTTP/1.1" 200 9188
[2025-01-24 17:29:17,980] INFO [django.server:213] "GET /graphql/?query=%0A%20%20%20%20%20%20%20%20query%20%7B%0A%20%20%20%20%20%20%20%20%20%20%20%20allEmployee%20%7B%0A%20%20%20%20%20%20%20%20%20%20%20%20%20%20%20%20id%0A%20%20%20%20%20%20%20%20%20%20%20%20%20%20%20%20employeeId%0A%20%20%20%20%20%20%20%20%20%20%20%20%20%20%20%20address%0A%20%20%20%20%20%20%20%20%20%20%20%20%20%20%20%20user%20%7B%0A%20%20%20%20%20%20%20%20%20%20%20%20%20%20%20%20%20%20%20%20id%0A%20%20%20%20%20%20%20%20%20%20%20%20%20%20%20%20%20%20%20%20username%0A%20%20%20%20%20%20%20%20%20%20%20%20%20%20%20%20%20%20%20%20role%7B%0A%20%20%20%20%20%20%20%20%20%20%20%20%20%20%20%20%20%20%20%20name%0A%20%20%20%20%20%20%20%20%20%20%20%20%20%20%20%20%20%20%20%20%7D%0A%20%20%20%20%20%20%20%20%20%20%20%20%20%20%20%20%7D%0A%20%20%20%20%20%20%20%20%20%20%20%20%20%20%20%20department%20%7B%0A%20%20%20%20%20%20%20%20%20%20%20%20%20%20%20%20%20%20%20%20name%0A%20%20%20%20%20%20%20%20%20%20%20%20%20%20%20%20%7D%0A%20%20%20%20%20%20%20%20%20%20%20%20%7D%0A%20%20%20%20%20%20%20%20%7D%0A%20%20%20%20 HTTP/1.1" 200 953
[2025-01-24 17:29:27,340] INFO [django.server:213] "GET /cm HTTP/1.1" 200 5407
[2025-01-24 17:29:30,521] INFO [django.server:213] "GET / HTTP/1.1" 200 9413
[2025-01-24 17:29:30,567] WARNING [django.server:213] "GET /static/images/img3.jpg HTTP/1.1" 404 1972
[2025-01-24 17:29:40,426] INFO [django.server:213] "GET /graphql/ HTTP/1.1" 200 2611
[2025-01-24 17:29:40,625] INFO [django.server:213] "POST /graphql/ HTTP/1.1" 200 56535
[2025-01-24 17:35:13,819] INFO [django.server:213] "GET /admin/User/customuser/ HTTP/1.1" 200 17780
[2025-01-24 17:35:13,851] INFO [django.server:213] "GET /admin/jsi18n/ HTTP/1.1" 200 3342
[2025-01-24 17:36:47,259] INFO [django.utils.autoreload:266] /home/sakib/Desktop/sakib/backend/backend/GraphQL/Employee-management-project/company/mutation.py changed, reloading.
[2025-01-24 17:36:47,709] INFO [django.utils.autoreload:668] Watching for file changes with StatReloader
[2025-01-24 17:39:22,548] INFO [django.server:213] "POST /graphql/ HTTP/1.1" 302 0
[2025-01-24 17:39:22,563] INFO [django.server:213] "GET /l HTTP/1.1" 200 9125
[2025-01-24 17:40:01,438] INFO [django.server:213] "POST /graphql/ HTTP/1.1" 302 0
[2025-01-24 17:40:01,460] INFO [django.server:213] "GET /l HTTP/1.1" 200 9208
[2025-01-24 17:43:59,437] INFO [django.utils.autoreload:266] /home/sakib/Desktop/sakib/backend/backend/GraphQL/Employee-management-project/company/type.py changed, reloading.
[2025-01-24 17:43:59,834] INFO [django.utils.autoreload:668] Watching for file changes with StatReloader
[2025-01-24 17:46:51,386] INFO [django.server:213] "POST /graphql/ HTTP/1.1" 302 0
[2025-01-24 17:46:51,402] INFO [django.server:213] "GET /l HTTP/1.1" 200 9125
[2025-01-24 17:47:19,972] INFO [django.server:213] "POST /graphql/ HTTP/1.1" 302 0
[2025-01-24 17:47:19,984] INFO [django.server:213] "GET /l HTTP/1.1" 200 9125
[2025-01-24 17:48:42,737] INFO [django.server:213] "POST /graphql/ HTTP/1.1" 302 0
[2025-01-24 17:48:42,745] INFO [django.server:213] "GET /l HTTP/1.1" 200 9125
[2025-01-24 17:48:48,684] INFO [django.server:213] "GET /graphql/ HTTP/1.1" 302 0
[2025-01-24 17:48:48,699] INFO [django.server:213] "GET /l HTTP/1.1" 200 9125
[2025-01-24 17:48:59,864] INFO [django.server:213] "POST /graphql/ HTTP/1.1" 200 368
[2025-01-24 17:48:59,896] INFO [django.server:213] "GET /d HTTP/1.1" 200 9944
[2025-01-24 17:49:00,003] INFO [django.server:213] "GET /graphql/?query=%0A%20%20%20%20%20%20%20%20query%20%7B%0A%20%20%20%20%20%20%20%20%20%20%20%20allEmployee%20%7B%0A%20%20%20%20%20%20%20%20%20%20%20%20%20%20%20%20id%0A%20%20%20%20%20%20%20%20%20%20%20%20%20%20%20%20employeeId%0A%20%20%20%20%20%20%20%20%20%20%20%20%20%20%20%20address%0A%20%20%20%20%20%20%20%20%20%20%20%20%20%20%20%20user%20%7B%0A%20%20%20%20%20%20%20%20%20%20%20%20%20%20%20%20%20%20%20%20id%0A%20%20%20%20%20%20%20%20%20%20%20%20%20%20%20%20%20%20%20%20username%0A%20%20%20%20%20%20%20%20%20%20%20%20%20%20%20%20%20%20%20%20role%7B%0A%20%20%20%20%20%20%20%20%20%20%20%20%20%20%20%20%20%20%20%20name%0A%20%20%20%20%20%20%20%20%20%20%20%20%20%20%20%20%20%20%20%20%7D%0A%20%20%20%20%20%20%20%20%20%20%20%20%20%20%20%20%7D%0A%20%20%20%20%20%20%20%20%20%20%20%20%20%20%20%20department%20%7B%0A%20%20%20%20%20%20%20%20%20%20%20%20%20%20%20%20%20%20%20%20name%0A%20%20%20%20%20%20%20%20%20%20%20%20%20%20%20%20%7D%0A%20%20%20%20%20%20%20%20%20%20%20%20%7D%0A%20%20%20%20%20%20%20%20%7D%0A%20%20%20%20 HTTP/1.1" 200 953
[2025-01-24 17:49:07,047] INFO [django.server:213] "GET / HTTP/1.1" 200 9413
[2025-01-24 17:49:07,104] WARNING [django.server:213] "GET /static/images/img3.jpg HTTP/1.1" 404 1972
[2025-01-24 17:49:12,373] INFO [django.server:213] "GET /graphql/ HTTP/1.1" 200 2611
[2025-01-24 17:49:12,601] INFO [django.server:213] "POST /graphql/ HTTP/1.1" 200 56535
[2025-01-24 17:49:38,436] INFO [django.server:213] "GET /admin/User/customuser/ HTTP/1.1" 200 17780
[2025-01-24 17:49:38,471] INFO [django.server:213] "GET /static/admin/css/base.css HTTP/1.1" 304 0
[2025-01-24 17:49:38,472] INFO [django.server:213] "GET /static/admin/js/theme.js HTTP/1.1" 304 0
[2025-01-24 17:49:38,474] INFO [django.server:213] "GET /static/admin/css/dark_mode.css HTTP/1.1" 304 0
[2025-01-24 17:49:38,478] INFO [django.server:213] "GET /static/admin/css/nav_sidebar.css HTTP/1.1" 304 0
[2025-01-24 17:49:38,479] INFO [django.server:213] "GET /static/admin/css/responsive.css HTTP/1.1" 304 0
[2025-01-24 17:49:38,481] INFO [django.server:213] "GET /static/admin/js/vendor/jquery/jquery.js HTTP/1.1" 304 0
[2025-01-24 17:49:38,482] INFO [django.server:213] "GET /static/admin/css/changelists.css HTTP/1.1" 304 0
[2025-01-24 17:49:38,483] INFO [django.server:213] "GET /static/admin/js/jquery.init.js HTTP/1.1" 304 0
[2025-01-24 17:49:38,484] INFO [django.server:213] "GET /static/admin/js/core.js HTTP/1.1" 304 0
[2025-01-24 17:49:38,490] INFO [django.server:213] "GET /admin/jsi18n/ HTTP/1.1" 200 3342
[2025-01-24 17:49:38,496] INFO [django.server:213] "GET /static/admin/js/admin/RelatedObjectLookups.js HTTP/1.1" 304 0
[2025-01-24 17:49:38,509] INFO [django.server:213] "GET /static/admin/js/actions.js HTTP/1.1" 304 0
[2025-01-24 17:49:38,519] INFO [django.server:213] "GET /static/admin/js/urlify.js HTTP/1.1" 304 0
[2025-01-24 17:49:38,525] INFO [django.server:213] "GET /static/admin/js/prepopulate.js HTTP/1.1" 304 0
[2025-01-24 17:49:38,528] INFO [django.server:213] "GET /static/admin/js/vendor/xregexp/xregexp.js HTTP/1.1" 304 0
[2025-01-24 17:49:38,534] INFO [django.server:213] "GET /static/admin/img/search.svg HTTP/1.1" 304 0
[2025-01-24 17:49:38,580] INFO [django.server:213] "GET /static/admin/js/nav_sidebar.js HTTP/1.1" 304 0
[2025-01-24 17:49:38,584] INFO [django.server:213] "GET /static/admin/js/filters.js HTTP/1.1" 304 0
[2025-01-24 17:49:38,600] INFO [django.server:213] "GET /static/admin/img/tooltag-add.svg HTTP/1.1" 304 0
[2025-01-24 17:49:38,600] INFO [django.server:213] "GET /static/admin/img/icon-addlink.svg HTTP/1.1" 304 0
[2025-01-24 17:49:38,606] INFO [django.server:213] "GET /static/admin/img/icon-viewlink.svg HTTP/1.1" 304 0
[2025-01-24 17:49:43,758] INFO [django.server:213] "GET /graphql/ HTTP/1.1" 302 0
[2025-01-24 17:49:43,778] INFO [django.server:213] "GET /l HTTP/1.1" 200 9125
[2025-01-24 17:50:07,402] INFO [django.server:213] "POST /graphql/ HTTP/1.1" 200 368
[2025-01-24 17:50:07,423] INFO [django.server:213] "GET /d HTTP/1.1" 200 9944
[2025-01-24 17:50:07,527] INFO [django.server:213] "GET /graphql/?query=%0A%20%20%20%20%20%20%20%20query%20%7B%0A%20%20%20%20%20%20%20%20%20%20%20%20allEmployee%20%7B%0A%20%20%20%20%20%20%20%20%20%20%20%20%20%20%20%20id%0A%20%20%20%20%20%20%20%20%20%20%20%20%20%20%20%20employeeId%0A%20%20%20%20%20%20%20%20%20%20%20%20%20%20%20%20address%0A%20%20%20%20%20%20%20%20%20%20%20%20%20%20%20%20user%20%7B%0A%20%20%20%20%20%20%20%20%20%20%20%20%20%20%20%20%20%20%20%20id%0A%20%20%20%20%20%20%20%20%20%20%20%20%20%20%20%20%20%20%20%20username%0A%20%20%20%20%20%20%20%20%20%20%20%20%20%20%20%20%20%20%20%20role%7B%0A%20%20%20%20%20%20%20%20%20%20%20%20%20%20%20%20%20%20%20%20name%0A%20%20%20%20%20%20%20%20%20%20%20%20%20%20%20%20%20%20%20%20%7D%0A%20%20%20%20%20%20%20%20%20%20%20%20%20%20%20%20%7D%0A%20%20%20%20%20%20%20%20%20%20%20%20%20%20%20%20department%20%7B%0A%20%20%20%20%20%20%20%20%20%20%20%20%20%20%20%20%20%20%20%20name%0A%20%20%20%20%20%20%20%20%20%20%20%20%20%20%20%20%7D%0A%20%20%20%20%20%20%20%20%20%20%20%20%7D%0A%20%20%20%20%20%20%20%20%7D%0A%20%20%20%20 HTTP/1.1" 200 953
[2025-01-24 17:50:13,128] INFO [django.server:213] "GET /graphql/ HTTP/1.1" 200 2611
[2025-01-24 17:50:13,314] INFO [django.server:213] "POST /graphql/ HTTP/1.1" 200 56535
[2025-01-24 18:52:50,803] INFO [django.utils.autoreload:668] Watching for file changes with StatReloader
[2025-01-24 18:53:38,922] INFO [django.server:213] "GET /graphql HTTP/1.1" 302 0
[2025-01-24 18:53:38,946] INFO [django.server:213] "GET /l HTTP/1.1" 200 9208
[2025-01-24 18:53:46,697] INFO [django.server:213] "GET /graphql/ HTTP/1.1" 302 0
[2025-01-24 18:53:46,709] INFO [django.server:213] "GET /l HTTP/1.1" 200 9208
[2025-01-24 18:54:06,340] INFO [django.server:213] "GET / HTTP/1.1" 302 0
[2025-01-24 18:54:06,347] INFO [django.server:213] "GET /l HTTP/1.1" 200 9208
[2025-01-24 18:54:06,431] INFO [django.server:213] "GET /static/css/registration.css HTTP/1.1" 200 16995
[2025-01-24 18:54:12,660] INFO [django.server:213] "POST /graphql/ HTTP/1.1" 200 368
[2025-01-24 18:54:12,697] INFO [django.server:213] "GET /d HTTP/1.1" 200 9944
[2025-01-24 18:54:12,804] INFO [django.server:213] "GET /graphql/?query=%0A%20%20%20%20%20%20%20%20query%20%7B%0A%20%20%20%20%20%20%20%20%20%20%20%20allEmployee%20%7B%0A%20%20%20%20%20%20%20%20%20%20%20%20%20%20%20%20id%0A%20%20%20%20%20%20%20%20%20%20%20%20%20%20%20%20employeeId%0A%20%20%20%20%20%20%20%20%20%20%20%20%20%20%20%20address%0A%20%20%20%20%20%20%20%20%20%20%20%20%20%20%20%20user%20%7B%0A%20%20%20%20%20%20%20%20%20%20%20%20%20%20%20%20%20%20%20%20id%0A%20%20%20%20%20%20%20%20%20%20%20%20%20%20%20%20%20%20%20%20username%0A%20%20%20%20%20%20%20%20%20%20%20%20%20%20%20%20%20%20%20%20role%7B%0A%20%20%20%20%20%20%20%20%20%20%20%20%20%20%20%20%20%20%20%20name%0A%20%20%20%20%20%20%20%20%20%20%20%20%20%20%20%20%20%20%20%20%7D%0A%20%20%20%20%20%20%20%20%20%20%20%20%20%20%20%20%7D%0A%20%20%20%20%20%20%20%20%20%20%20%20%20%20%20%20department%20%7B%0A%20%20%20%20%20%20%20%20%20%20%20%20%20%20%20%20%20%20%20%20name%0A%20%20%20%20%20%20%20%20%20%20%20%20%20%20%20%20%7D%0A%20%20%20%20%20%20%20%20%20%20%20%20%7D%0A%20%20%20%20%20%20%20%20%7D%0A%20%20%20%20 HTTP/1.1" 200 953
[2025-01-24 18:54:28,421] WARNING [django.request:248] Not Found: /graphql
[2025-01-24 18:54:28,422] WARNING [django.server:213] "GET /graphql HTTP/1.1" 404 4956
[2025-01-24 18:54:32,408] INFO [django.server:213] "GET /graphql/ HTTP/1.1" 200 2611
[2025-01-24 18:54:33,068] INFO [django.server:213] "GET /static/graphene_django/graphiql.js HTTP/1.1" 200 4037
[2025-01-24 18:54:33,953] INFO [django.server:213] "POST /graphql/ HTTP/1.1" 200 56535
[2025-01-24 18:55:59,221] INFO [django.server:213] "GET /admin/ HTTP/1.1" 302 0
[2025-01-24 18:55:59,266] INFO [django.server:213] "GET /admin/login/?next=/admin/ HTTP/1.1" 200 4160
[2025-01-24 18:55:59,362] INFO [django.server:213] "GET /static/admin/css/base.css HTTP/1.1" 304 0
[2025-01-24 18:55:59,372] INFO [django.server:213] "GET /static/admin/css/dark_mode.css HTTP/1.1" 304 0
[2025-01-24 18:55:59,375] INFO [django.server:213] "GET /static/admin/js/theme.js HTTP/1.1" 304 0
[2025-01-24 18:55:59,376] INFO [django.server:213] "GET /static/admin/css/nav_sidebar.css HTTP/1.1" 304 0
[2025-01-24 18:55:59,377] INFO [django.server:213] "GET /static/admin/css/login.css HTTP/1.1" 304 0
[2025-01-24 18:55:59,378] INFO [django.server:213] "GET /static/admin/css/responsive.css HTTP/1.1" 304 0
[2025-01-24 18:55:59,388] INFO [django.server:213] "GET /static/admin/js/nav_sidebar.js HTTP/1.1" 304 0
[2025-01-24 18:56:05,618] INFO [django.server:213] "POST /admin/login/?next=/admin/ HTTP/1.1" 302 0
[2025-01-24 18:56:05,649] INFO [django.server:213] "GET /admin/ HTTP/1.1" 200 16579
[2025-01-24 18:56:05,730] INFO [django.server:213] "GET /static/admin/css/dashboard.css HTTP/1.1" 304 0
[2025-01-24 18:56:05,782] INFO [django.server:213] "GET /static/admin/img/icon-addlink.svg HTTP/1.1" 304 0
[2025-01-24 18:56:05,783] INFO [django.server:213] "GET /static/admin/img/icon-changelink.svg HTTP/1.1" 304 0
[2025-01-24 18:56:05,784] INFO [django.server:213] "GET /static/admin/img/icon-deletelink.svg HTTP/1.1" 304 0
[2025-01-24 18:56:09,122] INFO [django.server:213] "GET /admin/User/customuser/ HTTP/1.1" 200 17780
[2025-01-24 18:56:09,163] INFO [django.server:213] "GET /static/admin/js/vendor/jquery/jquery.js HTTP/1.1" 304 0
[2025-01-24 18:56:09,164] INFO [django.server:213] "GET /static/admin/js/core.js HTTP/1.1" 304 0
[2025-01-24 18:56:09,165] INFO [django.server:213] "GET /static/admin/css/changelists.css HTTP/1.1" 304 0
[2025-01-24 18:56:09,166] INFO [django.server:213] "GET /static/admin/js/jquery.init.js HTTP/1.1" 304 0
[2025-01-24 18:56:09,174] INFO [django.server:213] "GET /static/admin/js/urlify.js HTTP/1.1" 304 0
[2025-01-24 18:56:09,177] INFO [django.server:213] "GET /static/admin/js/admin/RelatedObjectLookups.js HTTP/1.1" 304 0
[2025-01-24 18:56:09,177] INFO [django.server:213] "GET /static/admin/js/actions.js HTTP/1.1" 304 0
[2025-01-24 18:56:09,182] INFO [django.server:213] "GET /static/admin/js/vendor/xregexp/xregexp.js HTTP/1.1" 304 0
[2025-01-24 18:56:09,185] INFO [django.server:213] "GET /static/admin/js/prepopulate.js HTTP/1.1" 304 0
[2025-01-24 18:56:09,185] INFO [django.server:213] "GET /static/admin/img/search.svg HTTP/1.1" 200 458
[2025-01-24 18:56:09,188] INFO [django.server:213] "GET /admin/jsi18n/ HTTP/1.1" 200 3342
[2025-01-24 18:56:09,234] INFO [django.server:213] "GET /static/admin/js/filters.js HTTP/1.1" 304 0
[2025-01-24 18:56:09,266] INFO [django.server:213] "GET /static/admin/img/tooltag-add.svg HTTP/1.1" 304 0
[2025-01-24 18:56:09,270] INFO [django.server:213] "GET /static/admin/img/icon-viewlink.svg HTTP/1.1" 200 581
[2025-01-24 18:58:51,908] INFO [django.server:213] "POST /graphql/ HTTP/1.1" 302 0
[2025-01-24 18:58:51,915] INFO [django.server:213] "GET /l HTTP/1.1" 200 9208
[2025-01-24 18:59:02,539] INFO [django.server:213] "POST /graphql/ HTTP/1.1" 302 0
[2025-01-24 18:59:02,547] INFO [django.server:213] "GET /l HTTP/1.1" 200 9208
[2025-01-24 18:59:07,612] INFO [django.server:213] "GET /d HTTP/1.1" 302 0
[2025-01-24 18:59:07,621] INFO [django.server:213] "GET /l HTTP/1.1" 200 9208
[2025-01-24 18:59:14,777] INFO [django.server:213] "POST /graphql/ HTTP/1.1" 200 133
[2025-01-24 18:59:17,282] INFO [django.server:213] "GET /l HTTP/1.1" 200 9208
[2025-01-24 18:59:19,178] INFO [django.server:213] "GET /l HTTP/1.1" 200 9208
[2025-01-24 18:59:25,889] INFO [django.server:213] "POST /graphql/ HTTP/1.1" 200 368
[2025-01-24 18:59:25,913] INFO [django.server:213] "GET /d HTTP/1.1" 200 9944
[2025-01-24 18:59:26,025] INFO [django.server:213] "GET /graphql/?query=%0A%20%20%20%20%20%20%20%20query%20%7B%0A%20%20%20%20%20%20%20%20%20%20%20%20allEmployee%20%7B%0A%20%20%20%20%20%20%20%20%20%20%20%20%20%20%20%20id%0A%20%20%20%20%20%20%20%20%20%20%20%20%20%20%20%20employeeId%0A%20%20%20%20%20%20%20%20%20%20%20%20%20%20%20%20address%0A%20%20%20%20%20%20%20%20%20%20%20%20%20%20%20%20user%20%7B%0A%20%20%20%20%20%20%20%20%20%20%20%20%20%20%20%20%20%20%20%20id%0A%20%20%20%20%20%20%20%20%20%20%20%20%20%20%20%20%20%20%20%20username%0A%20%20%20%20%20%20%20%20%20%20%20%20%20%20%20%20%20%20%20%20role%7B%0A%20%20%20%20%20%20%20%20%20%20%20%20%20%20%20%20%20%20%20%20name%0A%20%20%20%20%20%20%20%20%20%20%20%20%20%20%20%20%20%20%20%20%7D%0A%20%20%20%20%20%20%20%20%20%20%20%20%20%20%20%20%7D%0A%20%20%20%20%20%20%20%20%20%20%20%20%20%20%20%20department%20%7B%0A%20%20%20%20%20%20%20%20%20%20%20%20%20%20%20%20%20%20%20%20name%0A%20%20%20%20%20%20%20%20%20%20%20%20%20%20%20%20%7D%0A%20%20%20%20%20%20%20%20%20%20%20%20%7D%0A%20%20%20%20%20%20%20%20%7D%0A%20%20%20%20 HTTP/1.1" 200 953
[2025-01-24 18:59:31,939] INFO [django.server:213] "GET /graphql/ HTTP/1.1" 200 2611
[2025-01-24 18:59:32,199] INFO [django.server:213] "POST /graphql/ HTTP/1.1" 200 56535
[2025-01-24 18:59:34,543] INFO [django.server:213] "POST /graphql/ HTTP/1.1" 200 143
[2025-01-24 19:00:35,119] INFO [django.server:213] "POST /graphql/ HTTP/1.1" 302 0
[2025-01-24 19:00:35,125] INFO [django.server:213] "GET /l HTTP/1.1" 200 9208
[2025-01-24 19:00:40,674] INFO [django.server:213] "GET /d HTTP/1.1" 302 0
[2025-01-24 19:00:40,680] INFO [django.server:213] "GET /l HTTP/1.1" 200 9208
[2025-01-24 19:00:52,801] INFO [django.server:213] "POST /graphql/ HTTP/1.1" 200 368
[2025-01-24 19:00:52,823] INFO [django.server:213] "GET /d HTTP/1.1" 200 9944
[2025-01-24 19:00:52,928] INFO [django.server:213] "GET /graphql/?query=%0A%20%20%20%20%20%20%20%20query%20%7B%0A%20%20%20%20%20%20%20%20%20%20%20%20allEmployee%20%7B%0A%20%20%20%20%20%20%20%20%20%20%20%20%20%20%20%20id%0A%20%20%20%20%20%20%20%20%20%20%20%20%20%20%20%20employeeId%0A%20%20%20%20%20%20%20%20%20%20%20%20%20%20%20%20address%0A%20%20%20%20%20%20%20%20%20%20%20%20%20%20%20%20user%20%7B%0A%20%20%20%20%20%20%20%20%20%20%20%20%20%20%20%20%20%20%20%20id%0A%20%20%20%20%20%20%20%20%20%20%20%20%20%20%20%20%20%20%20%20username%0A%20%20%20%20%20%20%20%20%20%20%20%20%20%20%20%20%20%20%20%20role%7B%0A%20%20%20%20%20%20%20%20%20%20%20%20%20%20%20%20%20%20%20%20name%0A%20%20%20%20%20%20%20%20%20%20%20%20%20%20%20%20%20%20%20%20%7D%0A%20%20%20%20%20%20%20%20%20%20%20%20%20%20%20%20%7D%0A%20%20%20%20%20%20%20%20%20%20%20%20%20%20%20%20department%20%7B%0A%20%20%20%20%20%20%20%20%20%20%20%20%20%20%20%20%20%20%20%20name%0A%20%20%20%20%20%20%20%20%20%20%20%20%20%20%20%20%7D%0A%20%20%20%20%20%20%20%20%20%20%20%20%7D%0A%20%20%20%20%20%20%20%20%7D%0A%20%20%20%20 HTTP/1.1" 200 953
[2025-01-24 19:00:56,476] INFO [django.server:213] "GET /d HTTP/1.1" 200 9944
[2025-01-24 19:00:56,545] INFO [django.server:213] "GET /graphql/?query=%0A%20%20%20%20%20%20%20%20query%20%7B%0A%20%20%20%20%20%20%20%20%20%20%20%20allEmployee%20%7B%0A%20%20%20%20%20%20%20%20%20%20%20%20%20%20%20%20id%0A%20%20%20%20%20%20%20%20%20%20%20%20%20%20%20%20employeeId%0A%20%20%20%20%20%20%20%20%20%20%20%20%20%20%20%20address%0A%20%20%20%20%20%20%20%20%20%20%20%20%20%20%20%20user%20%7B%0A%20%20%20%20%20%20%20%20%20%20%20%20%20%20%20%20%20%20%20%20id%0A%20%20%20%20%20%20%20%20%20%20%20%20%20%20%20%20%20%20%20%20username%0A%20%20%20%20%20%20%20%20%20%20%20%20%20%20%20%20%20%20%20%20role%7B%0A%20%20%20%20%20%20%20%20%20%20%20%20%20%20%20%20%20%20%20%20name%0A%20%20%20%20%20%20%20%20%20%20%20%20%20%20%20%20%20%20%20%20%7D%0A%20%20%20%20%20%20%20%20%20%20%20%20%20%20%20%20%7D%0A%20%20%20%20%20%20%20%20%20%20%20%20%20%20%20%20department%20%7B%0A%20%20%20%20%20%20%20%20%20%20%20%20%20%20%20%20%20%20%20%20name%0A%20%20%20%20%20%20%20%20%20%20%20%20%20%20%20%20%7D%0A%20%20%20%20%20%20%20%20%20%20%20%20%7D%0A%20%20%20%20%20%20%20%20%7D%0A%20%20%20%20 HTTP/1.1" 200 953
[2025-01-24 19:01:08,512] INFO [django.server:213] "GET /graphql/ HTTP/1.1" 200 2611
[2025-01-24 19:01:08,675] INFO [django.server:213] "POST /graphql/ HTTP/1.1" 200 56535
[2025-01-24 19:01:11,256] INFO [django.server:213] "POST /graphql/ HTTP/1.1" 200 143
[2025-01-24 19:01:53,257] INFO [django.utils.autoreload:266] /home/sakib/Desktop/sakib/backend/backend/GraphQL/Employee-management-project/company/mutation.py changed, reloading.
[2025-01-24 19:01:53,886] INFO [django.utils.autoreload:668] Watching for file changes with StatReloader
[2025-01-24 19:01:54,434] INFO [django.server:213] "POST /graphql/ HTTP/1.1" 302 0
[2025-01-24 19:01:54,447] INFO [django.server:213] "GET /l HTTP/1.1" 200 9208
[2025-01-24 19:01:59,367] INFO [django.server:213] "GET /d HTTP/1.1" 302 0
[2025-01-24 19:01:59,372] INFO [django.server:213] "GET /l HTTP/1.1" 200 9208
[2025-01-24 19:02:54,537] INFO [django.server:213] "GET /l HTTP/1.1" 200 9208
[2025-01-24 19:03:03,331] INFO [django.server:213] "POST /graphql/ HTTP/1.1" 200 368
[2025-01-24 19:03:03,361] INFO [django.server:213] "GET /d HTTP/1.1" 200 9944
[2025-01-24 19:03:03,557] INFO [django.server:213] "GET /graphql/?query=%0A%20%20%20%20%20%20%20%20query%20%7B%0A%20%20%20%20%20%20%20%20%20%20%20%20allEmployee%20%7B%0A%20%20%20%20%20%20%20%20%20%20%20%20%20%20%20%20id%0A%20%20%20%20%20%20%20%20%20%20%20%20%20%20%20%20employeeId%0A%20%20%20%20%20%20%20%20%20%20%20%20%20%20%20%20address%0A%20%20%20%20%20%20%20%20%20%20%20%20%20%20%20%20user%20%7B%0A%20%20%20%20%20%20%20%20%20%20%20%20%20%20%20%20%20%20%20%20id%0A%20%20%20%20%20%20%20%20%20%20%20%20%20%20%20%20%20%20%20%20username%0A%20%20%20%20%20%20%20%20%20%20%20%20%20%20%20%20%20%20%20%20role%7B%0A%20%20%20%20%20%20%20%20%20%20%20%20%20%20%20%20%20%20%20%20name%0A%20%20%20%20%20%20%20%20%20%20%20%20%20%20%20%20%20%20%20%20%7D%0A%20%20%20%20%20%20%20%20%20%20%20%20%20%20%20%20%7D%0A%20%20%20%20%20%20%20%20%20%20%20%20%20%20%20%20department%20%7B%0A%20%20%20%20%20%20%20%20%20%20%20%20%20%20%20%20%20%20%20%20name%0A%20%20%20%20%20%20%20%20%20%20%20%20%20%20%20%20%7D%0A%20%20%20%20%20%20%20%20%20%20%20%20%7D%0A%20%20%20%20%20%20%20%20%7D%0A%20%20%20%20 HTTP/1.1" 200 953
[2025-01-24 19:03:06,009] INFO [django.server:213] "GET /d HTTP/1.1" 200 9944
[2025-01-24 19:03:06,162] INFO [django.server:213] "GET /graphql/?query=%0A%20%20%20%20%20%20%20%20query%20%7B%0A%20%20%20%20%20%20%20%20%20%20%20%20allEmployee%20%7B%0A%20%20%20%20%20%20%20%20%20%20%20%20%20%20%20%20id%0A%20%20%20%20%20%20%20%20%20%20%20%20%20%20%20%20employeeId%0A%20%20%20%20%20%20%20%20%20%20%20%20%20%20%20%20address%0A%20%20%20%20%20%20%20%20%20%20%20%20%20%20%20%20user%20%7B%0A%20%20%20%20%20%20%20%20%20%20%20%20%20%20%20%20%20%20%20%20id%0A%20%20%20%20%20%20%20%20%20%20%20%20%20%20%20%20%20%20%20%20username%0A%20%20%20%20%20%20%20%20%20%20%20%20%20%20%20%20%20%20%20%20role%7B%0A%20%20%20%20%20%20%20%20%20%20%20%20%20%20%20%20%20%20%20%20name%0A%20%20%20%20%20%20%20%20%20%20%20%20%20%20%20%20%20%20%20%20%7D%0A%20%20%20%20%20%20%20%20%20%20%20%20%20%20%20%20%7D%0A%20%20%20%20%20%20%20%20%20%20%20%20%20%20%20%20department%20%7B%0A%20%20%20%20%20%20%20%20%20%20%20%20%20%20%20%20%20%20%20%20name%0A%20%20%20%20%20%20%20%20%20%20%20%20%20%20%20%20%7D%0A%20%20%20%20%20%20%20%20%20%20%20%20%7D%0A%20%20%20%20%20%20%20%20%7D%0A%20%20%20%20 HTTP/1.1" 200 953
[2025-01-24 19:03:10,929] INFO [django.server:213] "GET /d HTTP/1.1" 200 9944
[2025-01-24 19:03:11,084] INFO [django.server:213] "GET /graphql/?query=%0A%20%20%20%20%20%20%20%20query%20%7B%0A%20%20%20%20%20%20%20%20%20%20%20%20allEmployee%20%7B%0A%20%20%20%20%20%20%20%20%20%20%20%20%20%20%20%20id%0A%20%20%20%20%20%20%20%20%20%20%20%20%20%20%20%20employeeId%0A%20%20%20%20%20%20%20%20%20%20%20%20%20%20%20%20address%0A%20%20%20%20%20%20%20%20%20%20%20%20%20%20%20%20user%20%7B%0A%20%20%20%20%20%20%20%20%20%20%20%20%20%20%20%20%20%20%20%20id%0A%20%20%20%20%20%20%20%20%20%20%20%20%20%20%20%20%20%20%20%20username%0A%20%20%20%20%20%20%20%20%20%20%20%20%20%20%20%20%20%20%20%20role%7B%0A%20%20%20%20%20%20%20%20%20%20%20%20%20%20%20%20%20%20%20%20name%0A%20%20%20%20%20%20%20%20%20%20%20%20%20%20%20%20%20%20%20%20%7D%0A%20%20%20%20%20%20%20%20%20%20%20%20%20%20%20%20%7D%0A%20%20%20%20%20%20%20%20%20%20%20%20%20%20%20%20department%20%7B%0A%20%20%20%20%20%20%20%20%20%20%20%20%20%20%20%20%20%20%20%20name%0A%20%20%20%20%20%20%20%20%20%20%20%20%20%20%20%20%7D%0A%20%20%20%20%20%20%20%20%20%20%20%20%7D%0A%20%20%20%20%20%20%20%20%7D%0A%20%20%20%20 HTTP/1.1" 200 953
[2025-01-24 19:03:12,142] INFO [django.server:213] "GET /d HTTP/1.1" 200 9944
[2025-01-24 19:03:12,222] INFO [django.server:213] "GET /graphql/?query=%0A%20%20%20%20%20%20%20%20query%20%7B%0A%20%20%20%20%20%20%20%20%20%20%20%20allEmployee%20%7B%0A%20%20%20%20%20%20%20%20%20%20%20%20%20%20%20%20id%0A%20%20%20%20%20%20%20%20%20%20%20%20%20%20%20%20employeeId%0A%20%20%20%20%20%20%20%20%20%20%20%20%20%20%20%20address%0A%20%20%20%20%20%20%20%20%20%20%20%20%20%20%20%20user%20%7B%0A%20%20%20%20%20%20%20%20%20%20%20%20%20%20%20%20%20%20%20%20id%0A%20%20%20%20%20%20%20%20%20%20%20%20%20%20%20%20%20%20%20%20username%0A%20%20%20%20%20%20%20%20%20%20%20%20%20%20%20%20%20%20%20%20role%7B%0A%20%20%20%20%20%20%20%20%20%20%20%20%20%20%20%20%20%20%20%20name%0A%20%20%20%20%20%20%20%20%20%20%20%20%20%20%20%20%20%20%20%20%7D%0A%20%20%20%20%20%20%20%20%20%20%20%20%20%20%20%20%7D%0A%20%20%20%20%20%20%20%20%20%20%20%20%20%20%20%20department%20%7B%0A%20%20%20%20%20%20%20%20%20%20%20%20%20%20%20%20%20%20%20%20name%0A%20%20%20%20%20%20%20%20%20%20%20%20%20%20%20%20%7D%0A%20%20%20%20%20%20%20%20%20%20%20%20%7D%0A%20%20%20%20%20%20%20%20%7D%0A%20%20%20%20 HTTP/1.1" 200 953
[2025-01-24 19:03:14,700] INFO [django.server:213] "GET /d HTTP/1.1" 200 9944
[2025-01-24 19:03:14,830] INFO [django.server:213] "GET /graphql/?query=%0A%20%20%20%20%20%20%20%20query%20%7B%0A%20%20%20%20%20%20%20%20%20%20%20%20allEmployee%20%7B%0A%20%20%20%20%20%20%20%20%20%20%20%20%20%20%20%20id%0A%20%20%20%20%20%20%20%20%20%20%20%20%20%20%20%20employeeId%0A%20%20%20%20%20%20%20%20%20%20%20%20%20%20%20%20address%0A%20%20%20%20%20%20%20%20%20%20%20%20%20%20%20%20user%20%7B%0A%20%20%20%20%20%20%20%20%20%20%20%20%20%20%20%20%20%20%20%20id%0A%20%20%20%20%20%20%20%20%20%20%20%20%20%20%20%20%20%20%20%20username%0A%20%20%20%20%20%20%20%20%20%20%20%20%20%20%20%20%20%20%20%20role%7B%0A%20%20%20%20%20%20%20%20%20%20%20%20%20%20%20%20%20%20%20%20name%0A%20%20%20%20%20%20%20%20%20%20%20%20%20%20%20%20%20%20%20%20%7D%0A%20%20%20%20%20%20%20%20%20%20%20%20%20%20%20%20%7D%0A%20%20%20%20%20%20%20%20%20%20%20%20%20%20%20%20department%20%7B%0A%20%20%20%20%20%20%20%20%20%20%20%20%20%20%20%20%20%20%20%20name%0A%20%20%20%20%20%20%20%20%20%20%20%20%20%20%20%20%7D%0A%20%20%20%20%20%20%20%20%20%20%20%20%7D%0A%20%20%20%20%20%20%20%20%7D%0A%20%20%20%20 HTTP/1.1" 200 953
[2025-01-24 19:03:16,632] INFO [django.server:213] "GET /d HTTP/1.1" 200 9944
[2025-01-24 19:03:16,758] INFO [django.server:213] "GET /graphql/?query=%0A%20%20%20%20%20%20%20%20query%20%7B%0A%20%20%20%20%20%20%20%20%20%20%20%20allEmployee%20%7B%0A%20%20%20%20%20%20%20%20%20%20%20%20%20%20%20%20id%0A%20%20%20%20%20%20%20%20%20%20%20%20%20%20%20%20employeeId%0A%20%20%20%20%20%20%20%20%20%20%20%20%20%20%20%20address%0A%20%20%20%20%20%20%20%20%20%20%20%20%20%20%20%20user%20%7B%0A%20%20%20%20%20%20%20%20%20%20%20%20%20%20%20%20%20%20%20%20id%0A%20%20%20%20%20%20%20%20%20%20%20%20%20%20%20%20%20%20%20%20username%0A%20%20%20%20%20%20%20%20%20%20%20%20%20%20%20%20%20%20%20%20role%7B%0A%20%20%20%20%20%20%20%20%20%20%20%20%20%20%20%20%20%20%20%20name%0A%20%20%20%20%20%20%20%20%20%20%20%20%20%20%20%20%20%20%20%20%7D%0A%20%20%20%20%20%20%20%20%20%20%20%20%20%20%20%20%7D%0A%20%20%20%20%20%20%20%20%20%20%20%20%20%20%20%20department%20%7B%0A%20%20%20%20%20%20%20%20%20%20%20%20%20%20%20%20%20%20%20%20name%0A%20%20%20%20%20%20%20%20%20%20%20%20%20%20%20%20%7D%0A%20%20%20%20%20%20%20%20%20%20%20%20%7D%0A%20%20%20%20%20%20%20%20%7D%0A%20%20%20%20 HTTP/1.1" 200 953
[2025-01-24 19:03:18,973] INFO [django.server:213] "GET /d HTTP/1.1" 200 9944
[2025-01-24 19:03:19,107] INFO [django.server:213] "GET /graphql/?query=%0A%20%20%20%20%20%20%20%20query%20%7B%0A%20%20%20%20%20%20%20%20%20%20%20%20allEmployee%20%7B%0A%20%20%20%20%20%20%20%20%20%20%20%20%20%20%20%20id%0A%20%20%20%20%20%20%20%20%20%20%20%20%20%20%20%20employeeId%0A%20%20%20%20%20%20%20%20%20%20%20%20%20%20%20%20address%0A%20%20%20%20%20%20%20%20%20%20%20%20%20%20%20%20user%20%7B%0A%20%20%20%20%20%20%20%20%20%20%20%20%20%20%20%20%20%20%20%20id%0A%20%20%20%20%20%20%20%20%20%20%20%20%20%20%20%20%20%20%20%20username%0A%20%20%20%20%20%20%20%20%20%20%20%20%20%20%20%20%20%20%20%20role%7B%0A%20%20%20%20%20%20%20%20%20%20%20%20%20%20%20%20%20%20%20%20name%0A%20%20%20%20%20%20%20%20%20%20%20%20%20%20%20%20%20%20%20%20%7D%0A%20%20%20%20%20%20%20%20%20%20%20%20%20%20%20%20%7D%0A%20%20%20%20%20%20%20%20%20%20%20%20%20%20%20%20department%20%7B%0A%20%20%20%20%20%20%20%20%20%20%20%20%20%20%20%20%20%20%20%20name%0A%20%20%20%20%20%20%20%20%20%20%20%20%20%20%20%20%7D%0A%20%20%20%20%20%20%20%20%20%20%20%20%7D%0A%20%20%20%20%20%20%20%20%7D%0A%20%20%20%20 HTTP/1.1" 200 953
[2025-01-24 19:03:20,351] INFO [django.server:213] "GET /d HTTP/1.1" 200 9944
[2025-01-24 19:03:20,481] INFO [django.server:213] "GET /graphql/?query=%0A%20%20%20%20%20%20%20%20query%20%7B%0A%20%20%20%20%20%20%20%20%20%20%20%20allEmployee%20%7B%0A%20%20%20%20%20%20%20%20%20%20%20%20%20%20%20%20id%0A%20%20%20%20%20%20%20%20%20%20%20%20%20%20%20%20employeeId%0A%20%20%20%20%20%20%20%20%20%20%20%20%20%20%20%20address%0A%20%20%20%20%20%20%20%20%20%20%20%20%20%20%20%20user%20%7B%0A%20%20%20%20%20%20%20%20%20%20%20%20%20%20%20%20%20%20%20%20id%0A%20%20%20%20%20%20%20%20%20%20%20%20%20%20%20%20%20%20%20%20username%0A%20%20%20%20%20%20%20%20%20%20%20%20%20%20%20%20%20%20%20%20role%7B%0A%20%20%20%20%20%20%20%20%20%20%20%20%20%20%20%20%20%20%20%20name%0A%20%20%20%20%20%20%20%20%20%20%20%20%20%20%20%20%20%20%20%20%7D%0A%20%20%20%20%20%20%20%20%20%20%20%20%20%20%20%20%7D%0A%20%20%20%20%20%20%20%20%20%20%20%20%20%20%20%20department%20%7B%0A%20%20%20%20%20%20%20%20%20%20%20%20%20%20%20%20%20%20%20%20name%0A%20%20%20%20%20%20%20%20%20%20%20%20%20%20%20%20%7D%0A%20%20%20%20%20%20%20%20%20%20%20%20%7D%0A%20%20%20%20%20%20%20%20%7D%0A%20%20%20%20 HTTP/1.1" 200 953
[2025-01-24 19:03:21,767] INFO [django.server:213] "GET /d HTTP/1.1" 200 9944
[2025-01-24 19:03:21,864] INFO [django.server:213] "GET /graphql/?query=%0A%20%20%20%20%20%20%20%20query%20%7B%0A%20%20%20%20%20%20%20%20%20%20%20%20allEmployee%20%7B%0A%20%20%20%20%20%20%20%20%20%20%20%20%20%20%20%20id%0A%20%20%20%20%20%20%20%20%20%20%20%20%20%20%20%20employeeId%0A%20%20%20%20%20%20%20%20%20%20%20%20%20%20%20%20address%0A%20%20%20%20%20%20%20%20%20%20%20%20%20%20%20%20user%20%7B%0A%20%20%20%20%20%20%20%20%20%20%20%20%20%20%20%20%20%20%20%20id%0A%20%20%20%20%20%20%20%20%20%20%20%20%20%20%20%20%20%20%20%20username%0A%20%20%20%20%20%20%20%20%20%20%20%20%20%20%20%20%20%20%20%20role%7B%0A%20%20%20%20%20%20%20%20%20%20%20%20%20%20%20%20%20%20%20%20name%0A%20%20%20%20%20%20%20%20%20%20%20%20%20%20%20%20%20%20%20%20%7D%0A%20%20%20%20%20%20%20%20%20%20%20%20%20%20%20%20%7D%0A%20%20%20%20%20%20%20%20%20%20%20%20%20%20%20%20department%20%7B%0A%20%20%20%20%20%20%20%20%20%20%20%20%20%20%20%20%20%20%20%20name%0A%20%20%20%20%20%20%20%20%20%20%20%20%20%20%20%20%7D%0A%20%20%20%20%20%20%20%20%20%20%20%20%7D%0A%20%20%20%20%20%20%20%20%7D%0A%20%20%20%20 HTTP/1.1" 200 953
[2025-01-24 19:03:23,500] INFO [django.server:213] "GET /d HTTP/1.1" 200 9944
[2025-01-24 19:03:23,619] INFO [django.server:213] "GET /graphql/?query=%0A%20%20%20%20%20%20%20%20query%20%7B%0A%20%20%20%20%20%20%20%20%20%20%20%20allEmployee%20%7B%0A%20%20%20%20%20%20%20%20%20%20%20%20%20%20%20%20id%0A%20%20%20%20%20%20%20%20%20%20%20%20%20%20%20%20employeeId%0A%20%20%20%20%20%20%20%20%20%20%20%20%20%20%20%20address%0A%20%20%20%20%20%20%20%20%20%20%20%20%20%20%20%20user%20%7B%0A%20%20%20%20%20%20%20%20%20%20%20%20%20%20%20%20%20%20%20%20id%0A%20%20%20%20%20%20%20%20%20%20%20%20%20%20%20%20%20%20%20%20username%0A%20%20%20%20%20%20%20%20%20%20%20%20%20%20%20%20%20%20%20%20role%7B%0A%20%20%20%20%20%20%20%20%20%20%20%20%20%20%20%20%20%20%20%20name%0A%20%20%20%20%20%20%20%20%20%20%20%20%20%20%20%20%20%20%20%20%7D%0A%20%20%20%20%20%20%20%20%20%20%20%20%20%20%20%20%7D%0A%20%20%20%20%20%20%20%20%20%20%20%20%20%20%20%20department%20%7B%0A%20%20%20%20%20%20%20%20%20%20%20%20%20%20%20%20%20%20%20%20name%0A%20%20%20%20%20%20%20%20%20%20%20%20%20%20%20%20%7D%0A%20%20%20%20%20%20%20%20%20%20%20%20%7D%0A%20%20%20%20%20%20%20%20%7D%0A%20%20%20%20 HTTP/1.1" 200 953
[2025-01-24 19:03:26,175] INFO [django.server:213] "GET /graphql/ HTTP/1.1" 200 2611
[2025-01-24 19:03:26,349] INFO [django.server:213] "POST /graphql/ HTTP/1.1" 200 56535
[2025-01-24 19:03:27,749] INFO [django.server:213] "POST /graphql/ HTTP/1.1" 200 184
[2025-01-24 19:03:32,980] INFO [django.server:213] "GET /d HTTP/1.1" 200 9944
[2025-01-24 19:03:33,113] INFO [django.server:213] "GET /graphql/?query=%0A%20%20%20%20%20%20%20%20query%20%7B%0A%20%20%20%20%20%20%20%20%20%20%20%20allEmployee%20%7B%0A%20%20%20%20%20%20%20%20%20%20%20%20%20%20%20%20id%0A%20%20%20%20%20%20%20%20%20%20%20%20%20%20%20%20employeeId%0A%20%20%20%20%20%20%20%20%20%20%20%20%20%20%20%20address%0A%20%20%20%20%20%20%20%20%20%20%20%20%20%20%20%20user%20%7B%0A%20%20%20%20%20%20%20%20%20%20%20%20%20%20%20%20%20%20%20%20id%0A%20%20%20%20%20%20%20%20%20%20%20%20%20%20%20%20%20%20%20%20username%0A%20%20%20%20%20%20%20%20%20%20%20%20%20%20%20%20%20%20%20%20role%7B%0A%20%20%20%20%20%20%20%20%20%20%20%20%20%20%20%20%20%20%20%20name%0A%20%20%20%20%20%20%20%20%20%20%20%20%20%20%20%20%20%20%20%20%7D%0A%20%20%20%20%20%20%20%20%20%20%20%20%20%20%20%20%7D%0A%20%20%20%20%20%20%20%20%20%20%20%20%20%20%20%20department%20%7B%0A%20%20%20%20%20%20%20%20%20%20%20%20%20%20%20%20%20%20%20%20name%0A%20%20%20%20%20%20%20%20%20%20%20%20%20%20%20%20%7D%0A%20%20%20%20%20%20%20%20%20%20%20%20%7D%0A%20%20%20%20%20%20%20%20%7D%0A%20%20%20%20 HTTP/1.1" 200 953
[2025-01-24 19:03:36,880] INFO [django.server:213] "GET /cm HTTP/1.1" 200 5407
[2025-01-24 19:03:40,941] INFO [django.server:213] "GET /eu/1/ HTTP/1.1" 200 20698
[2025-01-24 19:03:41,025] INFO [django.server:213] "GET /graphql/?query=query%20%7B%20allDepartment%20%7B%20id%20name%20%7D%20%7D HTTP/1.1" 200 158
[2025-01-24 19:03:41,046] INFO [django.server:213] "GET /graphql/?query=%0A%20%20%20%20%20%20%20%20%20%20%20%20query%20%7B%0A%20%20%20%20%20%20%20%20%20%20%20%20%20%20%20%20getParticularEmployee(id%3A%201)%20%7B%0A%20%20%20%20%20%20%20%20%20%20%20%20%20%20%20%20%20%20%20%20employeeId%0A%20%20%20%20%20%20%20%20%20%20%20%20%20%20%20%20%20%20%20%20address%0A%20%20%20%20%20%20%20%20%20%20%20%20%20%20%20%20%20%20%20%20dateOfBirth%0A%20%20%20%20%20%20%20%20%20%20%20%20%20%20%20%20%20%20%20%20phoneNumber%0A%20%20%20%20%20%20%20%20%20%20%20%20%20%20%20%20%20%20%20%20department%20%7B%0A%20%20%20%20%20%20%20%20%20%20%20%20%20%20%20%20%20%20%20%20%20%20%20%20id%0A%20%20%20%20%20%20%20%20%20%20%20%20%20%20%20%20%20%20%20%20%20%20%20%20name%0A%20%20%20%20%20%20%20%20%20%20%20%20%20%20%20%20%20%20%20%20%7D%0A%20%20%20%20%20%20%20%20%20%20%20%20%20%20%20%20%20%20%20%20employmentDetails%20%7B%0A%20%20%20%20%20%20%20%20%20%20%20%20%20%20%20%20%20%20%20%20%20%20%20%20id%0A%20%20%20%20%20%20%20%20%20%20%20%20%20%20%20%20%20%20%20%20%20%20%20%20startDate%0A%20%20%20%20%20%20%20%20%20%20%20%20%20%20%20%20%20%20%20%20%20%20%20%20dateOfResignation%0A%20%20%20%20%20%20%20%20%20%20%20%20%20%20%20%20%20%20%20%20%20%20%20%20jobTitle%0A%20%20%20%20%20%20%20%20%20%20%20%20%20%20%20%20%20%20%20%20%20%20%20%20supervisor%0A%20%20%20%20%20%20%20%20%20%20%20%20%20%20%20%20%20%20%20%20%20%20%20%20employmentType%0A%20%20%20%20%20%20%20%20%20%20%20%20%20%20%20%20%20%20%20%20%20%20%20%20employmentStatus%0A%20%20%20%20%20%20%20%20%20%20%20%20%20%20%20%20%20%20%20%20%20%20%20%20officeLocation%0A%20%20%20%20%20%20%20%20%20%20%20%20%20%20%20%20%20%20%20%20%20%20%20%20reason%0A%20%20%20%20%20%20%20%20%20%20%20%20%20%20%20%20%20%20%20%20%7D%0A%20%20%20%20%20%20%20%20%20%20%20%20%20%20%20%20%7D%0A%20%20%20%20%20%20%20%20%20%20%20%20%7D%0A%20%20%20%20%20%20%20%20 HTTP/1.1" 200 198
[2025-01-24 19:03:43,744] WARNING [django.request:248] Bad Request: /graphql/
[2025-01-24 19:03:43,745] WARNING [django.server:213] "POST /graphql/ HTTP/1.1" 400 139
[2025-01-24 19:03:50,610] INFO [django.server:213] "GET /ec HTTP/1.1" 200 16700
[2025-01-24 19:03:50,679] INFO [django.server:213] "GET /graphql/?query=query%20%7B%20allUserData%20%7Bid%20email%20%7D%20%7D HTTP/1.1" 200 296
[2025-01-24 19:03:50,740] INFO [django.server:213] "GET /graphql/?query=query%20%7B%20allDepartment%20%7B%20id%20name%20%7D%20%7D HTTP/1.1" 200 158
[2025-01-24 19:04:09,051] INFO [django.server:213] "GET /graphql/?query=%0A%20%20%20%20%20%20%20%20query%20%7B%0A%20%20%20%20%20%20%20%20%20%20%20%20allEmployee%20%7B%0A%20%20%20%20%20%20%20%20%20%20%20%20%20%20%20%20id%0A%20%20%20%20%20%20%20%20%20%20%20%20%20%20%20%20employeeId%0A%20%20%20%20%20%20%20%20%20%20%20%20%20%20%20%20address%0A%20%20%20%20%20%20%20%20%20%20%20%20%20%20%20%20user%20%7B%0A%20%20%20%20%20%20%20%20%20%20%20%20%20%20%20%20%20%20%20%20id%0A%20%20%20%20%20%20%20%20%20%20%20%20%20%20%20%20%20%20%20%20username%0A%20%20%20%20%20%20%20%20%20%20%20%20%20%20%20%20%20%20%20%20role%7B%0A%20%20%20%20%20%20%20%20%20%20%20%20%20%20%20%20%20%20%20%20name%0A%20%20%20%20%20%20%20%20%20%20%20%20%20%20%20%20%20%20%20%20%7D%0A%20%20%20%20%20%20%20%20%20%20%20%20%20%20%20%20%7D%0A%20%20%20%20%20%20%20%20%20%20%20%20%20%20%20%20department%20%7B%0A%20%20%20%20%20%20%20%20%20%20%20%20%20%20%20%20%20%20%20%20name%0A%20%20%20%20%20%20%20%20%20%20%20%20%20%20%20%20%7D%0A%20%20%20%20%20%20%20%20%20%20%20%20%7D%0A%20%20%20%20%20%20%20%20%7D%0A%20%20%20%20 HTTP/1.1" 302 0
[2025-01-24 19:04:41,074] INFO [django.utils.autoreload:266] /home/sakib/Desktop/sakib/backend/backend/GraphQL/Employee-management-project/EmployeeManagement/settings.py changed, reloading.
[2025-01-24 19:04:41,718] INFO [django.utils.autoreload:668] Watching for file changes with StatReloader
[2025-01-24 19:04:44,960] INFO [django.server:213] "GET /d HTTP/1.1" 200 7854
[2025-01-24 19:04:45,061] INFO [django.server:213] "GET /graphql/?query=%0A%20%20%20%20%20%20%20%20query%20%7B%0A%20%20%20%20%20%20%20%20%20%20%20%20allEmployee%20%7B%0A%20%20%20%20%20%20%20%20%20%20%20%20%20%20%20%20id%0A%20%20%20%20%20%20%20%20%20%20%20%20%20%20%20%20employeeId%0A%20%20%20%20%20%20%20%20%20%20%20%20%20%20%20%20address%0A%20%20%20%20%20%20%20%20%20%20%20%20%20%20%20%20user%20%7B%0A%20%20%20%20%20%20%20%20%20%20%20%20%20%20%20%20%20%20%20%20id%0A%20%20%20%20%20%20%20%20%20%20%20%20%20%20%20%20%20%20%20%20username%0A%20%20%20%20%20%20%20%20%20%20%20%20%20%20%20%20%20%20%20%20role%7B%0A%20%20%20%20%20%20%20%20%20%20%20%20%20%20%20%20%20%20%20%20name%0A%20%20%20%20%20%20%20%20%20%20%20%20%20%20%20%20%20%20%20%20%7D%0A%20%20%20%20%20%20%20%20%20%20%20%20%20%20%20%20%7D%0A%20%20%20%20%20%20%20%20%20%20%20%20%20%20%20%20department%20%7B%0A%20%20%20%20%20%20%20%20%20%20%20%20%20%20%20%20%20%20%20%20name%0A%20%20%20%20%20%20%20%20%20%20%20%20%20%20%20%20%7D%0A%20%20%20%20%20%20%20%20%20%20%20%20%7D%0A%20%20%20%20%20%20%20%20%7D%0A%20%20%20%20 HTTP/1.1" 302 0
[2025-01-24 19:04:45,079] INFO [django.server:213] "GET /l HTTP/1.1" 200 9208
[2025-01-24 19:04:47,976] INFO [django.server:213] "GET /d HTTP/1.1" 200 7854
[2025-01-24 19:04:48,063] INFO [django.server:213] "GET /graphql/?query=%0A%20%20%20%20%20%20%20%20query%20%7B%0A%20%20%20%20%20%20%20%20%20%20%20%20allEmployee%20%7B%0A%20%20%20%20%20%20%20%20%20%20%20%20%20%20%20%20id%0A%20%20%20%20%20%20%20%20%20%20%20%20%20%20%20%20employeeId%0A%20%20%20%20%20%20%20%20%20%20%20%20%20%20%20%20address%0A%20%20%20%20%20%20%20%20%20%20%20%20%20%20%20%20user%20%7B%0A%20%20%20%20%20%20%20%20%20%20%20%20%20%20%20%20%20%20%20%20id%0A%20%20%20%20%20%20%20%20%20%20%20%20%20%20%20%20%20%20%20%20username%0A%20%20%20%20%20%20%20%20%20%20%20%20%20%20%20%20%20%20%20%20role%7B%0A%20%20%20%20%20%20%20%20%20%20%20%20%20%20%20%20%20%20%20%20name%0A%20%20%20%20%20%20%20%20%20%20%20%20%20%20%20%20%20%20%20%20%7D%0A%20%20%20%20%20%20%20%20%20%20%20%20%20%20%20%20%7D%0A%20%20%20%20%20%20%20%20%20%20%20%20%20%20%20%20department%20%7B%0A%20%20%20%20%20%20%20%20%20%20%20%20%20%20%20%20%20%20%20%20name%0A%20%20%20%20%20%20%20%20%20%20%20%20%20%20%20%20%7D%0A%20%20%20%20%20%20%20%20%20%20%20%20%7D%0A%20%20%20%20%20%20%20%20%7D%0A%20%20%20%20 HTTP/1.1" 302 0
[2025-01-24 19:04:48,083] INFO [django.server:213] "GET /l HTTP/1.1" 200 9208
[2025-01-24 19:04:57,451] INFO [django.server:213] "GET /l HTTP/1.1" 200 9208
[2025-01-24 19:05:05,618] INFO [django.server:213] "POST /graphql/ HTTP/1.1" 200 368
[2025-01-24 19:05:05,642] INFO [django.server:213] "GET /d HTTP/1.1" 200 7854
[2025-01-24 19:05:05,774] INFO [django.server:213] "GET /graphql/?query=%0A%20%20%20%20%20%20%20%20query%20%7B%0A%20%20%20%20%20%20%20%20%20%20%20%20allEmployee%20%7B%0A%20%20%20%20%20%20%20%20%20%20%20%20%20%20%20%20id%0A%20%20%20%20%20%20%20%20%20%20%20%20%20%20%20%20employeeId%0A%20%20%20%20%20%20%20%20%20%20%20%20%20%20%20%20address%0A%20%20%20%20%20%20%20%20%20%20%20%20%20%20%20%20user%20%7B%0A%20%20%20%20%20%20%20%20%20%20%20%20%20%20%20%20%20%20%20%20id%0A%20%20%20%20%20%20%20%20%20%20%20%20%20%20%20%20%20%20%20%20username%0A%20%20%20%20%20%20%20%20%20%20%20%20%20%20%20%20%20%20%20%20role%7B%0A%20%20%20%20%20%20%20%20%20%20%20%20%20%20%20%20%20%20%20%20name%0A%20%20%20%20%20%20%20%20%20%20%20%20%20%20%20%20%20%20%20%20%7D%0A%20%20%20%20%20%20%20%20%20%20%20%20%20%20%20%20%7D%0A%20%20%20%20%20%20%20%20%20%20%20%20%20%20%20%20department%20%7B%0A%20%20%20%20%20%20%20%20%20%20%20%20%20%20%20%20%20%20%20%20name%0A%20%20%20%20%20%20%20%20%20%20%20%20%20%20%20%20%7D%0A%20%20%20%20%20%20%20%20%20%20%20%20%7D%0A%20%20%20%20%20%20%20%20%7D%0A%20%20%20%20 HTTP/1.1" 200 953
[2025-01-24 19:05:42,944] INFO [django.server:213] "GET /d HTTP/1.1" 200 7854
[2025-01-24 19:05:43,031] INFO [django.server:213] "GET /graphql/?query=%0A%20%20%20%20%20%20%20%20query%20%7B%0A%20%20%20%20%20%20%20%20%20%20%20%20allEmployee%20%7B%0A%20%20%20%20%20%20%20%20%20%20%20%20%20%20%20%20id%0A%20%20%20%20%20%20%20%20%20%20%20%20%20%20%20%20employeeId%0A%20%20%20%20%20%20%20%20%20%20%20%20%20%20%20%20address%0A%20%20%20%20%20%20%20%20%20%20%20%20%20%20%20%20user%20%7B%0A%20%20%20%20%20%20%20%20%20%20%20%20%20%20%20%20%20%20%20%20id%0A%20%20%20%20%20%20%20%20%20%20%20%20%20%20%20%20%20%20%20%20username%0A%20%20%20%20%20%20%20%20%20%20%20%20%20%20%20%20%20%20%20%20role%7B%0A%20%20%20%20%20%20%20%20%20%20%20%20%20%20%20%20%20%20%20%20name%0A%20%20%20%20%20%20%20%20%20%20%20%20%20%20%20%20%20%20%20%20%7D%0A%20%20%20%20%20%20%20%20%20%20%20%20%20%20%20%20%7D%0A%20%20%20%20%20%20%20%20%20%20%20%20%20%20%20%20department%20%7B%0A%20%20%20%20%20%20%20%20%20%20%20%20%20%20%20%20%20%20%20%20name%0A%20%20%20%20%20%20%20%20%20%20%20%20%20%20%20%20%7D%0A%20%20%20%20%20%20%20%20%20%20%20%20%7D%0A%20%20%20%20%20%20%20%20%7D%0A%20%20%20%20 HTTP/1.1" 302 0
[2025-01-24 19:05:43,054] INFO [django.server:213] "GET /l HTTP/1.1" 200 9208
[2025-01-24 19:06:15,478] INFO [django.server:213] "GET /admin/ HTTP/1.1" 302 0
[2025-01-24 19:06:15,504] INFO [django.server:213] "GET /admin/login/?next=/admin/ HTTP/1.1" 200 4160
[2025-01-24 19:06:15,608] INFO [django.server:213] "GET /static/admin/css/base.css HTTP/1.1" 200 22092
[2025-01-24 19:06:15,611] INFO [django.server:213] "GET /static/admin/css/login.css HTTP/1.1" 200 951
[2025-01-24 19:06:15,613] INFO [django.server:213] "GET /static/admin/js/theme.js HTTP/1.1" 200 1653
[2025-01-24 19:06:15,613] INFO [django.server:213] "GET /static/admin/css/responsive.css HTTP/1.1" 200 17972
[2025-01-24 19:06:15,613] INFO [django.server:213] "GET /static/admin/css/dark_mode.css HTTP/1.1" 200 2804
[2025-01-24 19:06:15,614] INFO [django.server:213] "GET /static/admin/css/nav_sidebar.css HTTP/1.1" 200 2810
[2025-01-24 19:06:15,623] INFO [django.server:213] "GET /static/admin/js/nav_sidebar.js HTTP/1.1" 200 3063
[2025-01-24 19:06:21,250] INFO [django.server:213] "POST /admin/login/?next=/admin/ HTTP/1.1" 302 0
[2025-01-24 19:06:21,292] INFO [django.server:213] "GET /admin/ HTTP/1.1" 200 16579
[2025-01-24 19:06:21,362] INFO [django.server:213] "GET /static/admin/css/dashboard.css HTTP/1.1" 200 441
[2025-01-24 19:06:21,414] INFO [django.server:213] "GET /static/admin/img/icon-addlink.svg HTTP/1.1" 200 331
[2025-01-24 19:06:21,414] INFO [django.server:213] "GET /static/admin/img/icon-changelink.svg HTTP/1.1" 200 380
[2025-01-24 19:06:21,415] INFO [django.server:213] "GET /static/admin/img/icon-deletelink.svg HTTP/1.1" 200 392
[2025-01-24 19:06:24,062] INFO [django.server:213] "GET /d HTTP/1.1" 200 9944
[2025-01-24 19:06:24,137] INFO [django.server:213] "GET /graphql/?query=%0A%20%20%20%20%20%20%20%20query%20%7B%0A%20%20%20%20%20%20%20%20%20%20%20%20allEmployee%20%7B%0A%20%20%20%20%20%20%20%20%20%20%20%20%20%20%20%20id%0A%20%20%20%20%20%20%20%20%20%20%20%20%20%20%20%20employeeId%0A%20%20%20%20%20%20%20%20%20%20%20%20%20%20%20%20address%0A%20%20%20%20%20%20%20%20%20%20%20%20%20%20%20%20user%20%7B%0A%20%20%20%20%20%20%20%20%20%20%20%20%20%20%20%20%20%20%20%20id%0A%20%20%20%20%20%20%20%20%20%20%20%20%20%20%20%20%20%20%20%20username%0A%20%20%20%20%20%20%20%20%20%20%20%20%20%20%20%20%20%20%20%20role%7B%0A%20%20%20%20%20%20%20%20%20%20%20%20%20%20%20%20%20%20%20%20name%0A%20%20%20%20%20%20%20%20%20%20%20%20%20%20%20%20%20%20%20%20%7D%0A%20%20%20%20%20%20%20%20%20%20%20%20%20%20%20%20%7D%0A%20%20%20%20%20%20%20%20%20%20%20%20%20%20%20%20department%20%7B%0A%20%20%20%20%20%20%20%20%20%20%20%20%20%20%20%20%20%20%20%20name%0A%20%20%20%20%20%20%20%20%20%20%20%20%20%20%20%20%7D%0A%20%20%20%20%20%20%20%20%20%20%20%20%7D%0A%20%20%20%20%20%20%20%20%7D%0A%20%20%20%20 HTTP/1.1" 302 0
[2025-01-24 19:06:24,145] INFO [django.server:213] "GET /l HTTP/1.1" 200 9125
[2025-01-24 19:06:34,839] INFO [django.server:213] "GET /cm HTTP/1.1" 200 5407
[2025-01-24 19:06:48,238] INFO [django.server:213] "POST /graphql/ HTTP/1.1" 302 0
[2025-01-24 19:06:48,249] INFO [django.server:213] "GET /l HTTP/1.1" 200 9125
[2025-01-24 19:06:55,380] INFO [django.server:213] "POST /graphql/ HTTP/1.1" 302 0
[2025-01-24 19:06:55,391] INFO [django.server:213] "GET /l HTTP/1.1" 200 9125
[2025-01-24 19:06:59,129] INFO [django.server:213] "POST /graphql/ HTTP/1.1" 302 0
[2025-01-24 19:06:59,142] INFO [django.server:213] "GET /l HTTP/1.1" 200 9125
[2025-01-24 19:07:18,972] INFO [django.server:213] "GET /admin/ HTTP/1.1" 200 16579
[2025-01-24 19:07:30,043] INFO [django.server:213] "GET /graphql/ HTTP/1.1" 302 0
[2025-01-24 19:07:30,062] INFO [django.server:213] "GET /l HTTP/1.1" 200 9125
[2025-01-24 19:07:54,634] INFO [django.utils.autoreload:266] /home/sakib/Desktop/sakib/backend/backend/GraphQL/Employee-management-project/User/views.py changed, reloading.
[2025-01-24 19:07:55,409] INFO [django.utils.autoreload:668] Watching for file changes with StatReloader
[2025-01-24 19:07:56,569] INFO [django.utils.autoreload:266] /home/sakib/Desktop/sakib/backend/backend/GraphQL/Employee-management-project/User/views.py changed, reloading.
[2025-01-24 19:07:57,274] INFO [django.utils.autoreload:668] Watching for file changes with StatReloader
[2025-01-24 19:07:58,679] INFO [django.utils.autoreload:266] /home/sakib/Desktop/sakib/backend/backend/GraphQL/Employee-management-project/User/views.py changed, reloading.
[2025-01-24 19:07:59,363] INFO [django.utils.autoreload:668] Watching for file changes with StatReloader
[2025-01-24 19:08:00,802] INFO [django.server:213] "GET /l HTTP/1.1" 200 9125
[2025-01-24 19:08:07,272] INFO [django.server:213] "POST /graphql/ HTTP/1.1" 200 368
[2025-01-24 19:08:07,301] INFO [django.server:213] "GET /d HTTP/1.1" 200 9944
[2025-01-24 19:08:07,446] INFO [django.server:213] "GET /graphql/?query=%0A%20%20%20%20%20%20%20%20query%20%7B%0A%20%20%20%20%20%20%20%20%20%20%20%20allEmployee%20%7B%0A%20%20%20%20%20%20%20%20%20%20%20%20%20%20%20%20id%0A%20%20%20%20%20%20%20%20%20%20%20%20%20%20%20%20employeeId%0A%20%20%20%20%20%20%20%20%20%20%20%20%20%20%20%20address%0A%20%20%20%20%20%20%20%20%20%20%20%20%20%20%20%20user%20%7B%0A%20%20%20%20%20%20%20%20%20%20%20%20%20%20%20%20%20%20%20%20id%0A%20%20%20%20%20%20%20%20%20%20%20%20%20%20%20%20%20%20%20%20username%0A%20%20%20%20%20%20%20%20%20%20%20%20%20%20%20%20%20%20%20%20role%7B%0A%20%20%20%20%20%20%20%20%20%20%20%20%20%20%20%20%20%20%20%20name%0A%20%20%20%20%20%20%20%20%20%20%20%20%20%20%20%20%20%20%20%20%7D%0A%20%20%20%20%20%20%20%20%20%20%20%20%20%20%20%20%7D%0A%20%20%20%20%20%20%20%20%20%20%20%20%20%20%20%20department%20%7B%0A%20%20%20%20%20%20%20%20%20%20%20%20%20%20%20%20%20%20%20%20name%0A%20%20%20%20%20%20%20%20%20%20%20%20%20%20%20%20%7D%0A%20%20%20%20%20%20%20%20%20%20%20%20%7D%0A%20%20%20%20%20%20%20%20%7D%0A%20%20%20%20 HTTP/1.1" 200 953
[2025-01-24 19:08:20,424] INFO [django.server:213] "GET /d HTTP/1.1" 200 9944
[2025-01-24 19:08:20,517] INFO [django.server:213] "GET /graphql/?query=%0A%20%20%20%20%20%20%20%20query%20%7B%0A%20%20%20%20%20%20%20%20%20%20%20%20allEmployee%20%7B%0A%20%20%20%20%20%20%20%20%20%20%20%20%20%20%20%20id%0A%20%20%20%20%20%20%20%20%20%20%20%20%20%20%20%20employeeId%0A%20%20%20%20%20%20%20%20%20%20%20%20%20%20%20%20address%0A%20%20%20%20%20%20%20%20%20%20%20%20%20%20%20%20user%20%7B%0A%20%20%20%20%20%20%20%20%20%20%20%20%20%20%20%20%20%20%20%20id%0A%20%20%20%20%20%20%20%20%20%20%20%20%20%20%20%20%20%20%20%20username%0A%20%20%20%20%20%20%20%20%20%20%20%20%20%20%20%20%20%20%20%20role%7B%0A%20%20%20%20%20%20%20%20%20%20%20%20%20%20%20%20%20%20%20%20name%0A%20%20%20%20%20%20%20%20%20%20%20%20%20%20%20%20%20%20%20%20%7D%0A%20%20%20%20%20%20%20%20%20%20%20%20%20%20%20%20%7D%0A%20%20%20%20%20%20%20%20%20%20%20%20%20%20%20%20department%20%7B%0A%20%20%20%20%20%20%20%20%20%20%20%20%20%20%20%20%20%20%20%20name%0A%20%20%20%20%20%20%20%20%20%20%20%20%20%20%20%20%7D%0A%20%20%20%20%20%20%20%20%20%20%20%20%7D%0A%20%20%20%20%20%20%20%20%7D%0A%20%20%20%20 HTTP/1.1" 200 953
[2025-01-24 19:08:26,804] WARNING [django.request:248] Not Found: /graphql
[2025-01-24 19:08:26,805] WARNING [django.server:213] "GET /graphql HTTP/1.1" 404 4956
[2025-01-24 19:08:27,054] WARNING [django.request:248] Not Found: /graphql
[2025-01-24 19:08:27,055] WARNING [django.server:213] "GET /graphql HTTP/1.1" 404 4956
[2025-01-24 19:08:31,014] INFO [django.server:213] "GET /graphql/ HTTP/1.1" 200 2611
[2025-01-24 19:08:31,239] INFO [django.server:213] "POST /graphql/ HTTP/1.1" 200 56535
[2025-01-24 19:08:33,289] INFO [django.server:213] "POST /graphql/ HTTP/1.1" 200 184
[2025-01-24 19:10:20,183] INFO [django.utils.autoreload:266] /home/sakib/Desktop/sakib/backend/backend/GraphQL/Employee-management-project/company/mutation.py changed, reloading.
[2025-01-24 19:10:20,770] INFO [django.utils.autoreload:668] Watching for file changes with StatReloader
[2025-01-24 19:10:43,605] INFO [django.utils.autoreload:266] /home/sakib/Desktop/sakib/backend/backend/GraphQL/Employee-management-project/company/mutation.py changed, reloading.
[2025-01-24 19:10:44,239] INFO [django.utils.autoreload:668] Watching for file changes with StatReloader
[2025-01-24 19:10:52,818] INFO [django.utils.autoreload:266] /home/sakib/Desktop/sakib/backend/backend/GraphQL/Employee-management-project/company/mutation.py changed, reloading.
[2025-01-24 19:10:53,416] INFO [django.utils.autoreload:668] Watching for file changes with StatReloader
[2025-01-24 19:10:54,803] INFO [django.utils.autoreload:266] /home/sakib/Desktop/sakib/backend/backend/GraphQL/Employee-management-project/company/mutation.py changed, reloading.
[2025-01-24 19:10:55,475] INFO [django.utils.autoreload:668] Watching for file changes with StatReloader
[2025-01-24 19:10:58,879] INFO [django.utils.autoreload:266] /home/sakib/Desktop/sakib/backend/backend/GraphQL/Employee-management-project/company/mutation.py changed, reloading.
[2025-01-24 19:10:59,741] INFO [django.utils.autoreload:668] Watching for file changes with StatReloader
[2025-01-24 19:11:01,153] INFO [django.utils.autoreload:266] /home/sakib/Desktop/sakib/backend/backend/GraphQL/Employee-management-project/company/mutation.py changed, reloading.
[2025-01-24 19:11:01,745] INFO [django.utils.autoreload:668] Watching for file changes with StatReloader
[2025-01-24 19:11:06,627] INFO [django.server:213] "POST /graphql/ HTTP/1.1" 302 0
[2025-01-24 19:11:06,646] INFO [django.server:213] "GET /l HTTP/1.1" 200 9125
[2025-01-24 19:11:19,195] INFO [django.server:213] "GET /d HTTP/1.1" 200 9944
[2025-01-24 19:11:19,256] INFO [django.server:213] "GET /graphql/?query=%0A%20%20%20%20%20%20%20%20query%20%7B%0A%20%20%20%20%20%20%20%20%20%20%20%20allEmployee%20%7B%0A%20%20%20%20%20%20%20%20%20%20%20%20%20%20%20%20id%0A%20%20%20%20%20%20%20%20%20%20%20%20%20%20%20%20employeeId%0A%20%20%20%20%20%20%20%20%20%20%20%20%20%20%20%20address%0A%20%20%20%20%20%20%20%20%20%20%20%20%20%20%20%20user%20%7B%0A%20%20%20%20%20%20%20%20%20%20%20%20%20%20%20%20%20%20%20%20id%0A%20%20%20%20%20%20%20%20%20%20%20%20%20%20%20%20%20%20%20%20username%0A%20%20%20%20%20%20%20%20%20%20%20%20%20%20%20%20%20%20%20%20role%7B%0A%20%20%20%20%20%20%20%20%20%20%20%20%20%20%20%20%20%20%20%20name%0A%20%20%20%20%20%20%20%20%20%20%20%20%20%20%20%20%20%20%20%20%7D%0A%20%20%20%20%20%20%20%20%20%20%20%20%20%20%20%20%7D%0A%20%20%20%20%20%20%20%20%20%20%20%20%20%20%20%20department%20%7B%0A%20%20%20%20%20%20%20%20%20%20%20%20%20%20%20%20%20%20%20%20name%0A%20%20%20%20%20%20%20%20%20%20%20%20%20%20%20%20%7D%0A%20%20%20%20%20%20%20%20%20%20%20%20%7D%0A%20%20%20%20%20%20%20%20%7D%0A%20%20%20%20 HTTP/1.1" 302 0
[2025-01-24 19:11:19,265] INFO [django.server:213] "GET /l HTTP/1.1" 200 9125
[2025-01-24 19:11:23,768] INFO [django.server:213] "GET /admin/ HTTP/1.1" 200 16579
[2025-01-24 19:11:28,555] INFO [django.server:213] "GET /d HTTP/1.1" 200 9944
[2025-01-24 19:11:28,607] INFO [django.server:213] "GET /graphql/?query=%0A%20%20%20%20%20%20%20%20query%20%7B%0A%20%20%20%20%20%20%20%20%20%20%20%20allEmployee%20%7B%0A%20%20%20%20%20%20%20%20%20%20%20%20%20%20%20%20id%0A%20%20%20%20%20%20%20%20%20%20%20%20%20%20%20%20employeeId%0A%20%20%20%20%20%20%20%20%20%20%20%20%20%20%20%20address%0A%20%20%20%20%20%20%20%20%20%20%20%20%20%20%20%20user%20%7B%0A%20%20%20%20%20%20%20%20%20%20%20%20%20%20%20%20%20%20%20%20id%0A%20%20%20%20%20%20%20%20%20%20%20%20%20%20%20%20%20%20%20%20username%0A%20%20%20%20%20%20%20%20%20%20%20%20%20%20%20%20%20%20%20%20role%7B%0A%20%20%20%20%20%20%20%20%20%20%20%20%20%20%20%20%20%20%20%20name%0A%20%20%20%20%20%20%20%20%20%20%20%20%20%20%20%20%20%20%20%20%7D%0A%20%20%20%20%20%20%20%20%20%20%20%20%20%20%20%20%7D%0A%20%20%20%20%20%20%20%20%20%20%20%20%20%20%20%20department%20%7B%0A%20%20%20%20%20%20%20%20%20%20%20%20%20%20%20%20%20%20%20%20name%0A%20%20%20%20%20%20%20%20%20%20%20%20%20%20%20%20%7D%0A%20%20%20%20%20%20%20%20%20%20%20%20%7D%0A%20%20%20%20%20%20%20%20%7D%0A%20%20%20%20 HTTP/1.1" 302 0
[2025-01-24 19:11:28,618] INFO [django.server:213] "GET /l HTTP/1.1" 200 9125
[2025-01-24 19:11:31,414] INFO [django.server:213] "GET /l HTTP/1.1" 200 9125
[2025-01-24 19:11:38,170] INFO [django.server:213] "POST /graphql/ HTTP/1.1" 200 368
[2025-01-24 19:11:38,196] INFO [django.server:213] "GET /d HTTP/1.1" 200 9944
[2025-01-24 19:11:38,295] INFO [django.server:213] "GET /graphql/?query=%0A%20%20%20%20%20%20%20%20query%20%7B%0A%20%20%20%20%20%20%20%20%20%20%20%20allEmployee%20%7B%0A%20%20%20%20%20%20%20%20%20%20%20%20%20%20%20%20id%0A%20%20%20%20%20%20%20%20%20%20%20%20%20%20%20%20employeeId%0A%20%20%20%20%20%20%20%20%20%20%20%20%20%20%20%20address%0A%20%20%20%20%20%20%20%20%20%20%20%20%20%20%20%20user%20%7B%0A%20%20%20%20%20%20%20%20%20%20%20%20%20%20%20%20%20%20%20%20id%0A%20%20%20%20%20%20%20%20%20%20%20%20%20%20%20%20%20%20%20%20username%0A%20%20%20%20%20%20%20%20%20%20%20%20%20%20%20%20%20%20%20%20role%7B%0A%20%20%20%20%20%20%20%20%20%20%20%20%20%20%20%20%20%20%20%20name%0A%20%20%20%20%20%20%20%20%20%20%20%20%20%20%20%20%20%20%20%20%7D%0A%20%20%20%20%20%20%20%20%20%20%20%20%20%20%20%20%7D%0A%20%20%20%20%20%20%20%20%20%20%20%20%20%20%20%20department%20%7B%0A%20%20%20%20%20%20%20%20%20%20%20%20%20%20%20%20%20%20%20%20name%0A%20%20%20%20%20%20%20%20%20%20%20%20%20%20%20%20%7D%0A%20%20%20%20%20%20%20%20%20%20%20%20%7D%0A%20%20%20%20%20%20%20%20%7D%0A%20%20%20%20 HTTP/1.1" 200 953
[2025-01-24 19:11:45,863] INFO [django.server:213] "GET /graphql/ HTTP/1.1" 200 2611
[2025-01-24 19:11:46,053] INFO [django.server:213] "POST /graphql/ HTTP/1.1" 200 56535
[2025-01-24 19:11:47,258] INFO [django.server:213] "POST /graphql/ HTTP/1.1" 200 143
[2025-01-24 19:12:02,200] INFO [django.server:213] "GET /admin/User/customuser/ HTTP/1.1" 200 17780
[2025-01-24 19:12:02,258] INFO [django.server:213] "GET /static/admin/js/jquery.init.js HTTP/1.1" 200 347
[2025-01-24 19:12:02,258] INFO [django.server:213] "GET /static/admin/js/core.js HTTP/1.1" 200 6208
[2025-01-24 19:12:02,259] INFO [django.server:213] "GET /static/admin/css/changelists.css HTTP/1.1" 200 6878
[2025-01-24 19:12:02,261] INFO [django.server:213] "GET /static/admin/js/admin/RelatedObjectLookups.js HTTP/1.1" 200 9097
[2025-01-24 19:12:02,269] INFO [django.server:213] "GET /static/admin/js/prepopulate.js HTTP/1.1" 200 1531
[2025-01-24 19:12:02,270] INFO [django.server:213] "GET /static/admin/js/urlify.js HTTP/1.1" 200 7887
[2025-01-24 19:12:02,271] INFO [django.server:213] "GET /admin/jsi18n/ HTTP/1.1" 200 3342
[2025-01-24 19:12:02,271] INFO [django.server:213] "GET /static/admin/js/actions.js HTTP/1.1" 200 8076
[2025-01-24 19:12:02,275] INFO [django.server:213] "GET /static/admin/js/vendor/jquery/jquery.js HTTP/1.1" 200 285314
[2025-01-24 19:12:02,277] INFO [django.server:213] "GET /static/admin/js/vendor/xregexp/xregexp.js HTTP/1.1" 200 325171
[2025-01-24 19:12:02,280] INFO [django.server:213] "GET /static/admin/img/search.svg HTTP/1.1" 200 458
[2025-01-24 19:12:02,325] INFO [django.server:213] "GET /static/admin/js/filters.js HTTP/1.1" 200 978
[2025-01-24 19:12:02,356] INFO [django.server:213] "GET /static/admin/img/tooltag-add.svg HTTP/1.1" 200 331
[2025-01-24 19:12:02,362] INFO [django.server:213] "GET /static/admin/img/icon-viewlink.svg HTTP/1.1" 200 581
[2025-01-24 19:12:27,734] INFO [django.utils.autoreload:266] /home/sakib/Desktop/sakib/backend/backend/GraphQL/Employee-management-project/company/mutation.py changed, reloading.
[2025-01-24 19:12:28,383] INFO [django.utils.autoreload:668] Watching for file changes with StatReloader
[2025-01-24 19:12:31,486] INFO [django.server:213] "POST /graphql/ HTTP/1.1" 200 184
[2025-01-24 19:12:47,392] INFO [django.server:213] "GET /d HTTP/1.1" 200 9944
[2025-01-24 19:12:47,433] INFO [django.server:213] "GET /graphql/?query=%0A%20%20%20%20%20%20%20%20query%20%7B%0A%20%20%20%20%20%20%20%20%20%20%20%20allEmployee%20%7B%0A%20%20%20%20%20%20%20%20%20%20%20%20%20%20%20%20id%0A%20%20%20%20%20%20%20%20%20%20%20%20%20%20%20%20employeeId%0A%20%20%20%20%20%20%20%20%20%20%20%20%20%20%20%20address%0A%20%20%20%20%20%20%20%20%20%20%20%20%20%20%20%20user%20%7B%0A%20%20%20%20%20%20%20%20%20%20%20%20%20%20%20%20%20%20%20%20id%0A%20%20%20%20%20%20%20%20%20%20%20%20%20%20%20%20%20%20%20%20username%0A%20%20%20%20%20%20%20%20%20%20%20%20%20%20%20%20%20%20%20%20role%7B%0A%20%20%20%20%20%20%20%20%20%20%20%20%20%20%20%20%20%20%20%20name%0A%20%20%20%20%20%20%20%20%20%20%20%20%20%20%20%20%20%20%20%20%7D%0A%20%20%20%20%20%20%20%20%20%20%20%20%20%20%20%20%7D%0A%20%20%20%20%20%20%20%20%20%20%20%20%20%20%20%20department%20%7B%0A%20%20%20%20%20%20%20%20%20%20%20%20%20%20%20%20%20%20%20%20name%0A%20%20%20%20%20%20%20%20%20%20%20%20%20%20%20%20%7D%0A%20%20%20%20%20%20%20%20%20%20%20%20%7D%0A%20%20%20%20%20%20%20%20%7D%0A%20%20%20%20 HTTP/1.1" 302 0
[2025-01-24 19:12:47,486] INFO [django.server:213] "GET /l HTTP/1.1" 200 9125
[2025-01-24 19:12:48,307] INFO [django.server:213] "GET /d HTTP/1.1" 200 9944
[2025-01-24 19:12:48,352] INFO [django.server:213] "GET /graphql/?query=%0A%20%20%20%20%20%20%20%20query%20%7B%0A%20%20%20%20%20%20%20%20%20%20%20%20allEmployee%20%7B%0A%20%20%20%20%20%20%20%20%20%20%20%20%20%20%20%20id%0A%20%20%20%20%20%20%20%20%20%20%20%20%20%20%20%20employeeId%0A%20%20%20%20%20%20%20%20%20%20%20%20%20%20%20%20address%0A%20%20%20%20%20%20%20%20%20%20%20%20%20%20%20%20user%20%7B%0A%20%20%20%20%20%20%20%20%20%20%20%20%20%20%20%20%20%20%20%20id%0A%20%20%20%20%20%20%20%20%20%20%20%20%20%20%20%20%20%20%20%20username%0A%20%20%20%20%20%20%20%20%20%20%20%20%20%20%20%20%20%20%20%20role%7B%0A%20%20%20%20%20%20%20%20%20%20%20%20%20%20%20%20%20%20%20%20name%0A%20%20%20%20%20%20%20%20%20%20%20%20%20%20%20%20%20%20%20%20%7D%0A%20%20%20%20%20%20%20%20%20%20%20%20%20%20%20%20%7D%0A%20%20%20%20%20%20%20%20%20%20%20%20%20%20%20%20department%20%7B%0A%20%20%20%20%20%20%20%20%20%20%20%20%20%20%20%20%20%20%20%20name%0A%20%20%20%20%20%20%20%20%20%20%20%20%20%20%20%20%7D%0A%20%20%20%20%20%20%20%20%20%20%20%20%7D%0A%20%20%20%20%20%20%20%20%7D%0A%20%20%20%20 HTTP/1.1" 302 0
[2025-01-24 19:12:48,362] INFO [django.server:213] "GET /l HTTP/1.1" 200 9125
[2025-01-24 19:12:53,337] INFO [django.server:213] "GET /d HTTP/1.1" 200 9944
[2025-01-24 19:12:53,379] INFO [django.server:213] "GET /graphql/?query=%0A%20%20%20%20%20%20%20%20query%20%7B%0A%20%20%20%20%20%20%20%20%20%20%20%20allEmployee%20%7B%0A%20%20%20%20%20%20%20%20%20%20%20%20%20%20%20%20id%0A%20%20%20%20%20%20%20%20%20%20%20%20%20%20%20%20employeeId%0A%20%20%20%20%20%20%20%20%20%20%20%20%20%20%20%20address%0A%20%20%20%20%20%20%20%20%20%20%20%20%20%20%20%20user%20%7B%0A%20%20%20%20%20%20%20%20%20%20%20%20%20%20%20%20%20%20%20%20id%0A%20%20%20%20%20%20%20%20%20%20%20%20%20%20%20%20%20%20%20%20username%0A%20%20%20%20%20%20%20%20%20%20%20%20%20%20%20%20%20%20%20%20role%7B%0A%20%20%20%20%20%20%20%20%20%20%20%20%20%20%20%20%20%20%20%20name%0A%20%20%20%20%20%20%20%20%20%20%20%20%20%20%20%20%20%20%20%20%7D%0A%20%20%20%20%20%20%20%20%20%20%20%20%20%20%20%20%7D%0A%20%20%20%20%20%20%20%20%20%20%20%20%20%20%20%20department%20%7B%0A%20%20%20%20%20%20%20%20%20%20%20%20%20%20%20%20%20%20%20%20name%0A%20%20%20%20%20%20%20%20%20%20%20%20%20%20%20%20%7D%0A%20%20%20%20%20%20%20%20%20%20%20%20%7D%0A%20%20%20%20%20%20%20%20%7D%0A%20%20%20%20 HTTP/1.1" 302 0
[2025-01-24 19:12:53,431] INFO [django.server:213] "GET /l HTTP/1.1" 200 9125
[2025-01-24 19:12:56,735] INFO [django.server:213] "GET /l HTTP/1.1" 200 9125
[2025-01-24 19:13:03,158] INFO [django.server:213] "POST /graphql/ HTTP/1.1" 200 368
[2025-01-24 19:13:03,189] INFO [django.server:213] "GET /d HTTP/1.1" 200 9944
[2025-01-24 19:13:03,324] INFO [django.server:213] "GET /graphql/?query=%0A%20%20%20%20%20%20%20%20query%20%7B%0A%20%20%20%20%20%20%20%20%20%20%20%20allEmployee%20%7B%0A%20%20%20%20%20%20%20%20%20%20%20%20%20%20%20%20id%0A%20%20%20%20%20%20%20%20%20%20%20%20%20%20%20%20employeeId%0A%20%20%20%20%20%20%20%20%20%20%20%20%20%20%20%20address%0A%20%20%20%20%20%20%20%20%20%20%20%20%20%20%20%20user%20%7B%0A%20%20%20%20%20%20%20%20%20%20%20%20%20%20%20%20%20%20%20%20id%0A%20%20%20%20%20%20%20%20%20%20%20%20%20%20%20%20%20%20%20%20username%0A%20%20%20%20%20%20%20%20%20%20%20%20%20%20%20%20%20%20%20%20role%7B%0A%20%20%20%20%20%20%20%20%20%20%20%20%20%20%20%20%20%20%20%20name%0A%20%20%20%20%20%20%20%20%20%20%20%20%20%20%20%20%20%20%20%20%7D%0A%20%20%20%20%20%20%20%20%20%20%20%20%20%20%20%20%7D%0A%20%20%20%20%20%20%20%20%20%20%20%20%20%20%20%20department%20%7B%0A%20%20%20%20%20%20%20%20%20%20%20%20%20%20%20%20%20%20%20%20name%0A%20%20%20%20%20%20%20%20%20%20%20%20%20%20%20%20%7D%0A%20%20%20%20%20%20%20%20%20%20%20%20%7D%0A%20%20%20%20%20%20%20%20%7D%0A%20%20%20%20 HTTP/1.1" 200 953
[2025-01-24 19:14:01,469] INFO [django.utils.autoreload:266] /home/sakib/Desktop/sakib/backend/backend/GraphQL/Employee-management-project/EmployeeManagement/urls.py changed, reloading.
[2025-01-24 19:14:02,073] INFO [django.utils.autoreload:668] Watching for file changes with StatReloader
[2025-01-24 19:14:05,415] INFO [django.server:213] "GET /graphql/ HTTP/1.1" 200 2611
[2025-01-24 19:14:05,621] INFO [django.server:213] "POST /graphql/ HTTP/1.1" 200 56535
[2025-01-24 19:14:06,859] INFO [django.server:213] "GET /graphql/ HTTP/1.1" 200 2611
[2025-01-24 19:14:06,996] INFO [django.server:213] "POST /graphql/ HTTP/1.1" 200 56535
[2025-01-24 19:14:07,781] INFO [django.server:213] "GET /graphql/ HTTP/1.1" 200 2611
[2025-01-24 19:14:07,911] INFO [django.server:213] "POST /graphql/ HTTP/1.1" 200 56535
[2025-01-24 19:14:10,296] INFO [django.server:213] "GET /admin/User/customuser/ HTTP/1.1" 200 17780
[2025-01-24 19:14:10,330] INFO [django.server:213] "GET /admin/jsi18n/ HTTP/1.1" 200 3342
[2025-01-24 19:14:12,366] INFO [django.server:213] "GET /d HTTP/1.1" 200 9944
[2025-01-24 19:14:12,447] INFO [django.server:213] "GET /graphql/?query=%0A%20%20%20%20%20%20%20%20query%20%7B%0A%20%20%20%20%20%20%20%20%20%20%20%20allEmployee%20%7B%0A%20%20%20%20%20%20%20%20%20%20%20%20%20%20%20%20id%0A%20%20%20%20%20%20%20%20%20%20%20%20%20%20%20%20employeeId%0A%20%20%20%20%20%20%20%20%20%20%20%20%20%20%20%20address%0A%20%20%20%20%20%20%20%20%20%20%20%20%20%20%20%20user%20%7B%0A%20%20%20%20%20%20%20%20%20%20%20%20%20%20%20%20%20%20%20%20id%0A%20%20%20%20%20%20%20%20%20%20%20%20%20%20%20%20%20%20%20%20username%0A%20%20%20%20%20%20%20%20%20%20%20%20%20%20%20%20%20%20%20%20role%7B%0A%20%20%20%20%20%20%20%20%20%20%20%20%20%20%20%20%20%20%20%20name%0A%20%20%20%20%20%20%20%20%20%20%20%20%20%20%20%20%20%20%20%20%7D%0A%20%20%20%20%20%20%20%20%20%20%20%20%20%20%20%20%7D%0A%20%20%20%20%20%20%20%20%20%20%20%20%20%20%20%20department%20%7B%0A%20%20%20%20%20%20%20%20%20%20%20%20%20%20%20%20%20%20%20%20name%0A%20%20%20%20%20%20%20%20%20%20%20%20%20%20%20%20%7D%0A%20%20%20%20%20%20%20%20%20%20%20%20%7D%0A%20%20%20%20%20%20%20%20%7D%0A%20%20%20%20 HTTP/1.1" 200 953
[2025-01-24 19:14:19,148] INFO [django.server:213] "GET /graphql/ HTTP/1.1" 200 2611
[2025-01-24 19:14:19,279] INFO [django.server:213] "POST /graphql/ HTTP/1.1" 200 56535
[2025-01-24 19:14:20,606] INFO [django.server:213] "POST /graphql/ HTTP/1.1" 200 184
[2025-01-24 19:17:18,801] INFO [django.utils.autoreload:266] /home/sakib/Desktop/sakib/backend/backend/GraphQL/Employee-management-project/company/type.py changed, reloading.
[2025-01-24 19:17:19,373] INFO [django.utils.autoreload:668] Watching for file changes with StatReloader
[2025-01-24 19:17:31,678] INFO [django.utils.autoreload:266] /home/sakib/Desktop/sakib/backend/backend/GraphQL/Employee-management-project/company/type.py changed, reloading.
[2025-01-24 19:17:32,250] INFO [django.utils.autoreload:668] Watching for file changes with StatReloader
[2025-01-24 19:17:33,402] INFO [django.utils.autoreload:266] /home/sakib/Desktop/sakib/backend/backend/GraphQL/Employee-management-project/company/type.py changed, reloading.
[2025-01-24 19:17:33,921] INFO [django.utils.autoreload:668] Watching for file changes with StatReloader
[2025-01-24 19:17:37,110] INFO [django.utils.autoreload:266] /home/sakib/Desktop/sakib/backend/backend/GraphQL/Employee-management-project/company/type.py changed, reloading.
[2025-01-24 19:17:37,651] INFO [django.utils.autoreload:668] Watching for file changes with StatReloader
[2025-01-24 19:17:48,124] INFO [django.utils.autoreload:266] /home/sakib/Desktop/sakib/backend/backend/GraphQL/Employee-management-project/company/type.py changed, reloading.
[2025-01-24 19:17:48,726] INFO [django.utils.autoreload:668] Watching for file changes with StatReloader
[2025-01-24 19:17:49,888] INFO [django.utils.autoreload:266] /home/sakib/Desktop/sakib/backend/backend/GraphQL/Employee-management-project/company/type.py changed, reloading.
[2025-01-24 19:17:50,421] INFO [django.utils.autoreload:668] Watching for file changes with StatReloader
[2025-01-24 19:17:52,581] INFO [django.utils.autoreload:266] /home/sakib/Desktop/sakib/backend/backend/GraphQL/Employee-management-project/company/type.py changed, reloading.
[2025-01-24 19:17:53,080] INFO [django.utils.autoreload:668] Watching for file changes with StatReloader
[2025-01-24 19:17:56,239] INFO [django.utils.autoreload:266] /home/sakib/Desktop/sakib/backend/backend/GraphQL/Employee-management-project/company/type.py changed, reloading.
[2025-01-24 19:17:56,824] INFO [django.utils.autoreload:668] Watching for file changes with StatReloader
[2025-01-24 19:18:01,103] INFO [django.utils.autoreload:266] /home/sakib/Desktop/sakib/backend/backend/GraphQL/Employee-management-project/company/type.py changed, reloading.
[2025-01-24 19:18:01,722] INFO [django.utils.autoreload:668] Watching for file changes with StatReloader
[2025-01-24 19:18:02,891] INFO [django.utils.autoreload:266] /home/sakib/Desktop/sakib/backend/backend/GraphQL/Employee-management-project/company/type.py changed, reloading.
[2025-01-24 19:18:03,494] INFO [django.utils.autoreload:668] Watching for file changes with StatReloader
[2025-01-24 19:18:07,766] INFO [django.utils.autoreload:266] /home/sakib/Desktop/sakib/backend/backend/GraphQL/Employee-management-project/company/type.py changed, reloading.
[2025-01-24 19:18:08,345] INFO [django.utils.autoreload:668] Watching for file changes with StatReloader
[2025-01-24 19:18:14,560] INFO [django.utils.autoreload:266] /home/sakib/Desktop/sakib/backend/backend/GraphQL/Employee-management-project/company/type.py changed, reloading.
[2025-01-24 19:18:15,154] INFO [django.utils.autoreload:668] Watching for file changes with StatReloader
[2025-01-24 19:18:27,454] INFO [django.utils.autoreload:266] /home/sakib/Desktop/sakib/backend/backend/GraphQL/Employee-management-project/company/type.py changed, reloading.
[2025-01-24 19:18:28,008] INFO [django.utils.autoreload:668] Watching for file changes with StatReloader
[2025-01-24 19:18:29,149] INFO [django.utils.autoreload:266] /home/sakib/Desktop/sakib/backend/backend/GraphQL/Employee-management-project/company/type.py changed, reloading.
[2025-01-24 19:18:29,691] INFO [django.utils.autoreload:668] Watching for file changes with StatReloader
[2025-01-24 19:18:35,907] INFO [django.utils.autoreload:266] /home/sakib/Desktop/sakib/backend/backend/GraphQL/Employee-management-project/company/type.py changed, reloading.
[2025-01-24 19:18:36,502] INFO [django.utils.autoreload:668] Watching for file changes with StatReloader
[2025-01-24 19:18:44,178] INFO [django.server:213] "GET /graphql/ HTTP/1.1" 200 2611
[2025-01-24 19:18:44,364] INFO [django.server:213] "POST /graphql/ HTTP/1.1" 200 56687
[2025-01-24 19:18:45,706] INFO [django.server:213] "POST /graphql/ HTTP/1.1" 200 184
[2025-01-24 19:19:59,236] INFO [django.utils.autoreload:266] /home/sakib/Desktop/sakib/backend/backend/GraphQL/Employee-management-project/company/mutation.py changed, reloading.
[2025-01-24 19:19:59,849] INFO [django.utils.autoreload:668] Watching for file changes with StatReloader
[2025-01-24 19:23:06,360] INFO [django.server:213] "GET /admin/company/manager/ HTTP/1.1" 200 14141
[2025-01-24 19:23:06,394] INFO [django.server:213] "GET /static/admin/css/base.css HTTP/1.1" 304 0
[2025-01-24 19:23:06,409] INFO [django.server:213] "GET /static/admin/css/nav_sidebar.css HTTP/1.1" 304 0
[2025-01-24 19:23:06,410] INFO [django.server:213] "GET /static/admin/js/theme.js HTTP/1.1" 304 0
[2025-01-24 19:23:06,410] INFO [django.server:213] "GET /static/admin/css/dark_mode.css HTTP/1.1" 304 0
[2025-01-24 19:23:06,412] INFO [django.server:213] "GET /static/admin/css/changelists.css HTTP/1.1" 304 0
[2025-01-24 19:23:06,414] INFO [django.server:213] "GET /static/admin/css/responsive.css HTTP/1.1" 304 0
[2025-01-24 19:23:06,417] INFO [django.server:213] "GET /static/admin/js/vendor/jquery/jquery.js HTTP/1.1" 304 0
[2025-01-24 19:23:06,418] INFO [django.server:213] "GET /static/admin/js/core.js HTTP/1.1" 304 0
[2025-01-24 19:23:06,418] INFO [django.server:213] "GET /static/admin/js/jquery.init.js HTTP/1.1" 304 0
[2025-01-24 19:23:06,424] INFO [django.server:213] "GET /admin/jsi18n/ HTTP/1.1" 200 3342
[2025-01-24 19:23:06,427] INFO [django.server:213] "GET /static/admin/js/admin/RelatedObjectLookups.js HTTP/1.1" 304 0
[2025-01-24 19:23:06,438] INFO [django.server:213] "GET /static/admin/js/actions.js HTTP/1.1" 304 0
[2025-01-24 19:23:06,459] INFO [django.server:213] "GET /static/admin/js/urlify.js HTTP/1.1" 304 0
[2025-01-24 19:23:06,463] INFO [django.server:213] "GET /static/admin/js/prepopulate.js HTTP/1.1" 304 0
[2025-01-24 19:23:06,465] INFO [django.server:213] "GET /static/admin/js/vendor/xregexp/xregexp.js HTTP/1.1" 304 0
[2025-01-24 19:23:06,514] INFO [django.server:213] "GET /static/admin/js/nav_sidebar.js HTTP/1.1" 304 0
[2025-01-24 19:23:06,517] INFO [django.server:213] "GET /static/admin/js/filters.js HTTP/1.1" 304 0
[2025-01-24 19:23:06,532] INFO [django.server:213] "GET /static/admin/img/icon-addlink.svg HTTP/1.1" 304 0
[2025-01-24 19:23:06,533] INFO [django.server:213] "GET /static/admin/img/tooltag-add.svg HTTP/1.1" 304 0
[2025-01-24 19:23:08,381] INFO [django.server:213] "GET /admin/company/manager/4/change/ HTTP/1.1" 200 17041
[2025-01-24 19:23:08,431] INFO [django.server:213] "GET /static/admin/css/forms.css HTTP/1.1" 200 8710
[2025-01-24 19:23:08,431] INFO [django.server:213] "GET /static/admin/js/prepopulate_init.js HTTP/1.1" 200 586
[2025-01-24 19:23:08,436] INFO [django.server:213] "GET /admin/jsi18n/ HTTP/1.1" 200 3342
[2025-01-24 19:23:08,443] INFO [django.server:213] "GET /static/admin/img/icon-changelink.svg HTTP/1.1" 304 0
[2025-01-24 19:23:08,480] INFO [django.server:213] "GET /static/admin/css/widgets.css HTTP/1.1" 200 11564
[2025-01-24 19:23:08,492] INFO [django.server:213] "GET /static/admin/js/change_form.js HTTP/1.1" 200 606
[2025-01-24 19:23:16,320] INFO [django.server:213] "GET /admin/company/manager/ HTTP/1.1" 200 14141
[2025-01-24 19:23:31,768] INFO [django.utils.autoreload:266] /home/sakib/Desktop/sakib/backend/backend/GraphQL/Employee-management-project/company/mutation.py changed, reloading.
[2025-01-24 19:23:32,369] INFO [django.utils.autoreload:668] Watching for file changes with StatReloader
[2025-01-24 19:23:46,432] INFO [django.server:213] "GET /admin/User/customuser/ HTTP/1.1" 200 17780
[2025-01-24 19:23:46,475] INFO [django.server:213] "GET /admin/jsi18n/ HTTP/1.1" 200 3342
[2025-01-24 19:23:54,791] INFO [django.server:213] "GET /admin/company/manager/ HTTP/1.1" 200 14141
[2025-01-24 19:23:54,831] INFO [django.server:213] "GET /admin/jsi18n/ HTTP/1.1" 200 3342
[2025-01-24 19:23:59,764] INFO [django.server:213] "POST /admin/company/manager/ HTTP/1.1" 200 12936
[2025-01-24 19:23:59,789] INFO [django.server:213] "GET /static/admin/js/cancel.js HTTP/1.1" 304 0
[2025-01-24 19:24:00,967] INFO [django.server:213] "POST /admin/company/manager/ HTTP/1.1" 302 0
[2025-01-24 19:24:00,998] INFO [django.server:213] "GET /admin/company/manager/ HTTP/1.1" 200 12738
[2025-01-24 19:24:01,075] INFO [django.server:213] "GET /admin/jsi18n/ HTTP/1.1" 200 3342
[2025-01-24 19:24:01,145] INFO [django.server:213] "GET /static/admin/img/icon-yes.svg HTTP/1.1" 304 0
[2025-01-24 19:24:06,430] INFO [django.server:213] "GET /admin/User/customuser/ HTTP/1.1" 200 17780
[2025-01-24 19:24:06,471] INFO [django.server:213] "GET /admin/jsi18n/ HTTP/1.1" 200 3342
[2025-01-24 19:24:09,293] INFO [django.server:213] "GET /admin/User/customuser/ HTTP/1.1" 200 17780
[2025-01-24 19:24:09,328] INFO [django.server:213] "GET /admin/jsi18n/ HTTP/1.1" 200 3342
[2025-01-24 19:24:25,121] INFO [django.server:213] "POST /graphql/ HTTP/1.1" 200 184
[2025-01-24 19:25:36,632] INFO [django.server:213] "POST /graphql/ HTTP/1.1" 200 228
[2025-01-24 19:27:37,709] INFO [django.utils.autoreload:266] /home/sakib/Desktop/sakib/backend/backend/GraphQL/Employee-management-project/company/mutation.py changed, reloading.
[2025-01-24 19:27:38,308] INFO [django.utils.autoreload:668] Watching for file changes with StatReloader
[2025-01-24 19:27:39,891] INFO [django.server:213] "GET /graphql/ HTTP/1.1" 200 2611
[2025-01-24 19:27:40,077] INFO [django.server:213] "POST /graphql/ HTTP/1.1" 200 56687
[2025-01-24 19:27:40,897] INFO [django.server:213] "POST /graphql/ HTTP/1.1" 200 127
[2025-01-24 19:27:53,678] INFO [django.server:213] "GET /admin/company/manager/ HTTP/1.1" 200 13877
[2025-01-24 19:27:53,719] INFO [django.server:213] "GET /admin/jsi18n/ HTTP/1.1" 200 3342
[2025-01-24 19:27:59,197] INFO [django.server:213] "POST /admin/company/manager/ HTTP/1.1" 200 12657
[2025-01-24 19:27:59,226] INFO [django.server:213] "GET /static/admin/js/cancel.js HTTP/1.1" 200 884
[2025-01-24 19:28:00,165] INFO [django.server:213] "POST /admin/company/manager/ HTTP/1.1" 302 0
[2025-01-24 19:28:00,194] INFO [django.server:213] "GET /admin/company/manager/ HTTP/1.1" 200 12737
[2025-01-24 19:28:00,264] INFO [django.server:213] "GET /admin/jsi18n/ HTTP/1.1" 200 3342
[2025-01-24 19:28:00,320] INFO [django.server:213] "GET /static/admin/img/icon-yes.svg HTTP/1.1" 200 436
[2025-01-24 19:28:03,226] INFO [django.server:213] "POST /graphql/ HTTP/1.1" 200 173
[2025-01-24 19:28:17,777] INFO [django.server:213] "POST /graphql/ HTTP/1.1" 200 127
[2025-01-24 19:29:55,049] INFO [django.utils.autoreload:266] /home/sakib/Desktop/sakib/backend/backend/GraphQL/Employee-management-project/company/mutation.py changed, reloading.
[2025-01-24 19:29:55,777] INFO [django.utils.autoreload:668] Watching for file changes with StatReloader
[2025-01-24 19:29:58,975] INFO [django.utils.autoreload:266] /home/sakib/Desktop/sakib/backend/backend/GraphQL/Employee-management-project/company/mutation.py changed, reloading.
[2025-01-24 19:29:59,653] INFO [django.utils.autoreload:668] Watching for file changes with StatReloader
[2025-01-24 19:30:01,713] INFO [django.server:213] "POST /graphql/ HTTP/1.1" 200 99
[2025-01-24 19:30:59,347] INFO [django.server:213] "POST /graphql/ HTTP/1.1" 200 56687
[2025-01-24 19:30:59,347] INFO [django.server:213] "POST /graphql/ HTTP/1.1" 200 56687
[2025-01-24 19:30:59,519] INFO [django.server:213] "POST /graphql/ HTTP/1.1" 200 56687
[2025-01-24 19:30:59,562] INFO [django.server:213] "POST /graphql/ HTTP/1.1" 200 56687
[2025-01-24 19:31:02,985] INFO [django.utils.autoreload:266] /home/sakib/Desktop/sakib/backend/backend/GraphQL/Employee-management-project/company/mutation.py changed, reloading.
[2025-01-24 19:31:03,658] INFO [django.utils.autoreload:668] Watching for file changes with StatReloader
[2025-01-24 19:31:06,047] INFO [django.utils.autoreload:266] /home/sakib/Desktop/sakib/backend/backend/GraphQL/Employee-management-project/company/mutation.py changed, reloading.
[2025-01-24 19:31:06,619] INFO [django.utils.autoreload:668] Watching for file changes with StatReloader
[2025-01-24 19:31:08,999] INFO [django.utils.autoreload:266] /home/sakib/Desktop/sakib/backend/backend/GraphQL/Employee-management-project/company/mutation.py changed, reloading.
[2025-01-24 19:31:09,539] INFO [django.utils.autoreload:668] Watching for file changes with StatReloader
[2025-01-24 19:31:51,861] INFO [django.server:213] "GET /admin/company/manager/ HTTP/1.1" 200 13877
[2025-01-24 19:31:51,903] INFO [django.server:213] "GET /admin/jsi18n/ HTTP/1.1" 200 3342
[2025-01-24 19:32:18,117] INFO [django.server:213] "POST /graphql/ HTTP/1.1" 200 180
[2025-01-24 19:32:42,735] INFO [django.server:213] "POST /graphql/ HTTP/1.1" 200 194
[2025-01-24 19:32:50,943] INFO [django.server:213] "POST /graphql/ HTTP/1.1" 200 195
[2025-01-24 19:34:09,765] INFO [django.utils.autoreload:266] /home/sakib/Desktop/sakib/backend/backend/GraphQL/Employee-management-project/company/schema_company.py changed, reloading.
[2025-01-24 19:34:10,324] INFO [django.utils.autoreload:668] Watching for file changes with StatReloader
[2025-01-24 19:34:14,659] INFO [django.utils.autoreload:266] /home/sakib/Desktop/sakib/backend/backend/GraphQL/Employee-management-project/company/schema_company.py changed, reloading.
[2025-01-24 19:34:15,222] INFO [django.utils.autoreload:668] Watching for file changes with StatReloader
[2025-01-24 19:34:54,857] INFO [django.server:213] "GET /graphql/ HTTP/1.1" 200 2611
[2025-01-24 19:34:55,059] INFO [django.server:213] "POST /graphql/ HTTP/1.1" 200 56693
[2025-01-24 19:35:19,992] INFO [django.server:213] "POST /graphql/ HTTP/1.1" 200 200
[2025-01-24 19:35:44,999] INFO [django.utils.autoreload:266] /home/sakib/Desktop/sakib/backend/backend/GraphQL/Employee-management-project/company/mutation.py changed, reloading.
[2025-01-24 19:35:45,561] INFO [django.utils.autoreload:668] Watching for file changes with StatReloader
[2025-01-24 19:35:51,952] INFO [django.utils.autoreload:266] /home/sakib/Desktop/sakib/backend/backend/GraphQL/Employee-management-project/company/mutation.py changed, reloading.
[2025-01-24 19:35:52,488] INFO [django.utils.autoreload:668] Watching for file changes with StatReloader
[2025-01-24 19:35:59,749] INFO [django.utils.autoreload:266] /home/sakib/Desktop/sakib/backend/backend/GraphQL/Employee-management-project/company/mutation.py changed, reloading.
[2025-01-24 19:36:00,440] INFO [django.utils.autoreload:668] Watching for file changes with StatReloader
[2025-01-24 19:36:07,863] INFO [django.utils.autoreload:266] /home/sakib/Desktop/sakib/backend/backend/GraphQL/Employee-management-project/company/mutation.py changed, reloading.
[2025-01-24 19:36:08,439] INFO [django.utils.autoreload:668] Watching for file changes with StatReloader
[2025-01-24 19:36:12,797] INFO [django.utils.autoreload:266] /home/sakib/Desktop/sakib/backend/backend/GraphQL/Employee-management-project/company/mutation.py changed, reloading.
[2025-01-24 19:36:13,346] INFO [django.utils.autoreload:668] Watching for file changes with StatReloader
[2025-01-24 19:47:12,294] INFO [django.server:213] "POST /graphql/ HTTP/1.1" 200 36
[2025-01-24 19:47:36,762] INFO [django.server:213] "POST /graphql/ HTTP/1.1" 200 63
[2025-01-24 19:47:54,680] INFO [django.utils.autoreload:266] /home/sakib/Desktop/sakib/backend/backend/GraphQL/Employee-management-project/company/schema_company.py changed, reloading.
[2025-01-24 19:47:55,221] INFO [django.utils.autoreload:668] Watching for file changes with StatReloader
[2025-01-24 19:48:13,833] INFO [django.utils.autoreload:266] /home/sakib/Desktop/sakib/backend/backend/GraphQL/Employee-management-project/company/schema_company.py changed, reloading.
[2025-01-24 19:48:14,381] INFO [django.utils.autoreload:668] Watching for file changes with StatReloader
[2025-01-24 19:48:19,643] INFO [django.utils.autoreload:266] /home/sakib/Desktop/sakib/backend/backend/GraphQL/Employee-management-project/company/schema_company.py changed, reloading.
[2025-01-24 19:48:20,212] INFO [django.utils.autoreload:668] Watching for file changes with StatReloader
[2025-01-24 19:49:24,530] INFO [django.utils.autoreload:266] /home/sakib/Desktop/sakib/backend/backend/GraphQL/Employee-management-project/company/schema_company.py changed, reloading.
[2025-01-24 19:49:25,156] INFO [django.utils.autoreload:668] Watching for file changes with StatReloader
[2025-01-24 19:49:29,363] INFO [django.utils.autoreload:266] /home/sakib/Desktop/sakib/backend/backend/GraphQL/Employee-management-project/company/schema_company.py changed, reloading.
[2025-01-24 19:49:29,981] INFO [django.utils.autoreload:668] Watching for file changes with StatReloader
[2025-01-24 19:49:31,167] INFO [django.utils.autoreload:266] /home/sakib/Desktop/sakib/backend/backend/GraphQL/Employee-management-project/company/schema_company.py changed, reloading.
[2025-01-24 19:49:31,710] INFO [django.utils.autoreload:668] Watching for file changes with StatReloader
[2025-01-24 19:49:35,994] INFO [django.utils.autoreload:266] /home/sakib/Desktop/sakib/backend/backend/GraphQL/Employee-management-project/company/schema_company.py changed, reloading.
[2025-01-24 19:49:36,568] INFO [django.utils.autoreload:668] Watching for file changes with StatReloader
[2025-01-24 19:49:37,752] INFO [django.utils.autoreload:266] /home/sakib/Desktop/sakib/backend/backend/GraphQL/Employee-management-project/company/schema_company.py changed, reloading.
[2025-01-24 19:49:38,330] INFO [django.utils.autoreload:668] Watching for file changes with StatReloader
[2025-01-24 19:49:56,817] INFO [django.utils.autoreload:266] /home/sakib/Desktop/sakib/backend/backend/GraphQL/Employee-management-project/company/schema_company.py changed, reloading.
[2025-01-24 19:49:57,379] INFO [django.utils.autoreload:668] Watching for file changes with StatReloader
[2025-01-24 19:49:59,579] INFO [django.utils.autoreload:266] /home/sakib/Desktop/sakib/backend/backend/GraphQL/Employee-management-project/company/schema_company.py changed, reloading.
[2025-01-24 19:50:00,165] INFO [django.utils.autoreload:668] Watching for file changes with StatReloader
[2025-01-24 19:50:18,733] INFO [django.utils.autoreload:266] /home/sakib/Desktop/sakib/backend/backend/GraphQL/Employee-management-project/company/schema_company.py changed, reloading.
[2025-01-24 19:50:19,280] INFO [django.utils.autoreload:668] Watching for file changes with StatReloader
[2025-01-24 19:50:20,597] INFO [django.utils.autoreload:266] /home/sakib/Desktop/sakib/backend/backend/GraphQL/Employee-management-project/company/schema_company.py changed, reloading.
[2025-01-24 19:50:21,137] INFO [django.utils.autoreload:668] Watching for file changes with StatReloader
[2025-01-24 19:50:39,504] INFO [django.utils.autoreload:266] /home/sakib/Desktop/sakib/backend/backend/GraphQL/Employee-management-project/company/schema_company.py changed, reloading.
[2025-01-24 19:50:40,020] INFO [django.utils.autoreload:668] Watching for file changes with StatReloader
[2025-01-24 19:50:46,269] INFO [django.utils.autoreload:266] /home/sakib/Desktop/sakib/backend/backend/GraphQL/Employee-management-project/company/schema_company.py changed, reloading.
[2025-01-24 19:50:46,820] INFO [django.utils.autoreload:668] Watching for file changes with StatReloader
[2025-01-24 19:50:47,971] INFO [django.utils.autoreload:266] /home/sakib/Desktop/sakib/backend/backend/GraphQL/Employee-management-project/company/schema_company.py changed, reloading.
[2025-01-24 19:50:48,497] INFO [django.utils.autoreload:668] Watching for file changes with StatReloader
[2025-01-24 19:51:01,824] INFO [django.utils.autoreload:266] /home/sakib/Desktop/sakib/backend/backend/GraphQL/Employee-management-project/company/schema_company.py changed, reloading.
[2025-01-24 19:51:02,358] INFO [django.utils.autoreload:668] Watching for file changes with StatReloader
[2025-01-24 19:51:04,688] INFO [django.utils.autoreload:266] /home/sakib/Desktop/sakib/backend/backend/GraphQL/Employee-management-project/company/schema_company.py changed, reloading.
[2025-01-24 19:51:05,236] INFO [django.utils.autoreload:668] Watching for file changes with StatReloader
[2025-01-24 19:51:07,569] INFO [django.utils.autoreload:266] /home/sakib/Desktop/sakib/backend/backend/GraphQL/Employee-management-project/company/schema_company.py changed, reloading.
[2025-01-24 19:51:08,130] INFO [django.utils.autoreload:668] Watching for file changes with StatReloader
[2025-01-24 19:51:20,201] INFO [django.server:213] "GET /graphql/ HTTP/1.1" 200 2611
[2025-01-24 19:51:20,386] INFO [django.server:213] "POST /graphql/ HTTP/1.1" 200 56952
[2025-01-24 19:51:33,550] INFO [django.server:213] "POST /graphql/ HTTP/1.1" 200 174
[2025-01-24 19:52:02,404] INFO [django.utils.autoreload:266] /home/sakib/Desktop/sakib/backend/backend/GraphQL/Employee-management-project/company/schema_company.py changed, reloading.
[2025-01-24 19:52:02,960] INFO [django.utils.autoreload:668] Watching for file changes with StatReloader
[2025-01-24 19:52:49,736] INFO [django.utils.autoreload:266] /home/sakib/Desktop/sakib/backend/backend/GraphQL/Employee-management-project/company/schema_company.py changed, reloading.
[2025-01-24 19:52:50,259] INFO [django.utils.autoreload:668] Watching for file changes with StatReloader
[2025-01-24 19:52:53,443] INFO [django.utils.autoreload:266] /home/sakib/Desktop/sakib/backend/backend/GraphQL/Employee-management-project/company/schema_company.py changed, reloading.
[2025-01-24 19:52:54,090] INFO [django.utils.autoreload:668] Watching for file changes with StatReloader
[2025-01-24 19:53:05,575] INFO [django.utils.autoreload:266] /home/sakib/Desktop/sakib/backend/backend/GraphQL/Employee-management-project/company/schema_company.py changed, reloading.
[2025-01-24 19:53:06,133] INFO [django.utils.autoreload:668] Watching for file changes with StatReloader
[2025-01-24 19:53:11,515] INFO [django.utils.autoreload:266] /home/sakib/Desktop/sakib/backend/backend/GraphQL/Employee-management-project/company/schema_company.py changed, reloading.
[2025-01-24 19:53:12,093] INFO [django.utils.autoreload:668] Watching for file changes with StatReloader
[2025-01-24 19:53:16,113] INFO [django.server:213] "POST /graphql/ HTTP/1.1" 200 56848
[2025-01-24 19:53:17,728] INFO [django.server:213] "POST /graphql/ HTTP/1.1" 200 202
[2025-01-24 19:54:24,692] INFO [django.utils.autoreload:266] /home/sakib/Desktop/sakib/backend/backend/GraphQL/Employee-management-project/company/schema_company.py changed, reloading.
[2025-01-24 19:54:25,363] INFO [django.utils.autoreload:668] Watching for file changes with StatReloader
[2025-01-24 19:54:26,541] INFO [django.utils.autoreload:266] /home/sakib/Desktop/sakib/backend/backend/GraphQL/Employee-management-project/company/schema_company.py changed, reloading.
[2025-01-24 19:54:27,136] INFO [django.utils.autoreload:668] Watching for file changes with StatReloader
[2025-01-24 19:54:28,304] INFO [django.utils.autoreload:266] /home/sakib/Desktop/sakib/backend/backend/GraphQL/Employee-management-project/company/schema_company.py changed, reloading.
[2025-01-24 19:54:28,879] INFO [django.utils.autoreload:668] Watching for file changes with StatReloader
[2025-01-24 19:54:31,109] INFO [django.server:213] "POST /graphql/ HTTP/1.1" 200 56885
[2025-01-24 19:54:32,448] INFO [django.server:213] "POST /graphql/ HTTP/1.1" 200 48
[2025-01-24 19:54:37,528] INFO [django.server:213] "POST /graphql/ HTTP/1.1" 200 85
[2025-01-24 19:54:45,172] INFO [django.server:213] "GET /admin/User/customuser/ HTTP/1.1" 200 17780
[2025-01-24 19:54:45,206] INFO [django.server:213] "GET /static/admin/css/base.css HTTP/1.1" 304 0
[2025-01-24 19:54:45,214] INFO [django.server:213] "GET /static/admin/css/dark_mode.css HTTP/1.1" 304 0
[2025-01-24 19:54:45,221] INFO [django.server:213] "GET /static/admin/css/changelists.css HTTP/1.1" 304 0
[2025-01-24 19:54:45,222] INFO [django.server:213] "GET /static/admin/css/nav_sidebar.css HTTP/1.1" 304 0
[2025-01-24 19:54:45,222] INFO [django.server:213] "GET /static/admin/css/responsive.css HTTP/1.1" 304 0
[2025-01-24 19:54:45,223] INFO [django.server:213] "GET /static/admin/js/theme.js HTTP/1.1" 304 0
[2025-01-24 19:54:45,229] INFO [django.server:213] "GET /static/admin/js/vendor/jquery/jquery.js HTTP/1.1" 304 0
[2025-01-24 19:54:45,231] INFO [django.server:213] "GET /static/admin/js/core.js HTTP/1.1" 304 0
[2025-01-24 19:54:45,232] INFO [django.server:213] "GET /static/admin/js/jquery.init.js HTTP/1.1" 304 0
[2025-01-24 19:54:45,235] INFO [django.server:213] "GET /admin/jsi18n/ HTTP/1.1" 200 3342
[2025-01-24 19:54:45,238] INFO [django.server:213] "GET /static/admin/js/admin/RelatedObjectLookups.js HTTP/1.1" 304 0
[2025-01-24 19:54:45,250] INFO [django.server:213] "GET /static/admin/js/actions.js HTTP/1.1" 304 0
[2025-01-24 19:54:45,265] INFO [django.server:213] "GET /static/admin/js/urlify.js HTTP/1.1" 304 0
[2025-01-24 19:54:45,273] INFO [django.server:213] "GET /static/admin/js/prepopulate.js HTTP/1.1" 304 0
[2025-01-24 19:54:45,275] INFO [django.server:213] "GET /static/admin/js/vendor/xregexp/xregexp.js HTTP/1.1" 304 0
[2025-01-24 19:54:45,323] INFO [django.server:213] "GET /static/admin/js/nav_sidebar.js HTTP/1.1" 304 0
[2025-01-24 19:54:45,327] INFO [django.server:213] "GET /static/admin/js/filters.js HTTP/1.1" 304 0
[2025-01-24 19:54:45,340] INFO [django.server:213] "GET /static/admin/img/icon-addlink.svg HTTP/1.1" 304 0
[2025-01-24 19:54:45,341] INFO [django.server:213] "GET /static/admin/img/tooltag-add.svg HTTP/1.1" 304 0
[2025-01-24 19:55:23,219] INFO [django.utils.autoreload:266] /home/sakib/Desktop/sakib/backend/backend/GraphQL/Employee-management-project/company/schema_company.py changed, reloading.
[2025-01-24 19:55:23,863] INFO [django.utils.autoreload:668] Watching for file changes with StatReloader
[2025-01-24 19:55:25,295] INFO [django.utils.autoreload:266] /home/sakib/Desktop/sakib/backend/backend/GraphQL/Employee-management-project/company/schema_company.py changed, reloading.
[2025-01-24 19:55:25,886] INFO [django.utils.autoreload:668] Watching for file changes with StatReloader
[2025-01-24 19:55:28,204] INFO [django.utils.autoreload:266] /home/sakib/Desktop/sakib/backend/backend/GraphQL/Employee-management-project/company/schema_company.py changed, reloading.
[2025-01-24 19:55:28,776] INFO [django.utils.autoreload:668] Watching for file changes with StatReloader
[2025-01-24 19:55:30,096] INFO [django.utils.autoreload:266] /home/sakib/Desktop/sakib/backend/backend/GraphQL/Employee-management-project/company/schema_company.py changed, reloading.
[2025-01-24 19:55:30,625] INFO [django.utils.autoreload:668] Watching for file changes with StatReloader
[2025-01-24 20:16:45,185] INFO [django.server:213] "GET /d HTTP/1.1" 200 9944
[2025-01-24 20:16:45,264] INFO [django.server:213] "GET /graphql/?query=%0A%20%20%20%20%20%20%20%20query%20%7B%0A%20%20%20%20%20%20%20%20%20%20%20%20allEmployee%20%7B%0A%20%20%20%20%20%20%20%20%20%20%20%20%20%20%20%20id%0A%20%20%20%20%20%20%20%20%20%20%20%20%20%20%20%20employeeId%0A%20%20%20%20%20%20%20%20%20%20%20%20%20%20%20%20address%0A%20%20%20%20%20%20%20%20%20%20%20%20%20%20%20%20user%20%7B%0A%20%20%20%20%20%20%20%20%20%20%20%20%20%20%20%20%20%20%20%20id%0A%20%20%20%20%20%20%20%20%20%20%20%20%20%20%20%20%20%20%20%20username%0A%20%20%20%20%20%20%20%20%20%20%20%20%20%20%20%20%20%20%20%20role%7B%0A%20%20%20%20%20%20%20%20%20%20%20%20%20%20%20%20%20%20%20%20name%0A%20%20%20%20%20%20%20%20%20%20%20%20%20%20%20%20%20%20%20%20%7D%0A%20%20%20%20%20%20%20%20%20%20%20%20%20%20%20%20%7D%0A%20%20%20%20%20%20%20%20%20%20%20%20%20%20%20%20department%20%7B%0A%20%20%20%20%20%20%20%20%20%20%20%20%20%20%20%20%20%20%20%20name%0A%20%20%20%20%20%20%20%20%20%20%20%20%20%20%20%20%7D%0A%20%20%20%20%20%20%20%20%20%20%20%20%7D%0A%20%20%20%20%20%20%20%20%7D%0A%20%20%20%20 HTTP/1.1" 200 953
[2025-01-24 20:16:50,357] INFO [django.server:213] "GET /cm HTTP/1.1" 200 5407
[2025-01-24 20:18:06,146] INFO [django.utils.autoreload:266] /home/sakib/Desktop/sakib/backend/backend/GraphQL/Employee-management-project/company/models.py changed, reloading.
[2025-01-24 20:18:06,689] INFO [django.utils.autoreload:668] Watching for file changes with StatReloader
[2025-01-24 20:18:07,993] INFO [django.utils.autoreload:266] /home/sakib/Desktop/sakib/backend/backend/GraphQL/Employee-management-project/company/models.py changed, reloading.
[2025-01-24 20:18:08,603] INFO [django.utils.autoreload:668] Watching for file changes with StatReloader
[2025-01-24 20:18:10,961] INFO [django.utils.autoreload:266] /home/sakib/Desktop/sakib/backend/backend/GraphQL/Employee-management-project/company/models.py changed, reloading.
[2025-01-24 20:18:11,585] INFO [django.utils.autoreload:668] Watching for file changes with StatReloader
[2025-01-24 20:18:31,206] INFO [django.utils.autoreload:266] /home/sakib/Desktop/sakib/backend/backend/GraphQL/Employee-management-project/company/models.py changed, reloading.
[2025-01-24 20:18:31,772] INFO [django.utils.autoreload:668] Watching for file changes with StatReloader
[2025-01-24 20:18:57,458] INFO [django.utils.autoreload:266] /home/sakib/Desktop/sakib/backend/backend/GraphQL/Employee-management-project/company/models.py changed, reloading.
[2025-01-24 20:18:57,976] INFO [django.utils.autoreload:668] Watching for file changes with StatReloader
[2025-01-24 20:19:04,219] INFO [django.utils.autoreload:266] /home/sakib/Desktop/sakib/backend/backend/GraphQL/Employee-management-project/company/models.py changed, reloading.
[2025-01-24 20:19:04,713] INFO [django.utils.autoreload:668] Watching for file changes with StatReloader
[2025-01-24 20:19:06,923] INFO [django.utils.autoreload:266] /home/sakib/Desktop/sakib/backend/backend/GraphQL/Employee-management-project/company/models.py changed, reloading.
[2025-01-24 20:19:07,443] INFO [django.utils.autoreload:668] Watching for file changes with StatReloader
[2025-01-24 20:19:08,760] INFO [django.utils.autoreload:266] /home/sakib/Desktop/sakib/backend/backend/GraphQL/Employee-management-project/company/models.py changed, reloading.
[2025-01-24 20:19:09,311] INFO [django.utils.autoreload:668] Watching for file changes with StatReloader
[2025-01-24 20:21:32,325] INFO [django.server:213] "GET /cm HTTP/1.1" 200 5407
[2025-01-24 20:22:02,010] INFO [django.server:213] "GET / HTTP/1.1" 200 9413
[2025-01-24 20:22:02,060] INFO [django.server:213] "GET /static/image/img1.jpg HTTP/1.1" 200 100315
[2025-01-24 20:22:02,070] INFO [django.server:213] "GET /static/image/img2.jpg HTTP/1.1" 200 2436694
[2025-01-24 20:22:02,081] WARNING [django.server:213] "GET /static/images/img3.jpg HTTP/1.1" 404 1972
[2025-01-24 20:22:23,739] INFO [django.server:213] "GET /l HTTP/1.1" 200 9125
[2025-01-24 20:22:32,492] INFO [django.server:213] "POST /graphql/ HTTP/1.1" 200 368
[2025-01-24 20:22:32,519] INFO [django.server:213] "GET /d HTTP/1.1" 200 9944
[2025-01-24 20:22:32,625] INFO [django.server:213] "GET /graphql/?query=%0A%20%20%20%20%20%20%20%20query%20%7B%0A%20%20%20%20%20%20%20%20%20%20%20%20allEmployee%20%7B%0A%20%20%20%20%20%20%20%20%20%20%20%20%20%20%20%20id%0A%20%20%20%20%20%20%20%20%20%20%20%20%20%20%20%20employeeId%0A%20%20%20%20%20%20%20%20%20%20%20%20%20%20%20%20address%0A%20%20%20%20%20%20%20%20%20%20%20%20%20%20%20%20user%20%7B%0A%20%20%20%20%20%20%20%20%20%20%20%20%20%20%20%20%20%20%20%20id%0A%20%20%20%20%20%20%20%20%20%20%20%20%20%20%20%20%20%20%20%20username%0A%20%20%20%20%20%20%20%20%20%20%20%20%20%20%20%20%20%20%20%20role%7B%0A%20%20%20%20%20%20%20%20%20%20%20%20%20%20%20%20%20%20%20%20name%0A%20%20%20%20%20%20%20%20%20%20%20%20%20%20%20%20%20%20%20%20%7D%0A%20%20%20%20%20%20%20%20%20%20%20%20%20%20%20%20%7D%0A%20%20%20%20%20%20%20%20%20%20%20%20%20%20%20%20department%20%7B%0A%20%20%20%20%20%20%20%20%20%20%20%20%20%20%20%20%20%20%20%20name%0A%20%20%20%20%20%20%20%20%20%20%20%20%20%20%20%20%7D%0A%20%20%20%20%20%20%20%20%20%20%20%20%7D%0A%20%20%20%20%20%20%20%20%7D%0A%20%20%20%20 HTTP/1.1" 200 953
[2025-01-24 20:23:07,417] INFO [django.server:213] "GET /admin/ HTTP/1.1" 200 16499
[2025-01-24 20:23:07,443] INFO [django.server:213] "GET /static/admin/css/base.css HTTP/1.1" 304 0
[2025-01-24 20:23:07,450] INFO [django.server:213] "GET /static/admin/js/theme.js HTTP/1.1" 304 0
[2025-01-24 20:23:07,454] INFO [django.server:213] "GET /static/admin/css/dark_mode.css HTTP/1.1" 304 0
[2025-01-24 20:23:07,457] INFO [django.server:213] "GET /static/admin/css/dashboard.css HTTP/1.1" 304 0
[2025-01-24 20:23:07,460] INFO [django.server:213] "GET /static/admin/css/nav_sidebar.css HTTP/1.1" 304 0
[2025-01-24 20:23:07,461] INFO [django.server:213] "GET /static/admin/css/responsive.css HTTP/1.1" 304 0
[2025-01-24 20:23:07,471] INFO [django.server:213] "GET /static/admin/js/nav_sidebar.js HTTP/1.1" 304 0
[2025-01-24 20:23:07,503] INFO [django.server:213] "GET /static/admin/img/icon-addlink.svg HTTP/1.1" 304 0
[2025-01-24 20:23:07,505] INFO [django.server:213] "GET /static/admin/img/icon-deletelink.svg HTTP/1.1" 304 0
[2025-01-24 20:23:07,506] INFO [django.server:213] "GET /static/admin/img/icon-changelink.svg HTTP/1.1" 304 0
[2025-01-24 20:23:18,688] INFO [django.server:213] "POST /admin/logout/ HTTP/1.1" 200 3555
[2025-01-24 20:23:18,720] INFO [django.server:213] "GET /static/admin/css/base.css HTTP/1.1" 304 0
[2025-01-24 20:23:18,727] INFO [django.server:213] "GET /static/admin/css/dark_mode.css HTTP/1.1" 304 0
[2025-01-24 20:23:18,727] INFO [django.server:213] "GET /static/admin/css/nav_sidebar.css HTTP/1.1" 304 0
[2025-01-24 20:23:18,728] INFO [django.server:213] "GET /static/admin/css/responsive.css HTTP/1.1" 304 0
[2025-01-24 20:23:18,731] INFO [django.server:213] "GET /static/admin/js/theme.js HTTP/1.1" 304 0
[2025-01-24 20:23:18,740] INFO [django.server:213] "GET /static/admin/js/nav_sidebar.js HTTP/1.1" 304 0
[2025-01-24 20:23:21,415] INFO [django.server:213] "GET /admin/ HTTP/1.1" 302 0
[2025-01-24 20:23:21,447] INFO [django.server:213] "GET /admin/login/?next=/admin/ HTTP/1.1" 200 4160
[2025-01-24 20:23:21,514] INFO [django.server:213] "GET /static/admin/css/login.css HTTP/1.1" 304 0
[2025-01-24 20:23:27,973] INFO [django.server:213] "POST /admin/login/?next=/admin/ HTTP/1.1" 302 0
[2025-01-24 20:23:27,991] INFO [django.server:213] "GET /admin/ HTTP/1.1" 200 4506
[2025-01-24 20:23:28,071] INFO [django.server:213] "GET /static/admin/css/dashboard.css HTTP/1.1" 304 0
[2025-01-24 20:23:35,159] INFO [django.server:213] "GET /d HTTP/1.1" 200 9238
[2025-01-24 20:23:35,266] INFO [django.server:213] "GET /graphql/?query=%0A%20%20%20%20%20%20%20%20query%20%7B%0A%20%20%20%20%20%20%20%20%20%20%20%20allEmployee%20%7B%0A%20%20%20%20%20%20%20%20%20%20%20%20%20%20%20%20id%0A%20%20%20%20%20%20%20%20%20%20%20%20%20%20%20%20employeeId%0A%20%20%20%20%20%20%20%20%20%20%20%20%20%20%20%20address%0A%20%20%20%20%20%20%20%20%20%20%20%20%20%20%20%20user%20%7B%0A%20%20%20%20%20%20%20%20%20%20%20%20%20%20%20%20%20%20%20%20id%0A%20%20%20%20%20%20%20%20%20%20%20%20%20%20%20%20%20%20%20%20username%0A%20%20%20%20%20%20%20%20%20%20%20%20%20%20%20%20%20%20%20%20role%7B%0A%20%20%20%20%20%20%20%20%20%20%20%20%20%20%20%20%20%20%20%20name%0A%20%20%20%20%20%20%20%20%20%20%20%20%20%20%20%20%20%20%20%20%7D%0A%20%20%20%20%20%20%20%20%20%20%20%20%20%20%20%20%7D%0A%20%20%20%20%20%20%20%20%20%20%20%20%20%20%20%20department%20%7B%0A%20%20%20%20%20%20%20%20%20%20%20%20%20%20%20%20%20%20%20%20name%0A%20%20%20%20%20%20%20%20%20%20%20%20%20%20%20%20%7D%0A%20%20%20%20%20%20%20%20%20%20%20%20%7D%0A%20%20%20%20%20%20%20%20%7D%0A%20%20%20%20 HTTP/1.1" 200 953
[2025-01-24 20:24:54,849] INFO [django.server:213] "GET /a HTTP/1.1" 200 11786
[2025-01-24 20:24:55,082] INFO [django.server:213] "GET /graphql/?query=%0A%20%20%20%20%20%20query%20%7B%0A%20%20%20%20%20%20%20%20myAttendance%20%7B%0A%20%20%20%20%20%20%20%20%20%20date%0A%20%20%20%20%20%20%20%20%20%20status%0A%20%20%20%20%20%20%20%20%7D%0A%20%20%20%20%20%20%7D%0A%20%20%20%20 HTTP/1.1" 200 148
[2025-01-24 20:24:58,359] INFO [django.server:213] "GET /le HTTP/1.1" 200 12125
[2025-01-24 20:24:58,416] INFO [django.server:213] "GET /graphql/?query=%0A%20%20%20%20%20%20%20%20%20%20%20%20%20%20%20%20query%7B%0A%20%20%20%20%20%20%20%20%20%20%20%20%20%20%20%20allLeave%7B%0A%20%20%20%20%20%20%20%20%20%20%20%20%20%20%20%20%20%20%20%20id%0A%20%20%20%20%20%20%20%20%20%20%20%20%20%20%20%20%20%20%20%20employee%7B%0A%20%20%20%20%20%20%20%20%20%20%20%20%20%20%20%20%20%20%20%20user%7B%0A%20%20%20%20%20%20%20%20%20%20%20%20%20%20%20%20%20%20%20%20%20%20%20%20username%0A%20%20%20%20%20%20%20%20%20%20%20%20%20%20%20%20%20%20%20%20%7D%0A%20%20%20%20%20%20%20%20%20%20%20%20%20%20%20%20%20%20%20%20%7D%0A%20%20%20%20%20%20%20%20%20%20%20%20%20%20%20%20%20%20%20%20status%0A%20%20%20%20%20%20%20%20%20%20%20%20%20%20%20%20%20%20%20%20startDate%0A%20%20%20%20%20%20%20%20%20%20%20%20%20%20%20%20%20%20%20%20endDate%0A%20%20%20%20%20%20%20%20%20%20%20%20%20%20%20%20%7D%0A%20%20%20%20%20%20%20%20%20%20%20%20%20%20%20%20%7D%0A%20%20%20%20%20%20%20%20%20%20%20%20 HTTP/1.1" 200 263
[2025-01-24 20:30:09,819] INFO [django.server:213] "GET /d HTTP/1.1" 200 14472
[2025-01-24 20:30:09,906] INFO [django.server:213] "GET /graphql/?query=%0A%20%20%20%20%20%20%20%20query%20%7B%0A%20%20%20%20%20%20%20%20%20%20%20%20allEmployee%20%7B%0A%20%20%20%20%20%20%20%20%20%20%20%20%20%20%20%20id%0A%20%20%20%20%20%20%20%20%20%20%20%20%20%20%20%20employeeId%0A%20%20%20%20%20%20%20%20%20%20%20%20%20%20%20%20address%0A%20%20%20%20%20%20%20%20%20%20%20%20%20%20%20%20user%20%7B%0A%20%20%20%20%20%20%20%20%20%20%20%20%20%20%20%20%20%20%20%20id%0A%20%20%20%20%20%20%20%20%20%20%20%20%20%20%20%20%20%20%20%20username%0A%20%20%20%20%20%20%20%20%20%20%20%20%20%20%20%20%20%20%20%20role%7B%0A%20%20%20%20%20%20%20%20%20%20%20%20%20%20%20%20%20%20%20%20name%0A%20%20%20%20%20%20%20%20%20%20%20%20%20%20%20%20%20%20%20%20%7D%0A%20%20%20%20%20%20%20%20%20%20%20%20%20%20%20%20%7D%0A%20%20%20%20%20%20%20%20%20%20%20%20%20%20%20%20department%20%7B%0A%20%20%20%20%20%20%20%20%20%20%20%20%20%20%20%20%20%20%20%20name%0A%20%20%20%20%20%20%20%20%20%20%20%20%20%20%20%20%7D%0A%20%20%20%20%20%20%20%20%20%20%20%20%7D%0A%20%20%20%20%20%20%20%20%7D%0A%20%20%20%20 HTTP/1.1" 200 953
[2025-01-24 20:31:21,266] INFO [django.server:213] "GET /a HTTP/1.1" 200 11786
[2025-01-24 20:31:21,422] INFO [django.server:213] "GET /graphql/?query=%0A%20%20%20%20%20%20query%20%7B%0A%20%20%20%20%20%20%20%20myAttendance%20%7B%0A%20%20%20%20%20%20%20%20%20%20date%0A%20%20%20%20%20%20%20%20%20%20status%0A%20%20%20%20%20%20%20%20%7D%0A%20%20%20%20%20%20%7D%0A%20%20%20%20 HTTP/1.1" 200 148
[2025-01-24 20:36:03,076] WARNING [django.request:248] Bad Request: /graphql/
[2025-01-24 20:36:03,077] WARNING [django.server:213] "POST /graphql/ HTTP/1.1" 400 188
[2025-01-24 20:39:02,150] WARNING [django.request:248] Not Found: /admin
[2025-01-24 20:39:02,151] WARNING [django.server:213] "GET /admin HTTP/1.1" 404 4948
[2025-01-24 20:39:02,282] WARNING [django.request:248] Not Found: /favicon.ico
[2025-01-24 20:39:02,282] WARNING [django.server:213] "GET /favicon.ico HTTP/1.1" 404 4972
[2025-01-24 20:39:06,095] INFO [django.server:213] "GET /admin/ HTTP/1.1" 302 0
[2025-01-24 20:39:06,128] INFO [django.server:213] "GET /admin/login/?next=/admin/ HTTP/1.1" 200 4160
[2025-01-24 20:39:06,220] INFO [django.server:213] "GET /static/admin/css/base.css HTTP/1.1" 200 22092
[2025-01-24 20:39:06,227] INFO [django.server:213] "GET /static/admin/css/nav_sidebar.css HTTP/1.1" 200 2810
[2025-01-24 20:39:06,229] INFO [django.server:213] "GET /static/admin/css/dark_mode.css HTTP/1.1" 200 2804
[2025-01-24 20:39:06,230] INFO [django.server:213] "GET /static/admin/css/login.css HTTP/1.1" 200 951
[2025-01-24 20:39:06,231] INFO [django.server:213] "GET /static/admin/css/responsive.css HTTP/1.1" 200 17972
[2025-01-24 20:39:06,233] INFO [django.server:213] "GET /static/admin/js/theme.js HTTP/1.1" 200 1653
[2025-01-24 20:39:06,241] INFO [django.server:213] "GET /static/admin/js/nav_sidebar.js HTTP/1.1" 200 3063
[2025-01-24 20:39:11,920] INFO [django.server:213] "POST /admin/login/?next=/admin/ HTTP/1.1" 302 0
[2025-01-24 20:39:11,953] INFO [django.server:213] "GET /admin/ HTTP/1.1" 200 16499
[2025-01-24 20:39:12,038] INFO [django.server:213] "GET /static/admin/css/dashboard.css HTTP/1.1" 200 441
[2025-01-24 20:39:12,056] INFO [django.server:213] "GET /static/admin/img/icon-addlink.svg HTTP/1.1" 200 331
[2025-01-24 20:39:12,057] INFO [django.server:213] "GET /static/admin/img/icon-deletelink.svg HTTP/1.1" 200 392
[2025-01-24 20:39:12,058] INFO [django.server:213] "GET /static/admin/img/icon-changelink.svg HTTP/1.1" 200 380
[2025-01-24 20:39:16,267] INFO [django.server:213] "GET /admin/User/customuser/ HTTP/1.1" 200 17780
[2025-01-24 20:39:16,321] INFO [django.server:213] "GET /static/admin/css/changelists.css HTTP/1.1" 200 6878
[2025-01-24 20:39:16,322] INFO [django.server:213] "GET /static/admin/js/core.js HTTP/1.1" 200 6208
[2025-01-24 20:39:16,324] INFO [django.server:213] "GET /static/admin/js/jquery.init.js HTTP/1.1" 200 347
[2025-01-24 20:39:16,325] INFO [django.server:213] "GET /static/admin/js/admin/RelatedObjectLookups.js HTTP/1.1" 200 9097
[2025-01-24 20:39:16,337] INFO [django.server:213] "GET /admin/jsi18n/ HTTP/1.1" 200 3342
[2025-01-24 20:39:16,338] INFO [django.server:213] "GET /static/admin/js/actions.js HTTP/1.1" 200 8076
[2025-01-24 20:39:16,340] INFO [django.server:213] "GET /static/admin/js/urlify.js HTTP/1.1" 200 7887
[2025-01-24 20:39:16,341] INFO [django.server:213] "GET /static/admin/js/prepopulate.js HTTP/1.1" 200 1531
[2025-01-24 20:39:16,345] INFO [django.server:213] "GET /static/admin/js/vendor/jquery/jquery.js HTTP/1.1" 200 285314
[2025-01-24 20:39:16,346] INFO [django.server:213] "GET /static/admin/img/search.svg HTTP/1.1" 200 458
[2025-01-24 20:39:16,347] INFO [django.server:213] "GET /static/admin/js/vendor/xregexp/xregexp.js HTTP/1.1" 200 325171
[2025-01-24 20:39:16,409] INFO [django.server:213] "GET /static/admin/js/filters.js HTTP/1.1" 200 978
[2025-01-24 20:39:16,440] INFO [django.server:213] "GET /static/admin/img/tooltag-add.svg HTTP/1.1" 200 331
[2025-01-24 20:39:16,440] INFO [django.server:213] "GET /static/admin/img/icon-viewlink.svg HTTP/1.1" 200 581
[2025-01-24 20:39:37,055] INFO [django.server:213] "POST /graphql/ HTTP/1.1" 200 127
[2025-01-24 20:41:22,667] INFO [django.server:213] "POST /graphql/ HTTP/1.1" 200 127
[2025-01-24 20:42:48,421] INFO [django.utils.autoreload:266] /home/sakib/Desktop/sakib/backend/backend/GraphQL/Employee-management-project/company/models.py changed, reloading.
[2025-01-24 20:42:49,128] INFO [django.utils.autoreload:668] Watching for file changes with StatReloader
[2025-01-24 20:43:08,847] INFO [django.utils.autoreload:668] Watching for file changes with StatReloader
[2025-01-24 20:43:11,720] INFO [django.server:213] "POST /graphql/ HTTP/1.1" 200 131
[2025-01-24 20:43:14,898] INFO [django.server:213] "GET /graphql/ HTTP/1.1" 200 2611
[2025-01-24 20:43:14,948] INFO [django.server:213] "GET /static/graphene_django/graphiql.js HTTP/1.1" 304 0
[2025-01-24 20:43:15,176] INFO [django.server:213] "POST /graphql/ HTTP/1.1" 200 57036
[2025-01-24 20:43:16,663] INFO [django.server:213] "POST /graphql/ HTTP/1.1" 200 131
[2025-01-24 20:47:12,123] INFO [django.utils.autoreload:266] /home/sakib/Desktop/sakib/backend/backend/GraphQL/Employee-management-project/company/models.py changed, reloading.
[2025-01-24 20:47:12,737] INFO [django.utils.autoreload:668] Watching for file changes with StatReloader
[2025-01-24 20:47:16,988] INFO [django.utils.autoreload:266] /home/sakib/Desktop/sakib/backend/backend/GraphQL/Employee-management-project/company/models.py changed, reloading.
[2025-01-24 20:47:17,644] INFO [django.utils.autoreload:668] Watching for file changes with StatReloader
[2025-01-24 20:47:50,505] INFO [django.utils.autoreload:266] /home/sakib/Desktop/sakib/backend/backend/GraphQL/Employee-management-project/company/models.py changed, reloading.
[2025-01-24 20:47:51,194] INFO [django.utils.autoreload:668] Watching for file changes with StatReloader
[2025-01-24 20:47:53,407] INFO [django.utils.autoreload:266] /home/sakib/Desktop/sakib/backend/backend/GraphQL/Employee-management-project/company/models.py changed, reloading.
[2025-01-24 20:47:53,931] INFO [django.utils.autoreload:668] Watching for file changes with StatReloader
[2025-01-24 20:57:51,926] INFO [django.server:213] "GET /admin/company/manager/ HTTP/1.1" 200 13877
[2025-01-24 20:57:51,995] INFO [django.server:213] "GET /admin/jsi18n/ HTTP/1.1" 200 3342
[2025-01-24 20:57:57,384] INFO [django.server:213] "POST /admin/company/manager/ HTTP/1.1" 200 12657
[2025-01-24 20:57:57,434] INFO [django.server:213] "GET /static/admin/js/cancel.js HTTP/1.1" 200 884
[2025-01-24 20:57:58,488] INFO [django.server:213] "POST /admin/company/manager/ HTTP/1.1" 302 0
[2025-01-24 20:57:58,519] INFO [django.server:213] "GET /admin/company/manager/ HTTP/1.1" 200 12737
[2025-01-24 20:57:58,599] INFO [django.server:213] "GET /admin/jsi18n/ HTTP/1.1" 200 3342
[2025-01-24 20:57:58,671] INFO [django.server:213] "GET /static/admin/img/icon-yes.svg HTTP/1.1" 200 436
[2025-01-24 20:58:01,250] INFO [django.server:213] "POST /graphql/ HTTP/1.1" 200 119
[2025-01-24 20:58:14,927] INFO [django.server:213] "POST /graphql/ HTTP/1.1" 200 131
[2025-01-24 20:58:32,703] INFO [django.server:213] "GET /graphql/ HTTP/1.1" 200 2611
[2025-01-24 20:58:32,931] INFO [django.server:213] "POST /graphql/ HTTP/1.1" 200 57036
[2025-01-24 20:58:34,483] INFO [django.server:213] "POST /graphql/ HTTP/1.1" 200 131
[2025-01-24 20:59:07,763] INFO [django.utils.autoreload:266] /home/sakib/Desktop/sakib/backend/backend/GraphQL/Employee-management-project/company/models.py changed, reloading.
[2025-01-24 20:59:08,324] INFO [django.utils.autoreload:668] Watching for file changes with StatReloader
[2025-01-24 20:59:10,732] INFO [django.utils.autoreload:266] /home/sakib/Desktop/sakib/backend/backend/GraphQL/Employee-management-project/company/models.py changed, reloading.
[2025-01-24 20:59:11,282] INFO [django.utils.autoreload:668] Watching for file changes with StatReloader
[2025-01-24 20:59:15,635] INFO [django.utils.autoreload:266] /home/sakib/Desktop/sakib/backend/backend/GraphQL/Employee-management-project/company/models.py changed, reloading.
[2025-01-24 20:59:16,295] INFO [django.utils.autoreload:668] Watching for file changes with StatReloader
[2025-01-24 20:59:18,216] INFO [django.server:213] "GET /graphql/ HTTP/1.1" 200 2611
[2025-01-24 20:59:18,388] INFO [django.server:213] "POST /graphql/ HTTP/1.1" 200 57036
[2025-01-24 20:59:19,946] INFO [django.server:213] "POST /graphql/ HTTP/1.1" 200 200
[2025-01-24 20:59:42,695] INFO [django.server:213] "GET /admin/User/customuser/ HTTP/1.1" 200 17780
[2025-01-24 20:59:42,752] INFO [django.server:213] "GET /admin/jsi18n/ HTTP/1.1" 200 3342
[2025-01-24 20:59:50,127] INFO [django.server:213] "POST /graphql/ HTTP/1.1" 200 200
[2025-01-24 20:59:55,360] INFO [django.server:213] "POST /graphql/ HTTP/1.1" 200 205
[2025-01-24 21:04:45,935] INFO [django.utils.autoreload:266] /home/sakib/Desktop/sakib/backend/backend/GraphQL/Employee-management-project/company/mutation.py changed, reloading.
[2025-01-24 21:04:46,630] INFO [django.utils.autoreload:668] Watching for file changes with StatReloader
[2025-01-24 21:04:55,950] INFO [django.utils.autoreload:266] /home/sakib/Desktop/sakib/backend/backend/GraphQL/Employee-management-project/company/mutation.py changed, reloading.
[2025-01-24 21:04:56,533] INFO [django.utils.autoreload:668] Watching for file changes with StatReloader
[2025-01-24 21:04:57,693] INFO [django.utils.autoreload:266] /home/sakib/Desktop/sakib/backend/backend/GraphQL/Employee-management-project/company/mutation.py changed, reloading.
[2025-01-24 21:04:58,307] INFO [django.utils.autoreload:668] Watching for file changes with StatReloader
[2025-01-24 21:05:09,633] INFO [django.utils.autoreload:266] /home/sakib/Desktop/sakib/backend/backend/GraphQL/Employee-management-project/company/mutation.py changed, reloading.
[2025-01-24 21:05:10,208] INFO [django.utils.autoreload:668] Watching for file changes with StatReloader
[2025-01-24 21:05:12,544] INFO [django.utils.autoreload:266] /home/sakib/Desktop/sakib/backend/backend/GraphQL/Employee-management-project/company/mutation.py changed, reloading.
[2025-01-24 21:05:13,165] INFO [django.utils.autoreload:668] Watching for file changes with StatReloader
[2025-01-24 21:05:19,570] INFO [django.utils.autoreload:266] /home/sakib/Desktop/sakib/backend/backend/GraphQL/Employee-management-project/company/mutation.py changed, reloading.
[2025-01-24 21:05:20,164] INFO [django.utils.autoreload:668] Watching for file changes with StatReloader
[2025-01-24 21:05:27,560] INFO [django.utils.autoreload:266] /home/sakib/Desktop/sakib/backend/backend/GraphQL/Employee-management-project/company/mutation.py changed, reloading.
[2025-01-24 21:05:28,212] INFO [django.utils.autoreload:668] Watching for file changes with StatReloader
[2025-01-24 21:05:46,819] INFO [django.utils.autoreload:266] /home/sakib/Desktop/sakib/backend/backend/GraphQL/Employee-management-project/company/mutation.py changed, reloading.
[2025-01-24 21:05:47,360] INFO [django.utils.autoreload:668] Watching for file changes with StatReloader
[2025-01-24 21:05:54,798] INFO [django.utils.autoreload:266] /home/sakib/Desktop/sakib/backend/backend/GraphQL/Employee-management-project/company/mutation.py changed, reloading.
[2025-01-24 21:05:55,371] INFO [django.utils.autoreload:668] Watching for file changes with StatReloader
[2025-01-24 21:05:57,804] INFO [django.utils.autoreload:266] /home/sakib/Desktop/sakib/backend/backend/GraphQL/Employee-management-project/company/mutation.py changed, reloading.
[2025-01-24 21:05:58,396] INFO [django.utils.autoreload:668] Watching for file changes with StatReloader
[2025-01-24 21:06:01,733] INFO [django.utils.autoreload:266] /home/sakib/Desktop/sakib/backend/backend/GraphQL/Employee-management-project/company/mutation.py changed, reloading.
[2025-01-24 21:06:02,296] INFO [django.utils.autoreload:668] Watching for file changes with StatReloader
[2025-01-24 21:06:34,066] INFO [django.utils.autoreload:266] /home/sakib/Desktop/sakib/backend/backend/GraphQL/Employee-management-project/company/mutation.py changed, reloading.
[2025-01-24 21:06:34,639] INFO [django.utils.autoreload:668] Watching for file changes with StatReloader
[2025-01-24 21:06:43,151] INFO [django.utils.autoreload:266] /home/sakib/Desktop/sakib/backend/backend/GraphQL/Employee-management-project/company/mutation.py changed, reloading.
[2025-01-24 21:06:43,723] INFO [django.utils.autoreload:668] Watching for file changes with StatReloader
[2025-01-24 21:06:59,264] INFO [django.utils.autoreload:266] /home/sakib/Desktop/sakib/backend/backend/GraphQL/Employee-management-project/company/mutation.py changed, reloading.
[2025-01-24 21:06:59,801] INFO [django.utils.autoreload:668] Watching for file changes with StatReloader
[2025-01-24 21:07:28,549] INFO [django.utils.autoreload:266] /home/sakib/Desktop/sakib/backend/backend/GraphQL/Employee-management-project/company/mutation.py changed, reloading.
[2025-01-24 21:07:29,099] INFO [django.utils.autoreload:668] Watching for file changes with StatReloader
[2025-01-24 21:07:40,537] INFO [django.utils.autoreload:266] /home/sakib/Desktop/sakib/backend/backend/GraphQL/Employee-management-project/company/mutation.py changed, reloading.
[2025-01-24 21:07:41,095] INFO [django.utils.autoreload:668] Watching for file changes with StatReloader
[2025-01-24 21:07:46,472] INFO [django.utils.autoreload:266] /home/sakib/Desktop/sakib/backend/backend/GraphQL/Employee-management-project/company/mutation.py changed, reloading.
[2025-01-24 21:07:47,030] INFO [django.utils.autoreload:668] Watching for file changes with StatReloader
[2025-01-24 21:07:56,457] INFO [django.utils.autoreload:266] /home/sakib/Desktop/sakib/backend/backend/GraphQL/Employee-management-project/company/mutation.py changed, reloading.
[2025-01-24 21:07:56,991] INFO [django.utils.autoreload:668] Watching for file changes with StatReloader
[2025-01-24 21:08:11,522] INFO [django.utils.autoreload:266] /home/sakib/Desktop/sakib/backend/backend/GraphQL/Employee-management-project/company/mutation.py changed, reloading.
[2025-01-24 21:08:12,118] INFO [django.utils.autoreload:668] Watching for file changes with StatReloader
[2025-01-24 21:09:10,300] INFO [django.utils.autoreload:266] /home/sakib/Desktop/sakib/backend/backend/GraphQL/Employee-management-project/company/mutation.py changed, reloading.
[2025-01-24 21:09:10,865] INFO [django.utils.autoreload:668] Watching for file changes with StatReloader
[2025-01-24 21:09:13,212] INFO [django.utils.autoreload:266] /home/sakib/Desktop/sakib/backend/backend/GraphQL/Employee-management-project/company/mutation.py changed, reloading.
[2025-01-24 21:09:13,824] INFO [django.utils.autoreload:668] Watching for file changes with StatReloader
[2025-01-24 21:09:16,879] INFO [django.server:213] "GET /graphql/ HTTP/1.1" 200 2611
[2025-01-24 21:09:17,120] INFO [django.server:213] "POST /graphql/ HTTP/1.1" 200 57196
[2025-01-24 21:09:46,369] INFO [django.server:213] "GET /admin/company/manager/ HTTP/1.1" 200 13879
[2025-01-24 21:09:46,392] INFO [django.server:213] "GET /static/admin/css/changelists.css HTTP/1.1" 304 0
[2025-01-24 21:09:46,401] INFO [django.server:213] "GET /static/admin/js/vendor/jquery/jquery.js HTTP/1.1" 304 0
[2025-01-24 21:09:46,402] INFO [django.server:213] "GET /static/admin/js/admin/RelatedObjectLookups.js HTTP/1.1" 304 0
[2025-01-24 21:09:46,402] INFO [django.server:213] "GET /static/admin/js/core.js HTTP/1.1" 304 0
[2025-01-24 21:09:46,403] INFO [django.server:213] "GET /static/admin/js/jquery.init.js HTTP/1.1" 304 0
[2025-01-24 21:09:46,406] INFO [django.server:213] "GET /static/admin/js/actions.js HTTP/1.1" 304 0
[2025-01-24 21:09:46,408] INFO [django.server:213] "GET /static/admin/js/urlify.js HTTP/1.1" 304 0
[2025-01-24 21:09:46,411] INFO [django.server:213] "GET /static/admin/js/prepopulate.js HTTP/1.1" 304 0
[2025-01-24 21:09:46,412] INFO [django.server:213] "GET /static/admin/js/vendor/xregexp/xregexp.js HTTP/1.1" 304 0
[2025-01-24 21:09:46,416] INFO [django.server:213] "GET /admin/jsi18n/ HTTP/1.1" 200 3342
[2025-01-24 21:09:46,462] INFO [django.server:213] "GET /static/admin/js/filters.js HTTP/1.1" 304 0
[2025-01-24 21:09:46,481] INFO [django.server:213] "GET /static/admin/img/tooltag-add.svg HTTP/1.1" 304 0
[2025-01-24 21:09:52,513] INFO [django.server:213] "POST /admin/company/manager/ HTTP/1.1" 200 12658
[2025-01-24 21:09:52,533] INFO [django.server:213] "GET /static/admin/js/cancel.js HTTP/1.1" 304 0
[2025-01-24 21:09:53,539] INFO [django.server:213] "POST /admin/company/manager/ HTTP/1.1" 302 0
[2025-01-24 21:09:53,562] INFO [django.server:213] "GET /admin/company/manager/ HTTP/1.1" 200 12737
[2025-01-24 21:09:53,629] INFO [django.server:213] "GET /admin/jsi18n/ HTTP/1.1" 200 3342
[2025-01-24 21:09:53,688] INFO [django.server:213] "GET /static/admin/img/icon-yes.svg HTTP/1.1" 304 0
[2025-01-24 21:09:56,890] INFO [django.server:213] "GET /admin/User/customuser/ HTTP/1.1" 200 17780
[2025-01-24 21:09:56,913] INFO [django.server:213] "GET /static/admin/img/search.svg HTTP/1.1" 304 0
[2025-01-24 21:09:56,920] INFO [django.server:213] "GET /admin/jsi18n/ HTTP/1.1" 200 3342
[2025-01-24 21:09:56,989] INFO [django.server:213] "GET /static/admin/img/icon-viewlink.svg HTTP/1.1" 304 0
[2025-01-24 21:10:16,326] INFO [django.server:213] "POST /graphql/ HTTP/1.1" 200 117
[2025-01-24 21:10:49,818] INFO [django.utils.autoreload:266] /home/sakib/Desktop/sakib/backend/backend/GraphQL/Employee-management-project/company/mutation.py changed, reloading.
[2025-01-24 21:10:50,433] INFO [django.utils.autoreload:668] Watching for file changes with StatReloader
[2025-01-24 21:10:52,956] INFO [django.server:213] "GET /graphql/ HTTP/1.1" 200 2611
[2025-01-24 21:10:53,120] INFO [django.server:213] "POST /graphql/ HTTP/1.1" 200 57196
[2025-01-24 21:10:54,673] INFO [django.server:213] "POST /graphql/ HTTP/1.1" 200 105
[2025-01-24 21:11:00,986] INFO [django.server:213] "GET /admin/company/manager/ HTTP/1.1" 200 13879
[2025-01-24 21:11:01,016] INFO [django.server:213] "GET /admin/jsi18n/ HTTP/1.1" 200 3342
[2025-01-24 21:11:03,269] INFO [django.server:213] "GET /admin/company/manager/ HTTP/1.1" 200 13879
[2025-01-24 21:11:03,300] INFO [django.server:213] "GET /admin/jsi18n/ HTTP/1.1" 200 3342
[2025-01-24 21:11:10,367] INFO [django.server:213] "POST /admin/company/manager/ HTTP/1.1" 200 12658
[2025-01-24 21:11:11,452] INFO [django.server:213] "POST /admin/company/manager/ HTTP/1.1" 302 0
[2025-01-24 21:11:11,477] INFO [django.server:213] "GET /admin/company/manager/ HTTP/1.1" 200 12737
[2025-01-24 21:11:11,542] INFO [django.server:213] "GET /admin/jsi18n/ HTTP/1.1" 200 3342
[2025-01-24 21:11:15,166] INFO [django.server:213] "POST /graphql/ HTTP/1.1" 200 205
[2025-01-24 21:11:20,899] INFO [django.server:213] "GET /admin/company/manager/ HTTP/1.1" 200 13879
[2025-01-24 21:11:20,926] INFO [django.server:213] "GET /admin/jsi18n/ HTTP/1.1" 200 3342
[2025-01-24 21:11:22,810] INFO [django.server:213] "GET /admin/company/manager/9/change/ HTTP/1.1" 200 17721
[2025-01-24 21:11:22,848] INFO [django.server:213] "GET /static/admin/css/forms.css HTTP/1.1" 200 8710
[2025-01-24 21:11:22,849] INFO [django.server:213] "GET /static/admin/js/prepopulate_init.js HTTP/1.1" 200 586
[2025-01-24 21:11:22,853] INFO [django.server:213] "GET /admin/jsi18n/ HTTP/1.1" 200 3342
[2025-01-24 21:11:22,862] INFO [django.server:213] "GET /static/admin/js/change_form.js HTTP/1.1" 200 606
[2025-01-24 21:11:22,894] INFO [django.server:213] "GET /static/admin/css/widgets.css HTTP/1.1" 200 11564
[2025-01-24 21:12:43,604] INFO [django.server:213] "GET /admin/company/manager/9/delete/ HTTP/1.1" 200 12545
[2025-01-24 21:12:45,184] INFO [django.server:213] "POST /admin/company/manager/9/delete/ HTTP/1.1" 302 0
[2025-01-24 21:12:45,207] INFO [django.server:213] "GET /admin/company/manager/ HTTP/1.1" 200 12756
[2025-01-24 21:12:45,277] INFO [django.server:213] "GET /admin/jsi18n/ HTTP/1.1" 200 3342
[2025-01-24 21:13:07,135] INFO [django.server:213] "POST /graphql/ HTTP/1.1" 200 244
[2025-01-24 21:13:32,620] INFO [django.server:213] "POST /graphql/ HTTP/1.1" 200 152
[2025-01-24 21:15:07,998] INFO [django.utils.autoreload:266] /home/sakib/Desktop/sakib/backend/backend/GraphQL/Employee-management-project/company/mutation.py changed, reloading.
[2025-01-24 21:15:08,620] INFO [django.utils.autoreload:668] Watching for file changes with StatReloader
[2025-01-24 21:15:10,993] INFO [django.utils.autoreload:266] /home/sakib/Desktop/sakib/backend/backend/GraphQL/Employee-management-project/company/mutation.py changed, reloading.
[2025-01-24 21:15:11,543] INFO [django.utils.autoreload:668] Watching for file changes with StatReloader
[2025-01-24 21:15:15,431] INFO [django.server:213] "GET /admin/company/manager/ HTTP/1.1" 200 13881
[2025-01-24 21:15:15,480] INFO [django.server:213] "GET /admin/jsi18n/ HTTP/1.1" 200 3342
[2025-01-24 21:15:20,793] INFO [django.server:213] "POST /graphql/ HTTP/1.1" 200 272
[2025-01-24 21:15:25,934] INFO [django.server:213] "GET /admin/company/manager/10/change/ HTTP/1.1" 200 17732
[2025-01-24 21:15:25,966] INFO [django.server:213] "GET /admin/jsi18n/ HTTP/1.1" 200 3342
[2025-01-24 21:15:42,203] INFO [django.server:213] "GET /admin/User/customuser/ HTTP/1.1" 200 17780
[2025-01-24 21:15:42,239] INFO [django.server:213] "GET /admin/jsi18n/ HTTP/1.1" 200 3342
[2025-01-25 05:16:32,883] INFO [django.server:213] "GET /graphql/ HTTP/1.1" 200 2611
[2025-01-25 05:16:32,932] INFO [django.server:213] "GET /static/graphene_django/graphiql.js HTTP/1.1" 304 0
[2025-01-25 05:16:33,104] INFO [django.server:213] "POST /graphql/ HTTP/1.1" 200 57196
[2025-01-25 05:16:38,110] INFO [django.server:213] "GET /admin/company/manager/ HTTP/1.1" 200 13881
[2025-01-25 05:16:38,135] INFO [django.server:213] "GET /static/admin/css/base.css HTTP/1.1" 304 0
[2025-01-25 05:16:38,147] INFO [django.server:213] "GET /static/admin/css/changelists.css HTTP/1.1" 304 0
[2025-01-25 05:16:38,148] INFO [django.server:213] "GET /static/admin/css/nav_sidebar.css HTTP/1.1" 304 0
[2025-01-25 05:16:38,148] INFO [django.server:213] "GET /static/admin/js/theme.js HTTP/1.1" 304 0
[2025-01-25 05:16:38,151] INFO [django.server:213] "GET /static/admin/css/responsive.css HTTP/1.1" 304 0
[2025-01-25 05:16:38,151] INFO [django.server:213] "GET /static/admin/css/dark_mode.css HTTP/1.1" 304 0
[2025-01-25 05:16:38,156] INFO [django.server:213] "GET /static/admin/js/vendor/jquery/jquery.js HTTP/1.1" 304 0
[2025-01-25 05:16:38,159] INFO [django.server:213] "GET /static/admin/js/jquery.init.js HTTP/1.1" 304 0
[2025-01-25 05:16:38,159] INFO [django.server:213] "GET /static/admin/js/core.js HTTP/1.1" 304 0
[2025-01-25 05:16:38,162] INFO [django.server:213] "GET /admin/jsi18n/ HTTP/1.1" 200 3342
[2025-01-25 05:16:38,165] INFO [django.server:213] "GET /static/admin/js/admin/RelatedObjectLookups.js HTTP/1.1" 304 0
[2025-01-25 05:16:38,178] INFO [django.server:213] "GET /static/admin/js/actions.js HTTP/1.1" 304 0
[2025-01-25 05:16:38,195] INFO [django.server:213] "GET /static/admin/js/urlify.js HTTP/1.1" 304 0
[2025-01-25 05:16:38,200] INFO [django.server:213] "GET /static/admin/js/prepopulate.js HTTP/1.1" 304 0
[2025-01-25 05:16:38,203] INFO [django.server:213] "GET /static/admin/js/vendor/xregexp/xregexp.js HTTP/1.1" 304 0
[2025-01-25 05:16:38,248] INFO [django.server:213] "GET /static/admin/js/nav_sidebar.js HTTP/1.1" 304 0
[2025-01-25 05:16:38,255] INFO [django.server:213] "GET /static/admin/js/filters.js HTTP/1.1" 304 0
[2025-01-25 05:16:38,265] INFO [django.server:213] "GET /static/admin/img/tooltag-add.svg HTTP/1.1" 304 0
[2025-01-25 05:16:38,265] INFO [django.server:213] "GET /static/admin/img/icon-addlink.svg HTTP/1.1" 304 0
[2025-01-25 05:16:45,106] INFO [django.server:213] "POST /admin/company/manager/ HTTP/1.1" 200 12800
[2025-01-25 05:16:45,128] INFO [django.server:213] "GET /static/admin/js/cancel.js HTTP/1.1" 304 0
[2025-01-25 05:16:45,883] INFO [django.server:213] "POST /admin/company/manager/ HTTP/1.1" 302 0
[2025-01-25 05:16:45,902] INFO [django.server:213] "GET /admin/company/manager/ HTTP/1.1" 200 12737
[2025-01-25 05:16:45,967] INFO [django.server:213] "GET /admin/jsi18n/ HTTP/1.1" 200 3342
[2025-01-25 05:16:46,028] INFO [django.server:213] "GET /static/admin/img/icon-yes.svg HTTP/1.1" 304 0
[2025-01-25 05:16:48,452] INFO [django.server:213] "GET /graphql/ HTTP/1.1" 200 2611
[2025-01-25 05:16:48,584] INFO [django.server:213] "POST /graphql/ HTTP/1.1" 200 57196
[2025-01-25 05:17:00,403] INFO [django.server:213] "POST /graphql/ HTTP/1.1" 200 244
[2025-01-25 05:17:14,000] INFO [django.server:213] "POST /graphql/ HTTP/1.1" 200 272
[2025-01-25 05:18:29,916] INFO [django.server:213] "POST /graphql/ HTTP/1.1" 200 303
[2025-01-25 05:18:37,967] INFO [django.server:213] "GET /admin/company/manager/ HTTP/1.1" 200 13881
[2025-01-25 05:18:38,005] INFO [django.server:213] "GET /admin/jsi18n/ HTTP/1.1" 200 3342
[2025-01-25 05:18:39,010] INFO [django.server:213] "GET /admin/company/manager/11/change/ HTTP/1.1" 200 17741
[2025-01-25 05:18:39,029] INFO [django.server:213] "GET /static/admin/css/forms.css HTTP/1.1" 304 0
[2025-01-25 05:18:39,035] INFO [django.server:213] "GET /static/admin/js/prepopulate_init.js HTTP/1.1" 304 0
[2025-01-25 05:18:39,040] INFO [django.server:213] "GET /admin/jsi18n/ HTTP/1.1" 200 3342
[2025-01-25 05:18:39,045] INFO [django.server:213] "GET /static/admin/img/icon-changelink.svg HTTP/1.1" 304 0
[2025-01-25 05:18:39,075] INFO [django.server:213] "GET /static/admin/img/icon-viewlink.svg HTTP/1.1" 304 0
[2025-01-25 05:18:39,075] INFO [django.server:213] "GET /static/admin/css/widgets.css HTTP/1.1" 304 0
[2025-01-25 05:18:39,121] INFO [django.server:213] "GET /static/admin/js/change_form.js HTTP/1.1" 304 0
[2025-01-25 05:19:55,555] INFO [django.utils.autoreload:266] /home/sakib/Desktop/sakib/backend/backend/GraphQL/Employee-management-project/company/mutation.py changed, reloading.
[2025-01-25 05:19:55,974] INFO [django.utils.autoreload:668] Watching for file changes with StatReloader
[2025-01-25 05:20:21,645] INFO [django.server:213] "POST /graphql/ HTTP/1.1" 200 239
[2025-01-25 05:21:49,815] INFO [django.server:213] "POST /graphql/ HTTP/1.1" 200 158
[2025-01-25 05:27:26,723] INFO [django.utils.autoreload:266] /home/sakib/Desktop/sakib/backend/backend/GraphQL/Employee-management-project/company/models.py changed, reloading.
[2025-01-25 05:27:27,166] INFO [django.utils.autoreload:668] Watching for file changes with StatReloader
[2025-01-25 05:27:31,384] INFO [django.utils.autoreload:266] /home/sakib/Desktop/sakib/backend/backend/GraphQL/Employee-management-project/company/models.py changed, reloading.
[2025-01-25 05:27:31,944] INFO [django.utils.autoreload:668] Watching for file changes with StatReloader
[2025-01-25 05:27:33,307] INFO [django.utils.autoreload:266] /home/sakib/Desktop/sakib/backend/backend/GraphQL/Employee-management-project/company/models.py changed, reloading.
[2025-01-25 05:27:33,724] INFO [django.utils.autoreload:668] Watching for file changes with StatReloader
[2025-01-25 05:27:36,002] INFO [django.utils.autoreload:266] /home/sakib/Desktop/sakib/backend/backend/GraphQL/Employee-management-project/company/models.py changed, reloading.
[2025-01-25 05:27:36,517] INFO [django.utils.autoreload:668] Watching for file changes with StatReloader
[2025-01-25 05:27:37,807] INFO [django.utils.autoreload:266] /home/sakib/Desktop/sakib/backend/backend/GraphQL/Employee-management-project/company/models.py changed, reloading.
[2025-01-25 05:27:38,199] INFO [django.utils.autoreload:668] Watching for file changes with StatReloader
[2025-01-25 05:27:42,583] INFO [django.server:213] "POST /graphql/ HTTP/1.1" 200 158
[2025-01-25 05:27:43,656] INFO [django.server:213] "POST /graphql/ HTTP/1.1" 200 158
[2025-01-25 05:28:44,785] INFO [django.server:213] "POST /graphql/ HTTP/1.1" 200 268
[2025-01-25 05:28:52,066] INFO [django.server:213] "GET /admin/company/manager/ HTTP/1.1" 200 14145
[2025-01-25 05:28:53,700] INFO [django.server:213] "GET /admin/company/manager/12/change/ HTTP/1.1" 200 17729
[2025-01-25 05:28:53,731] INFO [django.server:213] "GET /admin/jsi18n/ HTTP/1.1" 200 3342
[2025-01-25 05:29:14,093] INFO [django.server:213] "POST /admin/company/manager/12/change/ HTTP/1.1" 302 0
[2025-01-25 05:29:14,118] INFO [django.server:213] "GET /admin/company/manager/ HTTP/1.1" 200 14348
[2025-01-25 05:29:14,182] INFO [django.server:213] "GET /admin/jsi18n/ HTTP/1.1" 200 3342
[2025-01-25 05:29:47,012] INFO [django.server:213] "POST /graphql/ HTTP/1.1" 200 268
[2025-01-25 05:32:35,139] INFO [django.utils.autoreload:266] /home/sakib/Desktop/sakib/backend/backend/GraphQL/Employee-management-project/company/mutation.py changed, reloading.
[2025-01-25 05:32:35,581] INFO [django.utils.autoreload:668] Watching for file changes with StatReloader
[2025-01-25 05:32:38,859] INFO [django.utils.autoreload:266] /home/sakib/Desktop/sakib/backend/backend/GraphQL/Employee-management-project/company/mutation.py changed, reloading.
[2025-01-25 05:32:39,433] INFO [django.utils.autoreload:668] Watching for file changes with StatReloader
[2025-01-25 05:32:44,774] INFO [django.utils.autoreload:266] /home/sakib/Desktop/sakib/backend/backend/GraphQL/Employee-management-project/company/mutation.py changed, reloading.
[2025-01-25 05:32:45,214] INFO [django.utils.autoreload:668] Watching for file changes with StatReloader
[2025-01-25 05:32:46,522] INFO [django.utils.autoreload:266] /home/sakib/Desktop/sakib/backend/backend/GraphQL/Employee-management-project/company/mutation.py changed, reloading.
[2025-01-25 05:32:46,918] INFO [django.utils.autoreload:668] Watching for file changes with StatReloader
[2025-01-25 05:32:52,643] INFO [django.server:213] "GET /admin/company/manager/12/change/ HTTP/1.1" 200 17729
[2025-01-25 05:32:52,680] INFO [django.server:213] "GET /admin/jsi18n/ HTTP/1.1" 200 3342
[2025-01-25 05:32:54,968] INFO [django.server:213] "POST /admin/company/manager/12/change/ HTTP/1.1" 302 0
[2025-01-25 05:32:55,004] INFO [django.server:213] "GET /admin/company/manager/ HTTP/1.1" 200 14348
[2025-01-25 05:32:55,074] INFO [django.server:213] "GET /admin/jsi18n/ HTTP/1.1" 200 3342
[2025-01-25 05:33:00,086] INFO [django.server:213] "GET /graphql/ HTTP/1.1" 200 2611
[2025-01-25 05:33:00,285] INFO [django.server:213] "POST /graphql/ HTTP/1.1" 200 57196
[2025-01-25 05:33:01,164] INFO [django.server:213] "POST /graphql/ HTTP/1.1" 200 268
[2025-01-25 05:33:44,171] INFO [django.server:213] "GET /admin/Employee/employees/ HTTP/1.1" 200 15227
[2025-01-25 05:33:44,217] INFO [django.server:213] "GET /static/admin/css/base.css HTTP/1.1" 304 0
[2025-01-25 05:33:44,220] INFO [django.server:213] "GET /static/admin/css/dark_mode.css HTTP/1.1" 304 0
[2025-01-25 05:33:44,222] INFO [django.server:213] "GET /static/admin/js/theme.js HTTP/1.1" 304 0
[2025-01-25 05:33:44,227] INFO [django.server:213] "GET /static/admin/js/vendor/jquery/jquery.js HTTP/1.1" 304 0
[2025-01-25 05:33:44,227] INFO [django.server:213] "GET /static/admin/css/nav_sidebar.css HTTP/1.1" 304 0
[2025-01-25 05:33:44,227] INFO [django.server:213] "GET /static/admin/css/changelists.css HTTP/1.1" 304 0
[2025-01-25 05:33:44,228] INFO [django.server:213] "GET /static/admin/css/responsive.css HTTP/1.1" 304 0
[2025-01-25 05:33:44,235] INFO [django.server:213] "GET /static/admin/js/core.js HTTP/1.1" 304 0
[2025-01-25 05:33:44,235] INFO [django.server:213] "GET /static/admin/js/jquery.init.js HTTP/1.1" 304 0
[2025-01-25 05:33:44,235] INFO [django.server:213] "GET /static/admin/js/admin/RelatedObjectLookups.js HTTP/1.1" 304 0
[2025-01-25 05:33:44,237] INFO [django.server:213] "GET /admin/jsi18n/ HTTP/1.1" 200 3342
[2025-01-25 05:33:44,264] INFO [django.server:213] "GET /static/admin/js/actions.js HTTP/1.1" 304 0
[2025-01-25 05:33:44,269] INFO [django.server:213] "GET /static/admin/js/urlify.js HTTP/1.1" 304 0
[2025-01-25 05:33:44,278] INFO [django.server:213] "GET /static/admin/js/prepopulate.js HTTP/1.1" 304 0
[2025-01-25 05:33:44,278] INFO [django.server:213] "GET /static/admin/js/vendor/xregexp/xregexp.js HTTP/1.1" 304 0
[2025-01-25 05:33:44,331] INFO [django.server:213] "GET /static/admin/js/nav_sidebar.js HTTP/1.1" 304 0
[2025-01-25 05:33:44,331] INFO [django.server:213] "GET /static/admin/js/filters.js HTTP/1.1" 304 0
[2025-01-25 05:33:44,346] INFO [django.server:213] "GET /static/admin/img/icon-addlink.svg HTTP/1.1" 304 0
[2025-01-25 05:33:44,347] INFO [django.server:213] "GET /static/admin/img/tooltag-add.svg HTTP/1.1" 304 0
[2025-01-25 05:34:05,871] INFO [django.server:213] "POST /graphql/ HTTP/1.1" 200 152
[2025-01-25 05:35:01,960] INFO [django.utils.autoreload:266] /home/sakib/Desktop/sakib/backend/backend/GraphQL/Employee-management-project/company/mutation.py changed, reloading.
[2025-01-25 05:35:02,448] INFO [django.utils.autoreload:668] Watching for file changes with StatReloader
[2025-01-25 05:35:06,873] INFO [django.server:213] "GET /admin/company/manager/ HTTP/1.1" 200 14145
[2025-01-25 05:35:06,916] INFO [django.server:213] "GET /admin/jsi18n/ HTTP/1.1" 200 3342
[2025-01-25 05:35:07,845] INFO [django.server:213] "GET /admin/company/manager/12/change/ HTTP/1.1" 200 17729
[2025-01-25 05:35:07,874] INFO [django.server:213] "GET /admin/jsi18n/ HTTP/1.1" 200 3342
[2025-01-25 05:35:11,239] INFO [django.server:213] "POST /admin/company/manager/12/change/ HTTP/1.1" 302 0
[2025-01-25 05:35:11,258] INFO [django.server:213] "GET /admin/company/manager/ HTTP/1.1" 200 14348
[2025-01-25 05:35:11,322] INFO [django.server:213] "GET /admin/jsi18n/ HTTP/1.1" 200 3342
[2025-01-25 05:35:13,847] INFO [django.server:213] "POST /graphql/ HTTP/1.1" 200 175
[2025-01-25 05:35:39,327] INFO [django.utils.autoreload:266] /home/sakib/Desktop/sakib/backend/backend/GraphQL/Employee-management-project/company/mutation.py changed, reloading.
[2025-01-25 05:35:39,753] INFO [django.utils.autoreload:668] Watching for file changes with StatReloader
[2025-01-25 05:35:45,124] INFO [django.utils.autoreload:266] /home/sakib/Desktop/sakib/backend/backend/GraphQL/Employee-management-project/company/models.py changed, reloading.
[2025-01-25 05:35:45,544] INFO [django.utils.autoreload:668] Watching for file changes with StatReloader
[2025-01-25 05:35:51,130] INFO [django.server:213] "POST /graphql/ HTTP/1.1" 200 164
[2025-01-25 05:35:52,143] INFO [django.server:213] "POST /graphql/ HTTP/1.1" 200 164
[2025-01-25 05:35:54,289] INFO [django.server:213] "GET /graphql/ HTTP/1.1" 200 2611
[2025-01-25 05:35:54,448] INFO [django.server:213] "POST /graphql/ HTTP/1.1" 200 57196
[2025-01-25 05:35:55,131] INFO [django.server:213] "POST /graphql/ HTTP/1.1" 200 164
[2025-01-25 05:36:22,349] INFO [django.utils.autoreload:266] /home/sakib/Desktop/sakib/backend/backend/GraphQL/Employee-management-project/company/models.py changed, reloading.
[2025-01-25 05:36:22,855] INFO [django.utils.autoreload:668] Watching for file changes with StatReloader
[2025-01-25 05:36:24,097] INFO [django.utils.autoreload:266] /home/sakib/Desktop/sakib/backend/backend/GraphQL/Employee-management-project/company/models.py changed, reloading.
[2025-01-25 05:36:24,548] INFO [django.utils.autoreload:668] Watching for file changes with StatReloader
[2025-01-25 05:36:26,303] INFO [django.server:213] "POST /graphql/ HTTP/1.1" 200 164
[2025-01-25 05:36:44,064] INFO [django.utils.autoreload:266] /home/sakib/Desktop/sakib/backend/backend/GraphQL/Employee-management-project/company/models.py changed, reloading.
[2025-01-25 05:36:44,507] INFO [django.utils.autoreload:668] Watching for file changes with StatReloader
[2025-01-25 05:36:44,669] INFO [django.server:213] "POST /graphql/ HTTP/1.1" 200 152
[2025-01-25 05:36:49,818] INFO [django.utils.autoreload:266] /home/sakib/Desktop/sakib/backend/backend/GraphQL/Employee-management-project/company/models.py changed, reloading.
[2025-01-25 05:36:50,241] INFO [django.utils.autoreload:668] Watching for file changes with StatReloader
[2025-01-25 05:36:52,957] INFO [django.server:213] "POST /graphql/ HTTP/1.1" 200 164
[2025-01-25 05:37:10,789] INFO [django.utils.autoreload:266] /home/sakib/Desktop/sakib/backend/backend/GraphQL/Employee-management-project/company/models.py changed, reloading.
[2025-01-25 05:37:11,174] INFO [django.utils.autoreload:668] Watching for file changes with StatReloader
[2025-01-25 05:37:14,449] INFO [django.utils.autoreload:266] /home/sakib/Desktop/sakib/backend/backend/GraphQL/Employee-management-project/company/models.py changed, reloading.
[2025-01-25 05:37:14,869] INFO [django.utils.autoreload:668] Watching for file changes with StatReloader
[2025-01-25 05:37:17,052] INFO [django.utils.autoreload:266] /home/sakib/Desktop/sakib/backend/backend/GraphQL/Employee-management-project/company/models.py changed, reloading.
[2025-01-25 05:37:17,397] INFO [django.utils.autoreload:668] Watching for file changes with StatReloader
[2025-01-25 05:37:24,632] INFO [django.utils.autoreload:266] /home/sakib/Desktop/sakib/backend/backend/GraphQL/Employee-management-project/company/models.py changed, reloading.
[2025-01-25 05:37:25,071] INFO [django.utils.autoreload:668] Watching for file changes with StatReloader
[2025-01-25 05:37:26,904] INFO [django.server:213] "POST /graphql/ HTTP/1.1" 200 164
[2025-01-25 05:38:05,866] INFO [django.utils.autoreload:266] /home/sakib/Desktop/sakib/backend/backend/GraphQL/Employee-management-project/company/mutation.py changed, reloading.
[2025-01-25 05:38:06,407] INFO [django.utils.autoreload:668] Watching for file changes with StatReloader
[2025-01-25 05:38:09,551] INFO [django.utils.autoreload:266] /home/sakib/Desktop/sakib/backend/backend/GraphQL/Employee-management-project/company/mutation.py changed, reloading.
[2025-01-25 05:38:10,022] INFO [django.utils.autoreload:668] Watching for file changes with StatReloader
[2025-01-25 05:38:11,813] INFO [django.server:213] "POST /graphql/ HTTP/1.1" 200 180
[2025-01-25 05:38:40,702] INFO [django.utils.autoreload:266] /home/sakib/Desktop/sakib/backend/backend/GraphQL/Employee-management-project/company/models.py changed, reloading.
[2025-01-25 05:38:41,102] INFO [django.utils.autoreload:668] Watching for file changes with StatReloader
[2025-01-25 05:38:46,415] INFO [django.utils.autoreload:266] /home/sakib/Desktop/sakib/backend/backend/GraphQL/Employee-management-project/company/models.py changed, reloading.
[2025-01-25 05:38:46,832] INFO [django.utils.autoreload:668] Watching for file changes with StatReloader
[2025-01-25 05:38:47,881] INFO [django.server:213] "POST /graphql/ HTTP/1.1" 200 180
[2025-01-25 05:39:27,545] INFO [django.utils.autoreload:266] /home/sakib/Desktop/sakib/backend/backend/GraphQL/Employee-management-project/company/models.py changed, reloading.
[2025-01-25 05:39:27,951] INFO [django.utils.autoreload:668] Watching for file changes with StatReloader
[2025-01-25 05:39:30,387] INFO [django.server:213] "POST /graphql/ HTTP/1.1" 200 180
[2025-01-25 05:39:55,756] INFO [django.utils.autoreload:266] /home/sakib/Desktop/sakib/backend/backend/GraphQL/Employee-management-project/company/mutation.py changed, reloading.
[2025-01-25 05:39:56,214] INFO [django.utils.autoreload:668] Watching for file changes with StatReloader
[2025-01-25 05:43:21,373] INFO [django.utils.autoreload:668] Watching for file changes with StatReloader
[2025-01-25 05:43:22,950] INFO [django.server:213] "POST /graphql/ HTTP/1.1" 200 300
[2025-01-25 05:43:30,695] INFO [django.server:213] "GET /admin/company/manager/12/change/ HTTP/1.1" 200 17738
[2025-01-25 05:43:30,741] INFO [django.server:213] "GET /admin/jsi18n/ HTTP/1.1" 200 3342
[2025-01-25 05:43:32,426] INFO [django.server:213] "GET /admin/company/manager/ HTTP/1.1" 200 14145
[2025-01-25 05:43:35,615] INFO [django.server:213] "GET /admin/company/manager/12/change/ HTTP/1.1" 200 17738
[2025-01-25 05:43:35,646] INFO [django.server:213] "GET /admin/jsi18n/ HTTP/1.1" 200 3342
[2025-01-25 05:43:39,138] INFO [django.server:213] "POST /admin/company/manager/12/change/ HTTP/1.1" 302 0
[2025-01-25 05:43:39,155] INFO [django.server:213] "GET /admin/company/manager/ HTTP/1.1" 200 14348
[2025-01-25 05:43:39,221] INFO [django.server:213] "GET /admin/jsi18n/ HTTP/1.1" 200 3342
[2025-01-25 05:43:45,912] INFO [django.server:213] "POST /graphql/ HTTP/1.1" 200 268
[2025-01-25 05:43:49,921] INFO [django.server:213] "GET /admin/company/manager/ HTTP/1.1" 200 14145
[2025-01-25 05:43:49,949] INFO [django.server:213] "GET /admin/jsi18n/ HTTP/1.1" 200 3342
[2025-01-25 05:43:50,894] INFO [django.server:213] "GET /admin/company/manager/12/change/ HTTP/1.1" 200 17729
[2025-01-25 05:43:50,920] INFO [django.server:213] "GET /admin/jsi18n/ HTTP/1.1" 200 3342
[2025-01-25 05:45:35,420] INFO [django.server:213] "POST /graphql/ HTTP/1.1" 200 239
[2025-01-25 05:45:38,978] INFO [django.server:213] "GET /admin/company/manager/12/change/ HTTP/1.1" 200 17720
[2025-01-25 05:45:39,006] INFO [django.server:213] "GET /admin/jsi18n/ HTTP/1.1" 200 3342
[2025-01-25 05:46:05,660] INFO [django.server:213] "GET /cm HTTP/1.1" 200 5407
[2025-01-25 05:47:27,738] INFO [django.utils.autoreload:266] /home/sakib/Desktop/sakib/backend/backend/GraphQL/Employee-management-project/company/mutation.py changed, reloading.
[2025-01-25 05:47:28,133] INFO [django.utils.autoreload:668] Watching for file changes with StatReloader
[2025-01-25 05:48:34,735] INFO [django.server:213] "GET /cm HTTP/1.1" 200 7989
[2025-01-25 05:48:34,777] WARNING [django.request:248] Bad Request: /graphql/
[2025-01-25 05:48:34,777] WARNING [django.server:213] "POST /graphql/ HTTP/1.1" 400 140
[2025-01-25 05:51:13,113] INFO [django.utils.autoreload:266] /home/sakib/Desktop/sakib/backend/backend/GraphQL/Employee-management-project/User/schema_user.py changed, reloading.
[2025-01-25 05:51:13,515] INFO [django.utils.autoreload:668] Watching for file changes with StatReloader
[2025-01-25 05:51:28,410] INFO [django.server:213] "POST /graphql/ HTTP/1.1" 200 104
[2025-01-25 05:51:37,533] INFO [django.server:213] "POST /graphql/ HTTP/1.1" 200 238
[2025-01-25 05:51:58,493] INFO [django.server:213] "POST /graphql/ HTTP/1.1" 200 430
[2025-01-25 05:52:32,091] INFO [django.server:213] "GET /admin/User/customuser/ HTTP/1.1" 200 17780
[2025-01-25 05:52:32,153] INFO [django.server:213] "GET /admin/jsi18n/ HTTP/1.1" 200 3342
[2025-01-25 05:52:32,178] INFO [django.server:213] "GET /static/admin/img/search.svg HTTP/1.1" 304 0
[2025-01-25 05:52:32,224] INFO [django.server:213] "GET /static/admin/img/icon-viewlink.svg HTTP/1.1" 304 0
[2025-01-25 05:53:46,784] INFO [django.server:213] "GET / HTTP/1.1" 200 9496
[2025-01-25 05:53:46,839] WARNING [django.server:213] "GET /static/images/img3.jpg HTTP/1.1" 404 1972
[2025-01-25 05:53:46,840] INFO [django.server:213] "GET /static/image/img1.jpg HTTP/1.1" 200 100315
[2025-01-25 05:53:46,845] INFO [django.server:213] "GET /static/image/img2.jpg HTTP/1.1" 200 2436694
[2025-01-25 05:53:48,190] INFO [django.server:213] "GET /r HTTP/1.1" 200 10577
[2025-01-25 05:53:48,219] INFO [django.server:213] "GET /static/css/registration.css HTTP/1.1" 200 16995
[2025-01-25 05:53:48,309] INFO [django.server:213] "GET /graphql/?query=%0A%20%20%20%20%20%20%20%20%20%20%20%20query%20%7B%0A%20%20%20%20%20%20%20%20%20%20%20%20%20%20allRole%20%7B%0A%20%20%20%20%20%20%20%20%20%20%20%20%20%20%20%20name%0A%20%20%20%20%20%20%20%20%20%20%20%20%20%20%20%20description%0A%20%20%20%20%20%20%20%20%20%20%20%20%20%20%7D%0A%20%20%20%20%20%20%20%20%20%20%20%20%7D%0A%20%20%20%20%20%20%20%20%20%20 HTTP/1.1" 200 203
[2025-01-25 05:53:51,521] INFO [django.server:213] "GET /r HTTP/1.1" 200 10577
[2025-01-25 05:53:51,570] INFO [django.server:213] "GET /graphql/?query=%0A%20%20%20%20%20%20%20%20%20%20%20%20query%20%7B%0A%20%20%20%20%20%20%20%20%20%20%20%20%20%20allRole%20%7B%0A%20%20%20%20%20%20%20%20%20%20%20%20%20%20%20%20name%0A%20%20%20%20%20%20%20%20%20%20%20%20%20%20%20%20description%0A%20%20%20%20%20%20%20%20%20%20%20%20%20%20%7D%0A%20%20%20%20%20%20%20%20%20%20%20%20%7D%0A%20%20%20%20%20%20%20%20%20%20 HTTP/1.1" 200 203
[2025-01-25 05:54:27,501] INFO [django.server:213] "GET /admin/User/role/ HTTP/1.1" 200 14359
[2025-01-25 05:54:27,561] INFO [django.server:213] "GET /admin/jsi18n/ HTTP/1.1" 200 3342
[2025-01-25 05:54:29,697] INFO [django.server:213] "GET /admin/User/role/add/ HTTP/1.1" 200 13973
[2025-01-25 05:54:29,749] INFO [django.server:213] "GET /static/admin/css/forms.css HTTP/1.1" 200 8710
[2025-01-25 05:54:29,750] INFO [django.server:213] "GET /static/admin/js/prepopulate_init.js HTTP/1.1" 200 586
[2025-01-25 05:54:29,755] INFO [django.server:213] "GET /admin/jsi18n/ HTTP/1.1" 200 3342
[2025-01-25 05:54:29,776] INFO [django.server:213] "GET /static/admin/js/change_form.js HTTP/1.1" 200 606
[2025-01-25 05:54:29,777] INFO [django.server:213] "GET /static/admin/css/widgets.css HTTP/1.1" 200 11564
[2025-01-25 05:54:46,022] INFO [django.server:213] "POST /admin/User/role/add/ HTTP/1.1" 302 0
[2025-01-25 05:54:46,059] INFO [django.server:213] "GET /admin/User/role/ HTTP/1.1" 200 14808
[2025-01-25 05:54:46,132] INFO [django.server:213] "GET /admin/jsi18n/ HTTP/1.1" 200 3342
[2025-01-25 05:54:46,196] INFO [django.server:213] "GET /static/admin/img/icon-yes.svg HTTP/1.1" 304 0
[2025-01-25 05:54:48,942] INFO [django.server:213] "GET /r HTTP/1.1" 200 10577
[2025-01-25 05:54:48,999] INFO [django.server:213] "GET /graphql/?query=%0A%20%20%20%20%20%20%20%20%20%20%20%20query%20%7B%0A%20%20%20%20%20%20%20%20%20%20%20%20%20%20allRole%20%7B%0A%20%20%20%20%20%20%20%20%20%20%20%20%20%20%20%20name%0A%20%20%20%20%20%20%20%20%20%20%20%20%20%20%20%20description%0A%20%20%20%20%20%20%20%20%20%20%20%20%20%20%7D%0A%20%20%20%20%20%20%20%20%20%20%20%20%7D%0A%20%20%20%20%20%20%20%20%20%20 HTTP/1.1" 200 250
[2025-01-25 05:55:00,445] INFO [django.server:213] "GET /admin/User/customuser/ HTTP/1.1" 200 17841
[2025-01-25 05:55:00,484] INFO [django.server:213] "GET /admin/jsi18n/ HTTP/1.1" 200 3342
[2025-01-25 05:55:25,158] INFO [django.server:213] "POST /graphql/ HTTP/1.1" 200 123
[2025-01-25 05:55:29,251] INFO [django.server:213] "GET /l HTTP/1.1" 200 9208
[2025-01-25 05:55:36,268] INFO [django.server:213] "POST /graphql/ HTTP/1.1" 200 369
[2025-01-25 05:55:36,285] INFO [django.server:213] "GET /d HTTP/1.1" 200 9932
[2025-01-25 05:55:36,381] INFO [django.server:213] "GET /graphql/?query=%0A%20%20%20%20%20%20%20%20query%20%7B%0A%20%20%20%20%20%20%20%20%20%20%20%20allEmployee%20%7B%0A%20%20%20%20%20%20%20%20%20%20%20%20%20%20%20%20id%0A%20%20%20%20%20%20%20%20%20%20%20%20%20%20%20%20employeeId%0A%20%20%20%20%20%20%20%20%20%20%20%20%20%20%20%20address%0A%20%20%20%20%20%20%20%20%20%20%20%20%20%20%20%20user%20%7B%0A%20%20%20%20%20%20%20%20%20%20%20%20%20%20%20%20%20%20%20%20id%0A%20%20%20%20%20%20%20%20%20%20%20%20%20%20%20%20%20%20%20%20username%0A%20%20%20%20%20%20%20%20%20%20%20%20%20%20%20%20%20%20%20%20role%7B%0A%20%20%20%20%20%20%20%20%20%20%20%20%20%20%20%20%20%20%20%20name%0A%20%20%20%20%20%20%20%20%20%20%20%20%20%20%20%20%20%20%20%20%7D%0A%20%20%20%20%20%20%20%20%20%20%20%20%20%20%20%20%7D%0A%20%20%20%20%20%20%20%20%20%20%20%20%20%20%20%20department%20%7B%0A%20%20%20%20%20%20%20%20%20%20%20%20%20%20%20%20%20%20%20%20name%0A%20%20%20%20%20%20%20%20%20%20%20%20%20%20%20%20%7D%0A%20%20%20%20%20%20%20%20%20%20%20%20%7D%0A%20%20%20%20%20%20%20%20%7D%0A%20%20%20%20 HTTP/1.1" 200 953
[2025-01-25 05:55:41,233] INFO [django.server:213] "GET /l HTTP/1.1" 200 9208
[2025-01-25 05:55:48,539] INFO [django.server:213] "POST /graphql/ HTTP/1.1" 200 369
[2025-01-25 05:55:48,557] INFO [django.server:213] "GET /d HTTP/1.1" 200 9932
[2025-01-25 05:55:48,650] INFO [django.server:213] "GET /graphql/?query=%0A%20%20%20%20%20%20%20%20query%20%7B%0A%20%20%20%20%20%20%20%20%20%20%20%20allEmployee%20%7B%0A%20%20%20%20%20%20%20%20%20%20%20%20%20%20%20%20id%0A%20%20%20%20%20%20%20%20%20%20%20%20%20%20%20%20employeeId%0A%20%20%20%20%20%20%20%20%20%20%20%20%20%20%20%20address%0A%20%20%20%20%20%20%20%20%20%20%20%20%20%20%20%20user%20%7B%0A%20%20%20%20%20%20%20%20%20%20%20%20%20%20%20%20%20%20%20%20id%0A%20%20%20%20%20%20%20%20%20%20%20%20%20%20%20%20%20%20%20%20username%0A%20%20%20%20%20%20%20%20%20%20%20%20%20%20%20%20%20%20%20%20role%7B%0A%20%20%20%20%20%20%20%20%20%20%20%20%20%20%20%20%20%20%20%20name%0A%20%20%20%20%20%20%20%20%20%20%20%20%20%20%20%20%20%20%20%20%7D%0A%20%20%20%20%20%20%20%20%20%20%20%20%20%20%20%20%7D%0A%20%20%20%20%20%20%20%20%20%20%20%20%20%20%20%20department%20%7B%0A%20%20%20%20%20%20%20%20%20%20%20%20%20%20%20%20%20%20%20%20name%0A%20%20%20%20%20%20%20%20%20%20%20%20%20%20%20%20%7D%0A%20%20%20%20%20%20%20%20%20%20%20%20%7D%0A%20%20%20%20%20%20%20%20%7D%0A%20%20%20%20 HTTP/1.1" 200 953
[2025-01-25 05:55:55,528] INFO [django.server:213] "GET /admin/User/customuser/ HTTP/1.1" 200 18217
[2025-01-25 05:55:55,574] INFO [django.server:213] "GET /admin/jsi18n/ HTTP/1.1" 200 3342
[2025-01-25 05:55:56,847] INFO [django.server:213] "GET /admin/User/customuser/20/change/ HTTP/1.1" 200 32257
[2025-01-25 05:55:56,890] INFO [django.server:213] "GET /static/admin/js/calendar.js HTTP/1.1" 200 9141
[2025-01-25 05:55:56,891] INFO [django.server:213] "GET /static/admin/js/admin/DateTimeShortcuts.js HTTP/1.1" 200 19319
[2025-01-25 05:55:56,896] INFO [django.server:213] "GET /admin/jsi18n/ HTTP/1.1" 200 3342
[2025-01-25 05:55:56,915] INFO [django.server:213] "GET /static/admin/img/icon-changelink.svg HTTP/1.1" 304 0
[2025-01-25 05:55:56,947] INFO [django.server:213] "GET /static/admin/img/icon-deletelink.svg HTTP/1.1" 304 0
[2025-01-25 05:55:57,020] INFO [django.server:213] "GET /static/admin/img/icon-calendar.svg HTTP/1.1" 200 1086
[2025-01-25 05:55:57,020] INFO [django.server:213] "GET /static/admin/img/icon-clock.svg HTTP/1.1" 200 677
[2025-01-25 05:56:31,631] INFO [django.server:213] "GET /l HTTP/1.1" 200 9208
[2025-01-25 05:56:37,338] INFO [django.server:213] "GET /d HTTP/1.1" 200 9932
[2025-01-25 05:56:37,400] INFO [django.server:213] "GET /graphql/?query=%0A%20%20%20%20%20%20%20%20query%20%7B%0A%20%20%20%20%20%20%20%20%20%20%20%20allEmployee%20%7B%0A%20%20%20%20%20%20%20%20%20%20%20%20%20%20%20%20id%0A%20%20%20%20%20%20%20%20%20%20%20%20%20%20%20%20employeeId%0A%20%20%20%20%20%20%20%20%20%20%20%20%20%20%20%20address%0A%20%20%20%20%20%20%20%20%20%20%20%20%20%20%20%20user%20%7B%0A%20%20%20%20%20%20%20%20%20%20%20%20%20%20%20%20%20%20%20%20id%0A%20%20%20%20%20%20%20%20%20%20%20%20%20%20%20%20%20%20%20%20username%0A%20%20%20%20%20%20%20%20%20%20%20%20%20%20%20%20%20%20%20%20role%7B%0A%20%20%20%20%20%20%20%20%20%20%20%20%20%20%20%20%20%20%20%20name%0A%20%20%20%20%20%20%20%20%20%20%20%20%20%20%20%20%20%20%20%20%7D%0A%20%20%20%20%20%20%20%20%20%20%20%20%20%20%20%20%7D%0A%20%20%20%20%20%20%20%20%20%20%20%20%20%20%20%20department%20%7B%0A%20%20%20%20%20%20%20%20%20%20%20%20%20%20%20%20%20%20%20%20name%0A%20%20%20%20%20%20%20%20%20%20%20%20%20%20%20%20%7D%0A%20%20%20%20%20%20%20%20%20%20%20%20%7D%0A%20%20%20%20%20%20%20%20%7D%0A%20%20%20%20 HTTP/1.1" 200 953
[2025-01-25 05:56:42,272] INFO [django.server:213] "GET /cm HTTP/1.1" 200 7989
[2025-01-25 05:56:42,333] WARNING [django.request:248] Bad Request: /graphql/
[2025-01-25 05:56:42,333] WARNING [django.server:213] "POST /graphql/ HTTP/1.1" 400 140
[2025-01-25 05:57:17,437] INFO [django.utils.autoreload:266] /home/sakib/Desktop/sakib/backend/backend/GraphQL/Employee-management-project/User/schema_user.py changed, reloading.
[2025-01-25 05:57:17,835] INFO [django.utils.autoreload:668] Watching for file changes with StatReloader
[2025-01-25 05:57:26,207] INFO [django.utils.autoreload:266] /home/sakib/Desktop/sakib/backend/backend/GraphQL/Employee-management-project/User/schema_user.py changed, reloading.
[2025-01-25 05:57:26,583] INFO [django.utils.autoreload:668] Watching for file changes with StatReloader
[2025-01-25 05:57:29,718] INFO [django.utils.autoreload:266] /home/sakib/Desktop/sakib/backend/backend/GraphQL/Employee-management-project/User/schema_user.py changed, reloading.
[2025-01-25 05:57:30,115] INFO [django.utils.autoreload:668] Watching for file changes with StatReloader
[2025-01-25 05:57:43,515] INFO [django.utils.autoreload:266] /home/sakib/Desktop/sakib/backend/backend/GraphQL/Employee-management-project/User/schema_user.py changed, reloading.
[2025-01-25 05:57:43,892] INFO [django.utils.autoreload:668] Watching for file changes with StatReloader
[2025-01-25 05:57:47,009] INFO [django.utils.autoreload:266] /home/sakib/Desktop/sakib/backend/backend/GraphQL/Employee-management-project/User/schema_user.py changed, reloading.
[2025-01-25 05:57:47,403] INFO [django.utils.autoreload:668] Watching for file changes with StatReloader
[2025-01-25 05:57:56,769] INFO [django.utils.autoreload:266] /home/sakib/Desktop/sakib/backend/backend/GraphQL/Employee-management-project/User/schema_user.py changed, reloading.
[2025-01-25 05:57:57,139] INFO [django.utils.autoreload:668] Watching for file changes with StatReloader
[2025-01-25 05:58:02,274] INFO [django.utils.autoreload:266] /home/sakib/Desktop/sakib/backend/backend/GraphQL/Employee-management-project/User/schema_user.py changed, reloading.
[2025-01-25 05:58:02,649] INFO [django.utils.autoreload:668] Watching for file changes with StatReloader
[2025-01-25 05:58:05,761] INFO [django.utils.autoreload:266] /home/sakib/Desktop/sakib/backend/backend/GraphQL/Employee-management-project/User/schema_user.py changed, reloading.
[2025-01-25 05:58:06,193] INFO [django.utils.autoreload:668] Watching for file changes with StatReloader
[2025-01-25 05:58:08,493] INFO [django.utils.autoreload:266] /home/sakib/Desktop/sakib/backend/backend/GraphQL/Employee-management-project/User/schema_user.py changed, reloading.
[2025-01-25 05:58:08,889] INFO [django.utils.autoreload:668] Watching for file changes with StatReloader
[2025-01-25 05:58:14,930] INFO [django.server:213] "GET /graphql/ HTTP/1.1" 200 2611
[2025-01-25 05:58:15,136] INFO [django.server:213] "POST /graphql/ HTTP/1.1" 200 57390
[2025-01-25 05:58:31,138] INFO [django.server:213] "POST /graphql/ HTTP/1.1" 200 85
[2025-01-25 05:58:58,563] INFO [django.server:213] "GET /admin/User/customuser/ HTTP/1.1" 200 18217
[2025-01-25 05:58:58,600] INFO [django.server:213] "GET /admin/jsi18n/ HTTP/1.1" 200 3342
[2025-01-25 05:58:58,608] INFO [django.server:213] "GET /static/admin/img/search.svg HTTP/1.1" 304 0
[2025-01-25 05:59:00,260] INFO [django.server:213] "GET /admin/User/customuser/add/ HTTP/1.1" 200 31916
[2025-01-25 05:59:00,297] INFO [django.server:213] "GET /static/admin/js/admin/DateTimeShortcuts.js HTTP/1.1" 200 19319
[2025-01-25 05:59:00,299] INFO [django.server:213] "GET /static/admin/js/calendar.js HTTP/1.1" 200 9141
[2025-01-25 05:59:00,302] INFO [django.server:213] "GET /admin/jsi18n/ HTTP/1.1" 200 3342
[2025-01-25 05:59:00,305] INFO [django.server:213] "GET /static/admin/img/icon-deletelink.svg HTTP/1.1" 304 0
[2025-01-25 05:59:00,399] INFO [django.server:213] "GET /static/admin/img/icon-clock.svg HTTP/1.1" 200 677
[2025-01-25 05:59:00,400] INFO [django.server:213] "GET /static/admin/img/icon-calendar.svg HTTP/1.1" 200 1086
[2025-01-25 05:59:32,015] INFO [django.server:213] "POST /admin/User/customuser/add/ HTTP/1.1" 302 0
[2025-01-25 05:59:32,040] INFO [django.server:213] "GET /admin/User/customuser/ HTTP/1.1" 200 18803
[2025-01-25 05:59:32,105] INFO [django.server:213] "GET /admin/jsi18n/ HTTP/1.1" 200 3342
[2025-01-25 05:59:36,199] INFO [django.server:213] "POST /graphql/ HTTP/1.1" 200 148
[2025-01-25 06:01:16,374] INFO [django.server:213] "GET /cm HTTP/1.1" 200 9014
[2025-01-25 06:01:16,434] WARNING [django.request:248] Bad Request: /graphql/
[2025-01-25 06:01:16,440] WARNING [django.server:213] "POST /graphql/ HTTP/1.1" 400 140
[2025-01-25 06:01:16,444] INFO [django.server:213] "POST /graphql/ HTTP/1.1" 200 148
[2025-01-25 06:01:43,868] INFO [django.server:213] "POST /graphql/ HTTP/1.1" 200 111
[2025-01-25 06:01:47,750] WARNING [django.request:248] Bad Request: /graphql/
[2025-01-25 06:01:47,751] WARNING [django.server:213] "POST /graphql/ HTTP/1.1" 400 140
[2025-01-25 06:02:17,505] INFO [django.utils.autoreload:266] /home/sakib/Desktop/sakib/backend/backend/GraphQL/Employee-management-project/company/mutation.py changed, reloading.
[2025-01-25 06:02:17,894] INFO [django.utils.autoreload:668] Watching for file changes with StatReloader
[2025-01-25 06:02:20,193] INFO [django.server:213] "GET /cm HTTP/1.1" 200 9014
[2025-01-25 06:02:20,279] WARNING [django.request:248] Bad Request: /graphql/
[2025-01-25 06:02:20,280] WARNING [django.server:213] "POST /graphql/ HTTP/1.1" 400 140
[2025-01-25 06:02:20,291] INFO [django.server:213] "POST /graphql/ HTTP/1.1" 200 148
[2025-01-25 06:02:23,996] INFO [django.server:213] "POST /graphql/ HTTP/1.1" 200 175
[2025-01-25 06:02:25,594] WARNING [django.request:248] Bad Request: /graphql/
[2025-01-25 06:02:25,595] WARNING [django.server:213] "POST /graphql/ HTTP/1.1" 400 140
[2025-01-25 06:03:19,046] INFO [django.server:213] "POST /graphql/ HTTP/1.1" 200 100
[2025-01-25 06:03:32,274] INFO [django.server:213] "POST /graphql/ HTTP/1.1" 200 183
[2025-01-25 06:04:39,444] INFO [django.server:213] "GET /admin/company/manager/ HTTP/1.1" 200 14410
[2025-01-25 06:04:39,504] INFO [django.server:213] "GET /admin/jsi18n/ HTTP/1.1" 200 3342
[2025-01-25 06:04:42,449] INFO [django.server:213] "POST /admin/company/manager/ HTTP/1.1" 200 12660
[2025-01-25 06:04:42,486] INFO [django.server:213] "GET /static/admin/js/cancel.js HTTP/1.1" 304 0
[2025-01-25 06:04:43,326] INFO [django.server:213] "POST /admin/company/manager/ HTTP/1.1" 302 0
[2025-01-25 06:04:43,348] INFO [django.server:213] "GET /admin/company/manager/ HTTP/1.1" 200 14282
[2025-01-25 06:04:43,425] INFO [django.server:213] "GET /admin/jsi18n/ HTTP/1.1" 200 3342
[2025-01-25 06:04:48,078] INFO [django.server:213] "GET /cm HTTP/1.1" 200 8807
[2025-01-25 06:04:48,141] INFO [django.server:213] "POST /graphql/ HTTP/1.1" 200 130
[2025-01-25 06:04:48,143] INFO [django.server:213] "POST /graphql/ HTTP/1.1" 200 148
[2025-01-25 06:05:12,673] INFO [django.server:213] "GET /cm HTTP/1.1" 200 8807
[2025-01-25 06:05:12,727] INFO [django.server:213] "POST /graphql/ HTTP/1.1" 200 148
[2025-01-25 06:05:12,727] INFO [django.server:213] "POST /graphql/ HTTP/1.1" 200 130
[2025-01-25 06:05:13,535] INFO [django.server:213] "GET /cm HTTP/1.1" 200 8829
[2025-01-25 06:05:13,577] INFO [django.server:213] "POST /graphql/ HTTP/1.1" 200 130
[2025-01-25 06:05:13,580] INFO [django.server:213] "POST /graphql/ HTTP/1.1" 200 148
[2025-01-25 06:06:01,852] INFO [django.server:213] "GET /cm HTTP/1.1" 200 8870
[2025-01-25 06:06:01,909] INFO [django.server:213] "POST /graphql/ HTTP/1.1" 200 148
[2025-01-25 06:06:01,914] INFO [django.server:213] "POST /graphql/ HTTP/1.1" 200 184
[2025-01-25 06:06:11,729] INFO [django.server:213] "GET /cm HTTP/1.1" 200 8897
[2025-01-25 06:06:11,793] INFO [django.server:213] "POST /graphql/ HTTP/1.1" 200 148
[2025-01-25 06:06:11,798] INFO [django.server:213] "POST /graphql/ HTTP/1.1" 200 184
[2025-01-25 06:06:41,516] INFO [django.server:213] "POST /graphql/ HTTP/1.1" 200 150
[2025-01-25 06:06:42,870] INFO [django.server:213] "POST /graphql/ HTTP/1.1" 200 263
[2025-01-25 06:10:30,269] INFO [django.server:213] "GET /cm HTTP/1.1" 200 9202
[2025-01-25 06:10:30,334] INFO [django.server:213] "POST /graphql/ HTTP/1.1" 200 183
[2025-01-25 06:10:30,337] INFO [django.server:213] "POST /graphql/ HTTP/1.1" 200 148
[2025-01-25 06:11:34,140] INFO [django.server:213] "GET /cm HTTP/1.1" 200 9276
[2025-01-25 06:11:34,203] INFO [django.server:213] "POST /graphql/ HTTP/1.1" 200 148
[2025-01-25 06:11:34,206] INFO [django.server:213] "POST /graphql/ HTTP/1.1" 200 183
[2025-01-25 06:11:51,446] INFO [django.server:213] "GET /cm HTTP/1.1" 200 9276
[2025-01-25 06:11:51,496] INFO [django.server:213] "POST /graphql/ HTTP/1.1" 200 183
[2025-01-25 06:11:51,497] INFO [django.server:213] "POST /graphql/ HTTP/1.1" 200 148
[2025-01-25 06:12:01,471] INFO [django.server:213] "GET /cm HTTP/1.1" 200 9276
[2025-01-25 06:12:01,521] INFO [django.server:213] "POST /graphql/ HTTP/1.1" 200 148
[2025-01-25 06:12:01,529] INFO [django.server:213] "POST /graphql/ HTTP/1.1" 200 183
[2025-01-25 06:12:14,008] INFO [django.server:213] "GET /cm HTTP/1.1" 200 9296
[2025-01-25 06:12:14,066] INFO [django.server:213] "POST /graphql/ HTTP/1.1" 200 263
[2025-01-25 06:12:14,066] INFO [django.server:213] "POST /graphql/ HTTP/1.1" 200 148
[2025-01-25 06:12:15,437] INFO [django.server:213] "GET /cm HTTP/1.1" 200 9296
[2025-01-25 06:12:15,488] INFO [django.server:213] "POST /graphql/ HTTP/1.1" 200 148
[2025-01-25 06:12:15,490] INFO [django.server:213] "POST /graphql/ HTTP/1.1" 200 263
[2025-01-25 06:12:17,402] INFO [django.server:213] "GET /cm HTTP/1.1" 200 9296
[2025-01-25 06:12:17,447] INFO [django.server:213] "POST /graphql/ HTTP/1.1" 200 148
[2025-01-25 06:12:17,451] INFO [django.server:213] "POST /graphql/ HTTP/1.1" 200 263
[2025-01-25 06:12:18,354] INFO [django.server:213] "GET /cm HTTP/1.1" 200 9296
[2025-01-25 06:12:18,402] INFO [django.server:213] "POST /graphql/ HTTP/1.1" 200 263
[2025-01-25 06:12:18,403] INFO [django.server:213] "POST /graphql/ HTTP/1.1" 200 148
[2025-01-25 06:12:18,861] INFO [django.server:213] "GET /cm HTTP/1.1" 200 9296
[2025-01-25 06:12:18,905] INFO [django.server:213] "POST /graphql/ HTTP/1.1" 200 148
[2025-01-25 06:12:18,914] INFO [django.server:213] "POST /graphql/ HTTP/1.1" 200 263
[2025-01-25 06:12:19,308] INFO [django.server:213] "GET /cm HTTP/1.1" 200 9296
[2025-01-25 06:12:19,359] INFO [django.server:213] "POST /graphql/ HTTP/1.1" 200 148
[2025-01-25 06:12:19,361] INFO [django.server:213] "POST /graphql/ HTTP/1.1" 200 263
[2025-01-25 06:12:19,737] INFO [django.server:213] "GET /cm HTTP/1.1" 200 9296
[2025-01-25 06:12:19,780] INFO [django.server:213] "POST /graphql/ HTTP/1.1" 200 148
[2025-01-25 06:12:19,784] INFO [django.server:213] "POST /graphql/ HTTP/1.1" 200 263
[2025-01-25 06:12:20,169] INFO [django.server:213] "GET /cm HTTP/1.1" 200 9296
[2025-01-25 06:12:20,215] INFO [django.server:213] "POST /graphql/ HTTP/1.1" 200 148
[2025-01-25 06:12:20,215] INFO [django.server:213] "POST /graphql/ HTTP/1.1" 200 263
[2025-01-25 06:12:20,704] INFO [django.server:213] "GET /cm HTTP/1.1" 200 9296
[2025-01-25 06:12:20,754] INFO [django.server:213] "POST /graphql/ HTTP/1.1" 200 263
[2025-01-25 06:12:20,758] INFO [django.server:213] "POST /graphql/ HTTP/1.1" 200 148
[2025-01-25 06:12:21,296] INFO [django.server:213] "GET /cm HTTP/1.1" 200 9296
[2025-01-25 06:12:21,338] INFO [django.server:213] "POST /graphql/ HTTP/1.1" 200 148
[2025-01-25 06:12:21,346] INFO [django.server:213] "POST /graphql/ HTTP/1.1" 200 263
[2025-01-25 06:12:48,561] INFO [django.server:213] "GET /cm HTTP/1.1" 200 9296
[2025-01-25 06:12:48,605] INFO [django.server:213] "POST /graphql/ HTTP/1.1" 200 148
[2025-01-25 06:12:48,613] INFO [django.server:213] "POST /graphql/ HTTP/1.1" 200 263
[2025-01-25 06:13:53,724] INFO [django.server:213] "GET /cm HTTP/1.1" 200 9296
[2025-01-25 06:13:53,786] INFO [django.server:213] "POST /graphql/ HTTP/1.1" 200 263
[2025-01-25 06:13:53,786] INFO [django.server:213] "POST /graphql/ HTTP/1.1" 200 148
[2025-01-25 06:15:28,156] INFO [django.utils.autoreload:266] /home/sakib/Desktop/sakib/backend/backend/GraphQL/Employee-management-project/frontend/views.py changed, reloading.
[2025-01-25 06:15:28,693] INFO [django.utils.autoreload:668] Watching for file changes with StatReloader
[2025-01-25 06:15:31,018] INFO [django.utils.autoreload:266] /home/sakib/Desktop/sakib/backend/backend/GraphQL/Employee-management-project/frontend/views.py changed, reloading.
[2025-01-25 06:15:31,644] INFO [django.utils.autoreload:668] Watching for file changes with StatReloader
[2025-01-25 06:15:32,918] INFO [django.utils.autoreload:266] /home/sakib/Desktop/sakib/backend/backend/GraphQL/Employee-management-project/frontend/views.py changed, reloading.
[2025-01-25 06:15:33,313] INFO [django.utils.autoreload:668] Watching for file changes with StatReloader
[2025-01-25 06:15:36,600] INFO [django.utils.autoreload:266] /home/sakib/Desktop/sakib/backend/backend/GraphQL/Employee-management-project/frontend/views.py changed, reloading.
[2025-01-25 06:15:37,020] INFO [django.utils.autoreload:668] Watching for file changes with StatReloader
[2025-01-25 06:15:41,296] INFO [django.utils.autoreload:266] /home/sakib/Desktop/sakib/backend/backend/GraphQL/Employee-management-project/frontend/views.py changed, reloading.
[2025-01-25 06:15:41,701] INFO [django.utils.autoreload:668] Watching for file changes with StatReloader
[2025-01-25 06:15:48,024] INFO [django.utils.autoreload:266] /home/sakib/Desktop/sakib/backend/backend/GraphQL/Employee-management-project/frontend/views.py changed, reloading.
[2025-01-25 06:15:48,518] INFO [django.utils.autoreload:668] Watching for file changes with StatReloader
[2025-01-25 06:15:52,906] INFO [django.utils.autoreload:266] /home/sakib/Desktop/sakib/backend/backend/GraphQL/Employee-management-project/frontend/views.py changed, reloading.
[2025-01-25 06:15:53,353] INFO [django.utils.autoreload:668] Watching for file changes with StatReloader
[2025-01-25 06:15:59,671] INFO [django.utils.autoreload:266] /home/sakib/Desktop/sakib/backend/backend/GraphQL/Employee-management-project/frontend/views.py changed, reloading.
[2025-01-25 06:16:00,134] INFO [django.utils.autoreload:668] Watching for file changes with StatReloader
[2025-01-25 06:16:01,391] INFO [django.utils.autoreload:266] /home/sakib/Desktop/sakib/backend/backend/GraphQL/Employee-management-project/frontend/views.py changed, reloading.
[2025-01-25 06:16:01,789] INFO [django.utils.autoreload:668] Watching for file changes with StatReloader
[2025-01-25 06:16:04,082] INFO [django.utils.autoreload:266] /home/sakib/Desktop/sakib/backend/backend/GraphQL/Employee-management-project/frontend/views.py changed, reloading.
[2025-01-25 06:16:04,519] INFO [django.utils.autoreload:668] Watching for file changes with StatReloader
[2025-01-25 06:16:06,775] INFO [django.utils.autoreload:266] /home/sakib/Desktop/sakib/backend/backend/GraphQL/Employee-management-project/frontend/views.py changed, reloading.
[2025-01-25 06:16:07,208] INFO [django.utils.autoreload:668] Watching for file changes with StatReloader
[2025-01-25 06:16:25,672] INFO [django.utils.autoreload:266] /home/sakib/Desktop/sakib/backend/backend/GraphQL/Employee-management-project/EmployeeManagement/urls.py changed, reloading.
[2025-01-25 06:16:26,089] INFO [django.utils.autoreload:668] Watching for file changes with StatReloader
[2025-01-25 06:16:28,384] INFO [django.utils.autoreload:266] /home/sakib/Desktop/sakib/backend/backend/GraphQL/Employee-management-project/EmployeeManagement/urls.py changed, reloading.
[2025-01-25 06:16:28,840] INFO [django.utils.autoreload:668] Watching for file changes with StatReloader
[2025-01-25 06:16:35,212] INFO [django.utils.autoreload:266] /home/sakib/Desktop/sakib/backend/backend/GraphQL/Employee-management-project/EmployeeManagement/urls.py changed, reloading.
[2025-01-25 06:16:35,715] INFO [django.utils.autoreload:668] Watching for file changes with StatReloader
[2025-01-25 06:16:47,108] INFO [django.utils.autoreload:266] /home/sakib/Desktop/sakib/backend/backend/GraphQL/Employee-management-project/EmployeeManagement/urls.py changed, reloading.
[2025-01-25 06:16:47,481] INFO [django.utils.autoreload:668] Watching for file changes with StatReloader
[2025-01-25 06:16:55,375] INFO [django.server:213] "GET /d HTTP/1.1" 200 14574
[2025-01-25 06:16:55,450] INFO [django.server:213] "GET /graphql/?query=%0A%20%20%20%20%20%20%20%20query%20%7B%0A%20%20%20%20%20%20%20%20%20%20%20%20allEmployee%20%7B%0A%20%20%20%20%20%20%20%20%20%20%20%20%20%20%20%20id%0A%20%20%20%20%20%20%20%20%20%20%20%20%20%20%20%20employeeId%0A%20%20%20%20%20%20%20%20%20%20%20%20%20%20%20%20address%0A%20%20%20%20%20%20%20%20%20%20%20%20%20%20%20%20user%20%7B%0A%20%20%20%20%20%20%20%20%20%20%20%20%20%20%20%20%20%20%20%20id%0A%20%20%20%20%20%20%20%20%20%20%20%20%20%20%20%20%20%20%20%20username%0A%20%20%20%20%20%20%20%20%20%20%20%20%20%20%20%20%20%20%20%20role%7B%0A%20%20%20%20%20%20%20%20%20%20%20%20%20%20%20%20%20%20%20%20name%0A%20%20%20%20%20%20%20%20%20%20%20%20%20%20%20%20%20%20%20%20%7D%0A%20%20%20%20%20%20%20%20%20%20%20%20%20%20%20%20%7D%0A%20%20%20%20%20%20%20%20%20%20%20%20%20%20%20%20department%20%7B%0A%20%20%20%20%20%20%20%20%20%20%20%20%20%20%20%20%20%20%20%20name%0A%20%20%20%20%20%20%20%20%20%20%20%20%20%20%20%20%7D%0A%20%20%20%20%20%20%20%20%20%20%20%20%7D%0A%20%20%20%20%20%20%20%20%7D%0A%20%20%20%20 HTTP/1.1" 200 953
[2025-01-25 06:16:56,557] INFO [django.server:213] "GET /ae HTTP/1.1" 200 0
[2025-01-25 06:18:38,421] INFO [django.server:213] "GET /ae HTTP/1.1" 200 10414
[2025-01-25 06:18:38,494] INFO [django.server:213] "POST /graphql/ HTTP/1.1" 200 93
[2025-01-25 06:18:38,500] INFO [django.server:213] "POST /graphql/ HTTP/1.1" 200 165
[2025-01-25 06:19:32,391] WARNING [django.request:248] Bad Request: /graphql/
[2025-01-25 06:19:32,391] WARNING [django.server:213] "POST /graphql/ HTTP/1.1" 400 162
[2025-01-25 06:19:33,981] WARNING [django.request:248] Bad Request: /graphql/
[2025-01-25 06:19:33,981] WARNING [django.server:213] "POST /graphql/ HTTP/1.1" 400 162
[2025-01-25 06:24:54,449] INFO [django.server:213] "GET /ae HTTP/1.1" 200 9722
[2025-01-25 06:24:54,515] INFO [django.server:213] "POST /graphql/ HTTP/1.1" 200 148
[2025-01-25 06:24:54,523] INFO [django.server:213] "POST /graphql/ HTTP/1.1" 200 165
[2025-01-25 06:25:25,118] INFO [django.utils.autoreload:266] /home/sakib/Desktop/sakib/backend/backend/GraphQL/Employee-management-project/company/schema_company.py changed, reloading.
[2025-01-25 06:25:25,668] INFO [django.utils.autoreload:668] Watching for file changes with StatReloader
[2025-01-25 06:25:33,035] INFO [django.utils.autoreload:266] /home/sakib/Desktop/sakib/backend/backend/GraphQL/Employee-management-project/company/schema_company.py changed, reloading.
[2025-01-25 06:25:33,453] INFO [django.utils.autoreload:668] Watching for file changes with StatReloader
[2025-01-25 06:26:18,324] INFO [django.utils.autoreload:266] /home/sakib/Desktop/sakib/backend/backend/GraphQL/Employee-management-project/company/schema_company.py changed, reloading.
[2025-01-25 06:26:18,804] INFO [django.utils.autoreload:668] Watching for file changes with StatReloader
[2025-01-25 06:26:21,106] INFO [django.utils.autoreload:266] /home/sakib/Desktop/sakib/backend/backend/GraphQL/Employee-management-project/company/schema_company.py changed, reloading.
[2025-01-25 06:26:21,594] INFO [django.utils.autoreload:668] Watching for file changes with StatReloader
[2025-01-25 06:26:24,879] INFO [django.utils.autoreload:266] /home/sakib/Desktop/sakib/backend/backend/GraphQL/Employee-management-project/company/schema_company.py changed, reloading.
[2025-01-25 06:26:25,475] INFO [django.utils.autoreload:668] Watching for file changes with StatReloader
[2025-01-25 06:26:29,667] INFO [django.utils.autoreload:266] /home/sakib/Desktop/sakib/backend/backend/GraphQL/Employee-management-project/company/schema_company.py changed, reloading.
[2025-01-25 06:26:30,049] INFO [django.utils.autoreload:668] Watching for file changes with StatReloader
[2025-01-25 06:26:32,201] INFO [django.utils.autoreload:266] /home/sakib/Desktop/sakib/backend/backend/GraphQL/Employee-management-project/company/schema_company.py changed, reloading.
[2025-01-25 06:26:32,605] INFO [django.utils.autoreload:668] Watching for file changes with StatReloader
[2025-01-25 06:26:34,741] INFO [django.utils.autoreload:266] /home/sakib/Desktop/sakib/backend/backend/GraphQL/Employee-management-project/company/schema_company.py changed, reloading.
[2025-01-25 06:26:35,170] INFO [django.utils.autoreload:668] Watching for file changes with StatReloader
[2025-01-25 06:26:49,613] INFO [django.utils.autoreload:266] /home/sakib/Desktop/sakib/backend/backend/GraphQL/Employee-management-project/company/schema_company.py changed, reloading.
[2025-01-25 06:26:50,096] INFO [django.utils.autoreload:668] Watching for file changes with StatReloader
[2025-01-25 06:26:53,405] INFO [django.utils.autoreload:266] /home/sakib/Desktop/sakib/backend/backend/GraphQL/Employee-management-project/company/schema_company.py changed, reloading.
[2025-01-25 06:26:53,932] INFO [django.utils.autoreload:668] Watching for file changes with StatReloader
[2025-01-25 06:26:59,247] INFO [django.utils.autoreload:266] /home/sakib/Desktop/sakib/backend/backend/GraphQL/Employee-management-project/company/schema_company.py changed, reloading.
[2025-01-25 06:26:59,755] INFO [django.utils.autoreload:668] Watching for file changes with StatReloader
[2025-01-25 06:27:02,028] INFO [django.utils.autoreload:266] /home/sakib/Desktop/sakib/backend/backend/GraphQL/Employee-management-project/company/schema_company.py changed, reloading.
[2025-01-25 06:27:02,539] INFO [django.utils.autoreload:668] Watching for file changes with StatReloader
[2025-01-25 06:27:11,867] INFO [django.utils.autoreload:266] /home/sakib/Desktop/sakib/backend/backend/GraphQL/Employee-management-project/company/schema_company.py changed, reloading.
[2025-01-25 06:27:12,266] INFO [django.utils.autoreload:668] Watching for file changes with StatReloader
[2025-01-25 06:27:15,531] INFO [django.utils.autoreload:266] /home/sakib/Desktop/sakib/backend/backend/GraphQL/Employee-management-project/company/schema_company.py changed, reloading.
[2025-01-25 06:27:16,059] INFO [django.utils.autoreload:668] Watching for file changes with StatReloader
[2025-01-25 06:27:17,329] INFO [django.utils.autoreload:266] /home/sakib/Desktop/sakib/backend/backend/GraphQL/Employee-management-project/company/schema_company.py changed, reloading.
[2025-01-25 06:27:17,709] INFO [django.utils.autoreload:668] Watching for file changes with StatReloader
[2025-01-25 06:27:20,002] INFO [django.utils.autoreload:266] /home/sakib/Desktop/sakib/backend/backend/GraphQL/Employee-management-project/company/schema_company.py changed, reloading.
[2025-01-25 06:27:20,490] INFO [django.utils.autoreload:668] Watching for file changes with StatReloader
[2025-01-25 06:27:22,764] INFO [django.utils.autoreload:266] /home/sakib/Desktop/sakib/backend/backend/GraphQL/Employee-management-project/company/schema_company.py changed, reloading.
[2025-01-25 06:27:23,288] INFO [django.utils.autoreload:668] Watching for file changes with StatReloader
[2025-01-25 06:27:50,198] INFO [django.server:213] "POST /graphql/ HTTP/1.1" 200 352
[2025-01-25 06:28:43,284] INFO [django.server:213] "GET /ae HTTP/1.1" 200 10423
[2025-01-25 06:28:43,346] WARNING [django.request:248] Bad Request: /graphql/
[2025-01-25 06:28:43,354] WARNING [django.server:213] "POST /graphql/ HTTP/1.1" 400 163
[2025-01-25 06:28:43,359] INFO [django.server:213] "POST /graphql/ HTTP/1.1" 200 93
[2025-01-25 06:29:29,424] INFO [django.server:213] "GET /ae HTTP/1.1" 200 9731
[2025-01-25 06:29:29,477] WARNING [django.request:248] Bad Request: /graphql/
[2025-01-25 06:29:29,478] WARNING [django.server:213] "POST /graphql/ HTTP/1.1" 400 163
[2025-01-25 06:29:29,486] INFO [django.server:213] "POST /graphql/ HTTP/1.1" 200 148
[2025-01-25 06:29:31,887] INFO [django.server:213] "GET /ae HTTP/1.1" 200 9731
[2025-01-25 06:29:31,935] WARNING [django.request:248] Bad Request: /graphql/
[2025-01-25 06:29:31,937] WARNING [django.server:213] "POST /graphql/ HTTP/1.1" 400 163
[2025-01-25 06:29:31,944] INFO [django.server:213] "POST /graphql/ HTTP/1.1" 200 148
[2025-01-25 06:29:54,051] INFO [django.server:213] "GET /ae HTTP/1.1" 200 9731
[2025-01-25 06:29:54,096] WARNING [django.request:248] Bad Request: /graphql/
[2025-01-25 06:29:54,099] WARNING [django.server:213] "POST /graphql/ HTTP/1.1" 400 163
[2025-01-25 06:29:54,106] INFO [django.server:213] "POST /graphql/ HTTP/1.1" 200 148
[2025-01-25 06:30:02,659] INFO [django.server:213] "GET /graphql/ HTTP/1.1" 200 2611
[2025-01-25 06:30:02,848] INFO [django.server:213] "POST /graphql/ HTTP/1.1" 200 57390
[2025-01-25 06:30:05,088] INFO [django.server:213] "POST /graphql/ HTTP/1.1" 200 352
[2025-01-25 06:46:56,222] INFO [django.server:213] "GET /ae HTTP/1.1" 200 9775
[2025-01-25 06:46:56,282] WARNING [django.request:248] Bad Request: /graphql/
[2025-01-25 06:46:56,284] WARNING [django.server:213] "POST /graphql/ HTTP/1.1" 400 163
[2025-01-25 06:46:56,289] INFO [django.server:213] "POST /graphql/ HTTP/1.1" 200 148
[2025-01-25 06:47:01,904] INFO [django.server:213] "GET /ae HTTP/1.1" 200 9775
[2025-01-25 06:47:01,949] WARNING [django.request:248] Bad Request: /graphql/
[2025-01-25 06:47:01,953] WARNING [django.server:213] "POST /graphql/ HTTP/1.1" 400 163
[2025-01-25 06:47:01,956] INFO [django.server:213] "POST /graphql/ HTTP/1.1" 200 148
[2025-01-25 06:47:54,779] INFO [django.server:213] "GET /ae HTTP/1.1" 200 9730
[2025-01-25 06:47:54,956] INFO [django.server:213] "POST /graphql/ HTTP/1.1" 200 148
[2025-01-25 06:47:54,963] INFO [django.server:213] "POST /graphql/ HTTP/1.1" 200 352
[2025-01-25 06:48:13,472] INFO [django.server:213] "POST /graphql/ HTTP/1.1" 200 352
[2025-01-25 06:48:33,434] INFO [django.server:213] "GET /ae HTTP/1.1" 200 9673
[2025-01-25 06:48:33,550] WARNING [django.request:248] Bad Request: /graphql/
[2025-01-25 06:48:33,551] WARNING [django.server:213] "POST /graphql/ HTTP/1.1" 400 102
[2025-01-25 06:48:33,558] INFO [django.server:213] "POST /graphql/ HTTP/1.1" 200 148
[2025-01-25 06:48:48,804] INFO [django.server:213] "GET /ae HTTP/1.1" 200 9672
[2025-01-25 06:48:48,938] INFO [django.server:213] "POST /graphql/ HTTP/1.1" 200 148
[2025-01-25 06:48:48,947] INFO [django.server:213] "POST /graphql/ HTTP/1.1" 200 352
[2025-01-25 06:49:55,980] INFO [django.server:213] "GET /ae HTTP/1.1" 200 9792
[2025-01-25 06:49:56,128] INFO [django.server:213] "POST /graphql/ HTTP/1.1" 200 352
[2025-01-25 06:49:56,138] INFO [django.server:213] "POST /graphql/ HTTP/1.1" 200 352
[2025-01-25 06:50:20,023] INFO [django.server:213] "GET /ae HTTP/1.1" 200 9839
[2025-01-25 06:50:20,174] INFO [django.server:213] "POST /graphql/ HTTP/1.1" 200 352
[2025-01-25 06:50:20,180] INFO [django.server:213] "POST /graphql/ HTTP/1.1" 200 352
[2025-01-25 06:50:42,394] INFO [django.server:213] "GET /ae HTTP/1.1" 200 9837
[2025-01-25 06:50:42,548] INFO [django.server:213] "POST /graphql/ HTTP/1.1" 200 352
[2025-01-25 06:50:42,549] INFO [django.server:213] "POST /graphql/ HTTP/1.1" 200 352
[2025-01-25 06:51:50,495] INFO [django.server:213] "GET /ae HTTP/1.1" 200 9885
[2025-01-25 06:51:50,673] INFO [django.server:213] "POST /graphql/ HTTP/1.1" 200 352
[2025-01-25 06:51:50,675] INFO [django.server:213] "POST /graphql/ HTTP/1.1" 200 352
[2025-01-25 06:52:26,191] INFO [django.server:213] "GET /ae HTTP/1.1" 200 9893
[2025-01-25 06:52:26,315] INFO [django.server:213] "POST /graphql/ HTTP/1.1" 200 352
[2025-01-25 06:52:26,318] INFO [django.server:213] "POST /graphql/ HTTP/1.1" 200 352
[2025-01-25 06:52:27,389] INFO [django.server:213] "GET /ae HTTP/1.1" 200 9893
[2025-01-25 06:52:27,517] INFO [django.server:213] "POST /graphql/ HTTP/1.1" 200 352
[2025-01-25 06:52:27,520] INFO [django.server:213] "POST /graphql/ HTTP/1.1" 200 352
[2025-01-25 06:52:35,364] INFO [django.server:213] "GET /ae HTTP/1.1" 200 9888
[2025-01-25 06:52:35,534] INFO [django.server:213] "POST /graphql/ HTTP/1.1" 200 352
[2025-01-25 06:52:35,548] INFO [django.server:213] "POST /graphql/ HTTP/1.1" 200 352
[2025-01-25 06:52:41,004] INFO [django.server:213] "GET /ae HTTP/1.1" 200 9893
[2025-01-25 06:52:41,166] INFO [django.server:213] "POST /graphql/ HTTP/1.1" 200 352
[2025-01-25 06:52:41,167] INFO [django.server:213] "POST /graphql/ HTTP/1.1" 200 352
[2025-01-25 06:53:21,900] INFO [django.server:213] "GET /ae HTTP/1.1" 200 9909
[2025-01-25 06:53:22,030] INFO [django.server:213] "POST /graphql/ HTTP/1.1" 200 352
[2025-01-25 06:53:22,039] INFO [django.server:213] "POST /graphql/ HTTP/1.1" 200 352
[2025-01-25 06:55:43,955] INFO [django.server:213] "GET /ae HTTP/1.1" 200 9920
[2025-01-25 06:55:44,113] INFO [django.server:213] "POST /graphql/ HTTP/1.1" 200 352
[2025-01-25 06:55:44,117] INFO [django.server:213] "POST /graphql/ HTTP/1.1" 200 352
[2025-01-25 06:56:11,418] INFO [django.server:213] "GET /ae HTTP/1.1" 200 9929
[2025-01-25 06:56:11,549] INFO [django.server:213] "POST /graphql/ HTTP/1.1" 200 352
[2025-01-25 06:56:11,556] INFO [django.server:213] "POST /graphql/ HTTP/1.1" 200 352
[2025-01-25 06:56:37,058] INFO [django.server:213] "GET /ae HTTP/1.1" 200 9990
[2025-01-25 06:56:37,181] INFO [django.server:213] "POST /graphql/ HTTP/1.1" 200 352
[2025-01-25 06:56:37,196] INFO [django.server:213] "POST /graphql/ HTTP/1.1" 200 352
[2025-01-25 06:58:49,889] INFO [django.server:213] "GET /ae HTTP/1.1" 200 9996
[2025-01-25 06:58:50,013] INFO [django.server:213] "POST /graphql/ HTTP/1.1" 200 352
[2025-01-25 06:58:51,011] INFO [django.server:213] "GET /ae HTTP/1.1" 200 9996
[2025-01-25 06:58:51,135] INFO [django.server:213] "POST /graphql/ HTTP/1.1" 200 352
[2025-01-25 07:00:26,536] INFO [django.server:213] "GET /ae HTTP/1.1" 200 10010
[2025-01-25 07:00:26,679] INFO [django.server:213] "POST /graphql/ HTTP/1.1" 200 352
[2025-01-25 07:00:45,604] WARNING [django.request:248] Bad Request: /graphql/
[2025-01-25 07:00:45,605] WARNING [django.server:213] "POST /graphql/ HTTP/1.1" 400 124
[2025-01-25 07:04:40,958] INFO [django.server:213] "GET /ae HTTP/1.1" 200 10013
[2025-01-25 07:04:41,152] INFO [django.server:213] "POST /graphql/ HTTP/1.1" 200 352
[2025-01-25 07:07:18,662] INFO [django.server:213] "GET /ae HTTP/1.1" 200 10187
[2025-01-25 07:07:18,799] INFO [django.server:213] "POST /graphql/ HTTP/1.1" 200 352
[2025-01-25 07:07:52,478] INFO [django.server:213] "GET /ae HTTP/1.1" 200 10178
[2025-01-25 07:07:52,612] INFO [django.server:213] "POST /graphql/ HTTP/1.1" 200 352
[2025-01-25 07:08:51,719] INFO [django.server:213] "GET /ae HTTP/1.1" 200 10193
[2025-01-25 07:09:36,430] INFO [django.server:213] "GET /ae HTTP/1.1" 200 10144
[2025-01-25 07:09:36,551] INFO [django.server:213] "POST /graphql/ HTTP/1.1" 200 352
[2025-01-25 07:09:49,356] INFO [django.server:213] "GET /ae HTTP/1.1" 200 10135
[2025-01-25 07:09:49,473] INFO [django.server:213] "POST /graphql/ HTTP/1.1" 200 352
[2025-01-25 07:10:02,428] INFO [django.server:213] "GET /ae HTTP/1.1" 200 10098
[2025-01-25 07:10:02,542] INFO [django.server:213] "POST /graphql/ HTTP/1.1" 200 352
[2025-01-25 07:10:28,256] INFO [django.server:213] "GET /ae HTTP/1.1" 200 10120
[2025-01-25 07:10:28,392] INFO [django.server:213] "POST /graphql/ HTTP/1.1" 200 519
[2025-01-25 07:11:06,120] INFO [django.utils.autoreload:266] /home/sakib/Desktop/sakib/backend/backend/GraphQL/Employee-management-project/Employee/schema_employee.py changed, reloading.
[2025-01-25 07:11:06,607] INFO [django.utils.autoreload:668] Watching for file changes with StatReloader
[2025-01-25 07:11:11,447] INFO [django.server:213] "GET /admin/Employee/attendance/ HTTP/1.1" 200 22084
[2025-01-25 07:11:11,484] INFO [django.server:213] "GET /admin/jsi18n/ HTTP/1.1" 200 3342
[2025-01-25 07:11:12,903] INFO [django.server:213] "GET /admin/Employee/employees/ HTTP/1.1" 200 15227
[2025-01-25 07:11:12,927] INFO [django.server:213] "GET /admin/jsi18n/ HTTP/1.1" 200 3342
[2025-01-25 07:11:14,391] INFO [django.server:213] "GET /admin/Employee/employees/6/change/ HTTP/1.1" 200 19912
[2025-01-25 07:11:14,417] INFO [django.server:213] "GET /admin/jsi18n/ HTTP/1.1" 200 3342
[2025-01-25 07:11:19,290] INFO [django.server:213] "GET /admin/Employee/employees/ HTTP/1.1" 200 15227
[2025-01-25 07:11:20,290] INFO [django.server:213] "GET /admin/Employee/employees/8/change/ HTTP/1.1" 200 19916
[2025-01-25 07:11:20,311] INFO [django.server:213] "GET /admin/jsi18n/ HTTP/1.1" 200 3342
[2025-01-25 07:11:24,738] INFO [django.server:213] "GET /admin/Employee/employees/ HTTP/1.1" 200 15227
[2025-01-25 07:11:29,196] INFO [django.server:213] "POST /admin/Employee/employees/ HTTP/1.1" 200 13400
[2025-01-25 07:11:30,190] INFO [django.server:213] "POST /admin/Employee/employees/ HTTP/1.1" 302 0
[2025-01-25 07:11:30,211] INFO [django.server:213] "GET /admin/Employee/employees/ HTTP/1.1" 200 15102
[2025-01-25 07:11:30,270] INFO [django.server:213] "GET /admin/jsi18n/ HTTP/1.1" 200 3342
[2025-01-25 07:11:32,587] INFO [django.server:213] "GET /admin/User/customuser/ HTTP/1.1" 200 18602
[2025-01-25 07:11:32,614] INFO [django.server:213] "GET /admin/jsi18n/ HTTP/1.1" 200 3342
[2025-01-25 07:11:36,200] INFO [django.server:213] "GET /admin/User/customuser/ HTTP/1.1" 200 18602
[2025-01-25 07:11:36,227] INFO [django.server:213] "GET /admin/jsi18n/ HTTP/1.1" 200 3342
[2025-01-25 07:11:44,651] INFO [django.server:213] "GET /ae HTTP/1.1" 200 10120
[2025-01-25 07:11:44,718] INFO [django.server:213] "POST /graphql/ HTTP/1.1" 200 441
[2025-01-25 07:12:11,153] INFO [django.server:213] "GET /admin/company/manager/ HTTP/1.1" 200 14410
[2025-01-25 07:12:11,210] INFO [django.server:213] "GET /admin/jsi18n/ HTTP/1.1" 200 3342
[2025-01-25 07:12:12,131] INFO [django.server:213] "GET /admin/company/manager/11/change/ HTTP/1.1" 200 17782
[2025-01-25 07:12:12,182] INFO [django.server:213] "GET /admin/jsi18n/ HTTP/1.1" 200 3342
[2025-01-25 07:12:15,760] INFO [django.server:213] "POST /admin/company/manager/11/change/ HTTP/1.1" 302 0
[2025-01-25 07:12:15,813] INFO [django.server:213] "GET /admin/company/manager/ HTTP/1.1" 200 14614
[2025-01-25 07:12:15,895] INFO [django.server:213] "GET /admin/jsi18n/ HTTP/1.1" 200 3342
[2025-01-25 07:12:21,845] INFO [django.server:213] "GET /admin/company/manager/11/change/ HTTP/1.1" 200 17764
[2025-01-25 07:12:21,895] INFO [django.server:213] "GET /admin/jsi18n/ HTTP/1.1" 200 3342
[2025-01-25 07:12:25,934] INFO [django.server:213] "GET /ae HTTP/1.1" 200 10120
[2025-01-25 07:12:26,013] INFO [django.server:213] "POST /graphql/ HTTP/1.1" 200 441
[2025-01-25 07:12:50,681] INFO [django.server:213] "GET /admin/Employee/employees/ HTTP/1.1" 200 14963
[2025-01-25 07:12:50,728] INFO [django.server:213] "GET /admin/jsi18n/ HTTP/1.1" 200 3342
[2025-01-25 07:12:58,060] INFO [django.server:213] "GET /admin/Employee/employees/add/ HTTP/1.1" 200 19644
[2025-01-25 07:12:58,104] INFO [django.server:213] "GET /admin/jsi18n/ HTTP/1.1" 200 3342
[2025-01-25 07:13:13,016] INFO [django.server:213] "GET /admin/Employee/employees/ HTTP/1.1" 200 14963
[2025-01-25 07:13:16,504] INFO [django.server:213] "POST /admin/Employee/employees/ HTTP/1.1" 200 16616
[2025-01-25 07:13:18,400] INFO [django.server:213] "POST /admin/Employee/employees/ HTTP/1.1" 302 0
[2025-01-25 07:13:18,422] INFO [django.server:213] "GET /admin/Employee/employees/ HTTP/1.1" 200 12758
[2025-01-25 07:13:18,502] INFO [django.server:213] "GET /admin/jsi18n/ HTTP/1.1" 200 3342
[2025-01-25 07:13:28,555] INFO [django.server:213] "GET /admin/User/customuser/ HTTP/1.1" 200 18602
[2025-01-25 07:13:28,605] INFO [django.server:213] "GET /admin/jsi18n/ HTTP/1.1" 200 3342
[2025-01-25 07:13:40,701] INFO [django.server:213] "GET /admin/Employee/employees/ HTTP/1.1" 200 12618
[2025-01-25 07:13:40,806] INFO [django.server:213] "GET /admin/jsi18n/ HTTP/1.1" 200 3342
[2025-01-25 07:13:42,900] INFO [django.server:213] "GET /admin/Employee/employees/add/ HTTP/1.1" 200 19644
[2025-01-25 07:13:42,945] INFO [django.server:213] "GET /admin/jsi18n/ HTTP/1.1" 200 3342
[2025-01-25 07:14:38,952] INFO [django.server:213] "GET /d HTTP/1.1" 200 12022
[2025-01-25 07:14:39,014] INFO [django.server:213] "GET /graphql/?query=%0A%20%20%20%20%20%20%20%20query%20%7B%0A%20%20%20%20%20%20%20%20%20%20%20%20allEmployee%20%7B%0A%20%20%20%20%20%20%20%20%20%20%20%20%20%20%20%20id%0A%20%20%20%20%20%20%20%20%20%20%20%20%20%20%20%20employeeId%0A%20%20%20%20%20%20%20%20%20%20%20%20%20%20%20%20address%0A%20%20%20%20%20%20%20%20%20%20%20%20%20%20%20%20user%20%7B%0A%20%20%20%20%20%20%20%20%20%20%20%20%20%20%20%20%20%20%20%20id%0A%20%20%20%20%20%20%20%20%20%20%20%20%20%20%20%20%20%20%20%20username%0A%20%20%20%20%20%20%20%20%20%20%20%20%20%20%20%20%20%20%20%20role%7B%0A%20%20%20%20%20%20%20%20%20%20%20%20%20%20%20%20%20%20%20%20name%0A%20%20%20%20%20%20%20%20%20%20%20%20%20%20%20%20%20%20%20%20%7D%0A%20%20%20%20%20%20%20%20%20%20%20%20%20%20%20%20%7D%0A%20%20%20%20%20%20%20%20%20%20%20%20%20%20%20%20department%20%7B%0A%20%20%20%20%20%20%20%20%20%20%20%20%20%20%20%20%20%20%20%20name%0A%20%20%20%20%20%20%20%20%20%20%20%20%20%20%20%20%7D%0A%20%20%20%20%20%20%20%20%20%20%20%20%7D%0A%20%20%20%20%20%20%20%20%7D%0A%20%20%20%20 HTTP/1.1" 200 27
[2025-01-25 07:14:52,346] INFO [django.server:213] "GET /ec HTTP/1.1" 200 16700
[2025-01-25 07:14:52,432] INFO [django.server:213] "GET /graphql/?query=query%20%7B%20allUserData%20%7Bid%20email%20%7D%20%7D HTTP/1.1" 200 375
[2025-01-25 07:14:52,452] INFO [django.server:213] "GET /graphql/?query=query%20%7B%20allDepartment%20%7B%20id%20name%20%7D%20%7D HTTP/1.1" 200 158
[2025-01-25 07:16:52,227] INFO [django.utils.autoreload:266] /home/sakib/Desktop/sakib/backend/backend/GraphQL/Employee-management-project/User/schema_user.py changed, reloading.
[2025-01-25 07:16:52,623] INFO [django.utils.autoreload:668] Watching for file changes with StatReloader
[2025-01-25 07:16:56,915] INFO [django.utils.autoreload:266] /home/sakib/Desktop/sakib/backend/backend/GraphQL/Employee-management-project/User/schema_user.py changed, reloading.
[2025-01-25 07:16:57,456] INFO [django.utils.autoreload:668] Watching for file changes with StatReloader
[2025-01-25 07:16:58,567] INFO [django.utils.autoreload:266] /home/sakib/Desktop/sakib/backend/backend/GraphQL/Employee-management-project/User/schema_user.py changed, reloading.
[2025-01-25 07:16:58,977] INFO [django.utils.autoreload:668] Watching for file changes with StatReloader
[2025-01-25 07:17:09,345] INFO [django.utils.autoreload:266] /home/sakib/Desktop/sakib/backend/backend/GraphQL/Employee-management-project/User/schema_user.py changed, reloading.
[2025-01-25 07:17:09,712] INFO [django.utils.autoreload:668] Watching for file changes with StatReloader
[2025-01-25 07:17:19,977] INFO [django.utils.autoreload:266] /home/sakib/Desktop/sakib/backend/backend/GraphQL/Employee-management-project/User/schema_user.py changed, reloading.
[2025-01-25 07:17:20,350] INFO [django.utils.autoreload:668] Watching for file changes with StatReloader
[2025-01-25 07:17:26,509] INFO [django.utils.autoreload:266] /home/sakib/Desktop/sakib/backend/backend/GraphQL/Employee-management-project/User/schema_user.py changed, reloading.
[2025-01-25 07:17:26,869] INFO [django.utils.autoreload:668] Watching for file changes with StatReloader
[2025-01-25 07:17:28,992] INFO [django.utils.autoreload:266] /home/sakib/Desktop/sakib/backend/backend/GraphQL/Employee-management-project/User/schema_user.py changed, reloading.
[2025-01-25 07:17:29,550] INFO [django.utils.autoreload:668] Watching for file changes with StatReloader
[2025-01-25 07:17:31,760] INFO [django.utils.autoreload:266] /home/sakib/Desktop/sakib/backend/backend/GraphQL/Employee-management-project/User/schema_user.py changed, reloading.
[2025-01-25 07:17:32,336] INFO [django.utils.autoreload:668] Watching for file changes with StatReloader
[2025-01-25 07:17:35,642] INFO [django.utils.autoreload:266] /home/sakib/Desktop/sakib/backend/backend/GraphQL/Employee-management-project/User/schema_user.py changed, reloading.
[2025-01-25 07:17:36,039] INFO [django.utils.autoreload:668] Watching for file changes with StatReloader
[2025-01-25 07:17:40,159] INFO [django.utils.autoreload:266] /home/sakib/Desktop/sakib/backend/backend/GraphQL/Employee-management-project/User/schema_user.py changed, reloading.
[2025-01-25 07:17:40,518] INFO [django.utils.autoreload:668] Watching for file changes with StatReloader
[2025-01-25 07:17:42,623] INFO [django.utils.autoreload:266] /home/sakib/Desktop/sakib/backend/backend/GraphQL/Employee-management-project/User/schema_user.py changed, reloading.
[2025-01-25 07:17:43,000] INFO [django.utils.autoreload:668] Watching for file changes with StatReloader
[2025-01-25 07:17:46,107] INFO [django.utils.autoreload:266] /home/sakib/Desktop/sakib/backend/backend/GraphQL/Employee-management-project/User/schema_user.py changed, reloading.
[2025-01-25 07:17:46,495] INFO [django.utils.autoreload:668] Watching for file changes with StatReloader
[2025-01-25 07:17:47,633] INFO [django.utils.autoreload:266] /home/sakib/Desktop/sakib/backend/backend/GraphQL/Employee-management-project/User/schema_user.py changed, reloading.
[2025-01-25 07:17:48,052] INFO [django.utils.autoreload:668] Watching for file changes with StatReloader
[2025-01-25 07:17:49,166] INFO [django.utils.autoreload:266] /home/sakib/Desktop/sakib/backend/backend/GraphQL/Employee-management-project/User/schema_user.py changed, reloading.
[2025-01-25 07:17:49,601] INFO [django.utils.autoreload:668] Watching for file changes with StatReloader
[2025-01-25 07:17:50,693] INFO [django.utils.autoreload:266] /home/sakib/Desktop/sakib/backend/backend/GraphQL/Employee-management-project/User/schema_user.py changed, reloading.
[2025-01-25 07:17:51,171] INFO [django.utils.autoreload:668] Watching for file changes with StatReloader
[2025-01-25 07:17:52,268] INFO [django.utils.autoreload:266] /home/sakib/Desktop/sakib/backend/backend/GraphQL/Employee-management-project/User/schema_user.py changed, reloading.
[2025-01-25 07:17:52,731] INFO [django.utils.autoreload:668] Watching for file changes with StatReloader
[2025-01-25 07:17:53,882] INFO [django.utils.autoreload:266] /home/sakib/Desktop/sakib/backend/backend/GraphQL/Employee-management-project/User/schema_user.py changed, reloading.
[2025-01-25 07:17:54,399] INFO [django.utils.autoreload:668] Watching for file changes with StatReloader
[2025-01-25 07:17:59,715] INFO [django.utils.autoreload:266] /home/sakib/Desktop/sakib/backend/backend/GraphQL/Employee-management-project/User/schema_user.py changed, reloading.
[2025-01-25 07:18:00,189] INFO [django.utils.autoreload:668] Watching for file changes with StatReloader
[2025-01-25 07:18:05,643] INFO [django.server:213] "GET /admin/User/role/ HTTP/1.1" 200 14616
[2025-01-25 07:18:05,699] INFO [django.server:213] "GET /admin/jsi18n/ HTTP/1.1" 200 3342
[2025-01-25 07:45:08,244] INFO [django.utils.autoreload:266] /home/sakib/Desktop/sakib/backend/backend/GraphQL/Employee-management-project/User/schema_user.py changed, reloading.
[2025-01-25 07:45:08,638] INFO [django.utils.autoreload:668] Watching for file changes with StatReloader
[2025-01-25 07:45:10,912] INFO [django.utils.autoreload:266] /home/sakib/Desktop/sakib/backend/backend/GraphQL/Employee-management-project/User/schema_user.py changed, reloading.
[2025-01-25 07:45:11,389] INFO [django.utils.autoreload:668] Watching for file changes with StatReloader
[2025-01-25 07:45:12,679] INFO [django.utils.autoreload:266] /home/sakib/Desktop/sakib/backend/backend/GraphQL/Employee-management-project/User/schema_user.py changed, reloading.
[2025-01-25 07:45:13,156] INFO [django.utils.autoreload:668] Watching for file changes with StatReloader
[2025-01-25 07:45:16,465] INFO [django.utils.autoreload:266] /home/sakib/Desktop/sakib/backend/backend/GraphQL/Employee-management-project/User/schema_user.py changed, reloading.
[2025-01-25 07:45:16,849] INFO [django.utils.autoreload:668] Watching for file changes with StatReloader
[2025-01-25 07:46:14,033] INFO [django.server:213] "GET /ec HTTP/1.1" 200 16709
[2025-01-25 07:46:14,097] WARNING [django.request:248] Bad Request: /graphql/
[2025-01-25 07:46:14,097] WARNING [django.server:213] "GET /graphql/?query=query%20%7B%20only_simpleUser_data%20%7Bid%20email%20%7D%20%7D HTTP/1.1" 400 156
[2025-01-25 07:46:14,111] INFO [django.server:213] "GET /graphql/?query=query%20%7B%20allDepartment%20%7B%20id%20name%20%7D%20%7D HTTP/1.1" 200 158
[2025-01-25 07:47:22,082] INFO [django.server:213] "GET /graphql/ HTTP/1.1" 200 2611
[2025-01-25 07:47:22,128] INFO [django.server:213] "GET /static/graphene_django/graphiql.js HTTP/1.1" 304 0
[2025-01-25 07:47:22,240] INFO [django.server:213] "POST /graphql/ HTTP/1.1" 200 57589
[2025-01-25 07:47:38,866] INFO [django.server:213] "POST /graphql/ HTTP/1.1" 200 36
[2025-01-25 07:48:16,408] INFO [django.server:213] "POST /graphql/ HTTP/1.1" 200 219
[2025-01-25 07:48:30,669] INFO [django.server:213] "POST /graphql/ HTTP/1.1" 200 36
[2025-01-25 07:48:39,712] INFO [django.utils.autoreload:266] /home/sakib/Desktop/sakib/backend/backend/GraphQL/Employee-management-project/User/schema_user.py changed, reloading.
[2025-01-25 07:48:40,190] INFO [django.utils.autoreload:668] Watching for file changes with StatReloader
[2025-01-25 07:48:41,508] INFO [django.utils.autoreload:266] /home/sakib/Desktop/sakib/backend/backend/GraphQL/Employee-management-project/User/schema_user.py changed, reloading.
[2025-01-25 07:48:41,961] INFO [django.utils.autoreload:668] Watching for file changes with StatReloader
[2025-01-25 07:48:42,784] INFO [django.server:213] "POST /graphql/ HTTP/1.1" 200 36
[2025-01-25 07:49:55,197] INFO [django.utils.autoreload:266] /home/sakib/Desktop/sakib/backend/backend/GraphQL/Employee-management-project/User/schema_user.py changed, reloading.
[2025-01-25 07:49:55,617] INFO [django.utils.autoreload:668] Watching for file changes with StatReloader
[2025-01-25 07:50:04,154] INFO [django.server:213] "POST /graphql/ HTTP/1.1" 200 36
[2025-01-25 07:50:04,945] INFO [django.server:213] "POST /graphql/ HTTP/1.1" 200 36
[2025-01-25 07:50:58,270] INFO [django.server:213] "POST /graphql/ HTTP/1.1" 200 196
[2025-01-25 07:51:29,084] INFO [django.utils.autoreload:266] /home/sakib/Desktop/sakib/backend/backend/GraphQL/Employee-management-project/User/schema_user.py changed, reloading.
[2025-01-25 07:51:29,495] INFO [django.utils.autoreload:668] Watching for file changes with StatReloader
[2025-01-25 07:51:30,818] INFO [django.utils.autoreload:266] /home/sakib/Desktop/sakib/backend/backend/GraphQL/Employee-management-project/User/schema_user.py changed, reloading.
[2025-01-25 07:51:31,204] INFO [django.utils.autoreload:668] Watching for file changes with StatReloader
[2025-01-25 07:51:33,291] INFO [django.server:213] "POST /graphql/ HTTP/1.1" 200 52
[2025-01-25 07:51:38,194] INFO [django.server:213] "POST /graphql/ HTTP/1.1" 200 93
[2025-01-25 07:51:46,702] INFO [django.server:213] "POST /graphql/ HTTP/1.1" 200 141
[2025-01-25 07:52:16,029] INFO [django.utils.autoreload:266] /home/sakib/Desktop/sakib/backend/backend/GraphQL/Employee-management-project/User/schema_user.py changed, reloading.
[2025-01-25 07:52:16,449] INFO [django.utils.autoreload:668] Watching for file changes with StatReloader
[2025-01-25 07:52:29,179] INFO [django.server:213] "POST /graphql/ HTTP/1.1" 200 36
[2025-01-25 07:52:30,090] INFO [django.server:213] "POST /graphql/ HTTP/1.1" 200 36
[2025-01-25 07:52:30,602] INFO [django.server:213] "POST /graphql/ HTTP/1.1" 200 36
[2025-01-25 07:52:30,827] INFO [django.server:213] "POST /graphql/ HTTP/1.1" 200 36
[2025-01-25 07:52:31,113] INFO [django.server:213] "POST /graphql/ HTTP/1.1" 200 36
[2025-01-25 07:53:48,109] INFO [django.utils.autoreload:266] /home/sakib/Desktop/sakib/backend/backend/GraphQL/Employee-management-project/User/schema_user.py changed, reloading.
[2025-01-25 07:53:48,658] INFO [django.utils.autoreload:668] Watching for file changes with StatReloader
[2025-01-25 07:53:50,896] WARNING [django.request:248] Bad Request: /graphql/
[2025-01-25 07:53:50,897] WARNING [django.server:213] "POST /graphql/ HTTP/1.1" 400 147
[2025-01-25 07:54:37,834] INFO [django.utils.autoreload:266] /home/sakib/Desktop/sakib/backend/backend/GraphQL/Employee-management-project/User/schema_user.py changed, reloading.
[2025-01-25 07:54:38,416] INFO [django.utils.autoreload:668] Watching for file changes with StatReloader
[2025-01-25 07:54:41,852] INFO [django.utils.autoreload:266] /home/sakib/Desktop/sakib/backend/backend/GraphQL/Employee-management-project/User/schema_user.py changed, reloading.
[2025-01-25 07:54:42,416] INFO [django.utils.autoreload:668] Watching for file changes with StatReloader
[2025-01-25 07:54:46,278] INFO [django.server:213] "POST /graphql/ HTTP/1.1" 200 119
[2025-01-25 07:55:00,077] INFO [django.server:213] "POST /graphql/ HTTP/1.1" 200 239
[2025-01-25 07:56:00,391] INFO [django.server:213] "GET /ec HTTP/1.1" 200 16707
[2025-01-25 07:56:00,462] INFO [django.server:213] "GET /graphql/?query=query%20%7B%20onlySimpleuserData%20%7Bid%20email%20%7D%20%7D HTTP/1.1" 200 192
[2025-01-25 07:56:00,481] INFO [django.server:213] "GET /graphql/?query=query%20%7B%20allDepartment%20%7B%20id%20name%20%7D%20%7D HTTP/1.1" 200 158
[2025-01-25 07:56:15,233] INFO [django.server:213] "GET /ec HTTP/1.1" 200 16704
[2025-01-25 07:56:15,290] INFO [django.server:213] "GET /graphql/?query=query%20%7B%20onlySimpleuserData%20%7Bemail%20%7D%20%7D HTTP/1.1" 200 155
[2025-01-25 07:56:15,308] INFO [django.server:213] "GET /graphql/?query=query%20%7B%20allDepartment%20%7B%20id%20name%20%7D%20%7D HTTP/1.1" 200 158
[2025-01-25 07:56:48,956] INFO [django.server:213] "POST /graphql/ HTTP/1.1" 200 155
[2025-01-25 07:57:25,503] INFO [django.server:213] "GET /ec HTTP/1.1" 200 16757
[2025-01-25 07:57:25,642] INFO [django.server:213] "GET /graphql/?query=query%20%7B%20onlySimpleuserData%20%7Bemail%20%7D%20%7D HTTP/1.1" 200 155
[2025-01-25 07:57:25,670] INFO [django.server:213] "GET /graphql/?query=query%20%7B%20allDepartment%20%7B%20id%20name%20%7D%20%7D HTTP/1.1" 200 158
[2025-01-25 07:57:42,107] INFO [django.server:213] "GET /ec HTTP/1.1" 200 16764
[2025-01-25 07:57:42,242] INFO [django.server:213] "GET /graphql/?query=query%20%7B%20onlySimpleuserData%20%7Bemail%20%7D%20%7D HTTP/1.1" 200 155
[2025-01-25 07:57:42,268] INFO [django.server:213] "GET /graphql/?query=query%20%7B%20allDepartment%20%7B%20id%20name%20%7D%20%7D HTTP/1.1" 200 158
[2025-01-25 07:58:00,568] INFO [django.server:213] "GET /ec HTTP/1.1" 200 16720
[2025-01-25 07:58:00,672] INFO [django.server:213] "GET /graphql/?query=query%20%7B%20onlySimpleuserData%20%7Bemail%20%7D%20%7D HTTP/1.1" 200 155
[2025-01-25 07:58:00,695] INFO [django.server:213] "GET /graphql/?query=query%20%7B%20allDepartment%20%7B%20id%20name%20%7D%20%7D HTTP/1.1" 200 158
[2025-01-25 08:05:55,848] INFO [django.server:213] "GET /ae HTTP/1.1" 200 10120
[2025-01-25 08:05:55,938] INFO [django.server:213] "POST /graphql/ HTTP/1.1" 200 27
[2025-01-25 08:05:59,334] INFO [django.server:213] "GET /ae HTTP/1.1" 200 10120
[2025-01-25 08:05:59,402] INFO [django.server:213] "POST /graphql/ HTTP/1.1" 200 27
[2025-01-25 08:06:00,494] INFO [django.server:213] "GET /ae HTTP/1.1" 200 10120
[2025-01-25 08:06:00,556] INFO [django.server:213] "POST /graphql/ HTTP/1.1" 200 27
[2025-01-25 08:06:15,948] INFO [django.server:213] "GET /ae HTTP/1.1" 200 10120
[2025-01-25 08:06:16,017] INFO [django.server:213] "POST /graphql/ HTTP/1.1" 200 27
[2025-01-25 08:08:02,058] INFO [django.server:213] "GET /ec HTTP/1.1" 200 16720
[2025-01-25 08:08:02,180] INFO [django.server:213] "GET /graphql/?query=query%20%7B%20onlySimpleuserData%20%7Bemail%20%7D%20%7D HTTP/1.1" 200 155
[2025-01-25 08:08:02,200] INFO [django.server:213] "GET /graphql/?query=query%20%7B%20allDepartment%20%7B%20id%20name%20%7D%20%7D HTTP/1.1" 200 158
[2025-01-25 08:08:09,821] INFO [django.server:213] "GET /admin/Employee/employees/ HTTP/1.1" 200 12618
[2025-01-25 08:08:09,844] INFO [django.server:213] "GET /static/admin/css/base.css HTTP/1.1" 304 0
[2025-01-25 08:08:09,858] INFO [django.server:213] "GET /static/admin/js/theme.js HTTP/1.1" 304 0
[2025-01-25 08:08:09,858] INFO [django.server:213] "GET /static/admin/css/nav_sidebar.css HTTP/1.1" 304 0
[2025-01-25 08:08:09,859] INFO [django.server:213] "GET /static/admin/css/changelists.css HTTP/1.1" 304 0
[2025-01-25 08:08:09,860] INFO [django.server:213] "GET /static/admin/css/dark_mode.css HTTP/1.1" 304 0
[2025-01-25 08:08:09,866] INFO [django.server:213] "GET /static/admin/css/responsive.css HTTP/1.1" 304 0
[2025-01-25 08:08:09,874] INFO [django.server:213] "GET /static/admin/js/jquery.init.js HTTP/1.1" 304 0
[2025-01-25 08:08:09,875] INFO [django.server:213] "GET /static/admin/js/vendor/jquery/jquery.js HTTP/1.1" 304 0
[2025-01-25 08:08:09,875] INFO [django.server:213] "GET /static/admin/js/core.js HTTP/1.1" 304 0
[2025-01-25 08:08:09,878] INFO [django.server:213] "GET /admin/jsi18n/ HTTP/1.1" 200 3342
[2025-01-25 08:08:09,882] INFO [django.server:213] "GET /static/admin/js/admin/RelatedObjectLookups.js HTTP/1.1" 304 0
[2025-01-25 08:08:09,890] INFO [django.server:213] "GET /static/admin/js/actions.js HTTP/1.1" 304 0
[2025-01-25 08:08:09,910] INFO [django.server:213] "GET /static/admin/js/urlify.js HTTP/1.1" 304 0
[2025-01-25 08:08:09,919] INFO [django.server:213] "GET /static/admin/js/prepopulate.js HTTP/1.1" 304 0
[2025-01-25 08:08:09,921] INFO [django.server:213] "GET /static/admin/js/vendor/xregexp/xregexp.js HTTP/1.1" 304 0
[2025-01-25 08:08:09,965] INFO [django.server:213] "GET /static/admin/js/nav_sidebar.js HTTP/1.1" 304 0
[2025-01-25 08:08:09,975] INFO [django.server:213] "GET /static/admin/js/filters.js HTTP/1.1" 304 0
[2025-01-25 08:08:09,996] INFO [django.server:213] "GET /static/admin/img/tooltag-add.svg HTTP/1.1" 304 0
[2025-01-25 08:08:09,998] INFO [django.server:213] "GET /static/admin/img/icon-addlink.svg HTTP/1.1" 304 0
[2025-01-25 08:08:12,741] INFO [django.server:213] "GET /admin/Employee/employmentdetails/ HTTP/1.1" 200 12679
[2025-01-25 08:08:12,777] INFO [django.server:213] "GET /admin/jsi18n/ HTTP/1.1" 200 3342
[2025-01-25 08:09:54,734] WARNING [django.request:248] Bad Request: /graphql/
[2025-01-25 08:09:54,735] WARNING [django.server:213] "POST /graphql/ HTTP/1.1" 400 113
[2025-01-25 08:10:46,993] INFO [django.server:213] "POST /graphql/ HTTP/1.1" 200 192
[2025-01-25 08:11:19,604] WARNING [django.request:248] Bad Request: /graphql/
[2025-01-25 08:11:19,605] WARNING [django.server:213] "POST /graphql/ HTTP/1.1" 400 113
[2025-01-25 08:11:30,780] INFO [django.server:213] "GET /ec HTTP/1.1" 200 16723
[2025-01-25 08:11:30,931] INFO [django.server:213] "GET /graphql/?query=query%20%7B%20onlySimpleuserData%20%7Bid%20email%20%7D%20%7D HTTP/1.1" 200 192
[2025-01-25 08:11:30,951] INFO [django.server:213] "GET /graphql/?query=query%20%7B%20allDepartment%20%7B%20id%20name%20%7D%20%7D HTTP/1.1" 200 158
[2025-01-25 08:11:49,864] WARNING [django.request:248] Bad Request: /graphql/
[2025-01-25 08:11:49,865] WARNING [django.server:213] "POST /graphql/ HTTP/1.1" 400 62
[2025-01-25 08:12:02,205] INFO [django.server:213] "GET /ec HTTP/1.1" 200 16723
[2025-01-25 08:12:02,345] INFO [django.server:213] "GET /graphql/?query=query%20%7B%20onlySimpleuserData%20%7Bid%20email%20%7D%20%7D HTTP/1.1" 200 192
[2025-01-25 08:12:02,381] INFO [django.server:213] "GET /graphql/?query=query%20%7B%20allDepartment%20%7B%20id%20name%20%7D%20%7D HTTP/1.1" 200 158
[2025-01-25 08:12:50,206] INFO [django.server:213] "POST /graphql/ HTTP/1.1" 200 334
[2025-01-25 08:13:02,251] INFO [django.server:213] "GET /ae HTTP/1.1" 200 10120
[2025-01-25 08:13:02,429] INFO [django.server:213] "POST /graphql/ HTTP/1.1" 200 108
[2025-01-25 08:13:35,229] INFO [django.server:213] "POST /graphql/ HTTP/1.1" 200 192
[2025-01-25 08:13:41,111] INFO [django.server:213] "GET /ae HTTP/1.1" 200 10120
[2025-01-25 08:13:41,183] INFO [django.server:213] "POST /graphql/ HTTP/1.1" 200 108
[2025-01-25 08:13:42,284] INFO [django.server:213] "GET /ec HTTP/1.1" 200 16723
[2025-01-25 08:13:42,397] INFO [django.server:213] "GET /graphql/?query=query%20%7B%20onlySimpleuserData%20%7Bid%20email%20%7D%20%7D HTTP/1.1" 200 192
[2025-01-25 08:13:42,421] INFO [django.server:213] "GET /graphql/?query=query%20%7B%20allDepartment%20%7B%20id%20name%20%7D%20%7D HTTP/1.1" 200 158
[2025-01-25 08:13:56,256] INFO [django.server:213] "GET /admin/User/customuser/ HTTP/1.1" 200 18602
[2025-01-25 08:13:56,297] INFO [django.server:213] "GET /admin/jsi18n/ HTTP/1.1" 200 3342
[2025-01-25 08:13:56,307] INFO [django.server:213] "GET /static/admin/img/search.svg HTTP/1.1" 304 0
[2025-01-25 08:13:56,373] INFO [django.server:213] "GET /static/admin/img/icon-viewlink.svg HTTP/1.1" 304 0
[2025-01-25 08:16:21,957] INFO [django.server:213] "POST /graphql/ HTTP/1.1" 200 504
[2025-01-25 08:16:29,886] INFO [django.server:213] "GET /ae HTTP/1.1" 200 10120
[2025-01-25 08:16:29,951] INFO [django.server:213] "POST /graphql/ HTTP/1.1" 200 192
[2025-01-25 08:16:35,021] WARNING [django.request:248] Bad Request: /graphql/
[2025-01-25 08:16:35,022] WARNING [django.server:213] "POST /graphql/ HTTP/1.1" 400 278
[2025-01-25 08:16:36,718] WARNING [django.request:248] Bad Request: /graphql/
[2025-01-25 08:16:36,719] WARNING [django.server:213] "POST /graphql/ HTTP/1.1" 400 278
[2025-01-25 08:16:37,676] WARNING [django.request:248] Bad Request: /graphql/
[2025-01-25 08:16:37,677] WARNING [django.server:213] "POST /graphql/ HTTP/1.1" 400 278
[2025-01-25 08:16:38,036] WARNING [django.request:248] Bad Request: /graphql/
[2025-01-25 08:16:38,037] WARNING [django.server:213] "POST /graphql/ HTTP/1.1" 400 278
[2025-01-25 08:16:43,232] INFO [django.server:213] "GET /ae HTTP/1.1" 200 10120
[2025-01-25 08:16:43,389] INFO [django.server:213] "POST /graphql/ HTTP/1.1" 200 192
[2025-01-25 08:16:48,316] WARNING [django.request:248] Bad Request: /graphql/
[2025-01-25 08:16:48,317] WARNING [django.server:213] "POST /graphql/ HTTP/1.1" 400 278
[2025-01-25 08:18:13,194] INFO [django.server:213] "GET /ae HTTP/1.1" 200 10100
[2025-01-25 08:18:13,361] INFO [django.server:213] "POST /graphql/ HTTP/1.1" 200 163
[2025-01-25 08:18:24,965] WARNING [django.request:248] Bad Request: /graphql/
[2025-01-25 08:18:24,966] WARNING [django.server:213] "POST /graphql/ HTTP/1.1" 400 162
[2025-01-25 08:20:58,429] INFO [django.server:213] "GET /admin/company/manager/ HTTP/1.1" 200 14410
[2025-01-25 08:20:58,463] INFO [django.server:213] "GET /admin/jsi18n/ HTTP/1.1" 200 3342
[2025-01-25 08:24:28,945] INFO [django.utils.autoreload:266] /home/sakib/Desktop/sakib/backend/backend/GraphQL/Employee-management-project/company/schema_company.py changed, reloading.
[2025-01-25 08:24:29,679] INFO [django.utils.autoreload:668] Watching for file changes with StatReloader
[2025-01-25 08:24:35,989] INFO [django.utils.autoreload:266] /home/sakib/Desktop/sakib/backend/backend/GraphQL/Employee-management-project/company/schema_company.py changed, reloading.
[2025-01-25 08:24:36,558] INFO [django.utils.autoreload:668] Watching for file changes with StatReloader
[2025-01-25 08:24:43,877] INFO [django.utils.autoreload:266] /home/sakib/Desktop/sakib/backend/backend/GraphQL/Employee-management-project/company/schema_company.py changed, reloading.
[2025-01-25 08:24:44,435] INFO [django.utils.autoreload:668] Watching for file changes with StatReloader
[2025-01-25 08:25:03,032] INFO [django.utils.autoreload:266] /home/sakib/Desktop/sakib/backend/backend/GraphQL/Employee-management-project/company/schema_company.py changed, reloading.
[2025-01-25 08:25:03,624] INFO [django.utils.autoreload:668] Watching for file changes with StatReloader
[2025-01-25 08:25:12,098] INFO [django.utils.autoreload:266] /home/sakib/Desktop/sakib/backend/backend/GraphQL/Employee-management-project/company/schema_company.py changed, reloading.
[2025-01-25 08:25:12,729] INFO [django.utils.autoreload:668] Watching for file changes with StatReloader
[2025-01-25 08:25:13,879] INFO [django.utils.autoreload:266] /home/sakib/Desktop/sakib/backend/backend/GraphQL/Employee-management-project/company/schema_company.py changed, reloading.
[2025-01-25 08:25:14,501] INFO [django.utils.autoreload:668] Watching for file changes with StatReloader
[2025-01-25 08:25:16,676] INFO [django.utils.autoreload:266] /home/sakib/Desktop/sakib/backend/backend/GraphQL/Employee-management-project/company/schema_company.py changed, reloading.
[2025-01-25 08:25:17,232] INFO [django.utils.autoreload:668] Watching for file changes with StatReloader
[2025-01-25 08:25:53,062] INFO [django.utils.autoreload:266] /home/sakib/Desktop/sakib/backend/backend/GraphQL/Employee-management-project/EmployeeManagement/urls.py changed, reloading.
[2025-01-25 08:25:53,670] INFO [django.utils.autoreload:668] Watching for file changes with StatReloader
[2025-01-25 08:26:01,663] INFO [django.server:213] "GET /graphql/ HTTP/1.1" 200 2611
[2025-01-25 08:26:01,904] INFO [django.server:213] "POST /graphql/ HTTP/1.1" 200 57750
[2025-01-25 08:26:16,399] INFO [django.server:213] "GET /graphql/ HTTP/1.1" 200 2611
[2025-01-25 08:26:16,487] INFO [django.server:213] "GET /static/graphene_django/graphiql.js HTTP/1.1" 304 0
[2025-01-25 08:26:16,648] INFO [django.server:213] "POST /graphql/ HTTP/1.1" 200 57750
[2025-01-25 08:26:39,213] INFO [django.server:213] "POST /graphql/ HTTP/1.1" 200 62
[2025-01-25 08:26:49,429] INFO [django.server:213] "POST /graphql/ HTTP/1.1" 200 90
[2025-01-25 08:46:10,730] INFO [django.server:213] "GET /ae HTTP/1.1" 200 11078
[2025-01-25 08:46:10,805] WARNING [django.security.csrf:248] Forbidden (CSRF token missing.): /graphql/
[2025-01-25 08:46:10,806] WARNING [django.server:213] "POST /graphql/ HTTP/1.1" 403 2491
[2025-01-25 08:46:13,971] INFO [django.server:213] "GET /ae HTTP/1.1" 200 11078
[2025-01-25 08:46:14,025] WARNING [django.security.csrf:248] Forbidden (CSRF token missing.): /graphql/
[2025-01-25 08:46:14,027] WARNING [django.server:213] "POST /graphql/ HTTP/1.1" 403 2491
[2025-01-25 08:46:23,641] INFO [django.server:213] "GET /ae HTTP/1.1" 200 11078
[2025-01-25 08:46:23,764] WARNING [django.security.csrf:248] Forbidden (CSRF token missing.): /graphql/
[2025-01-25 08:46:23,765] WARNING [django.server:213] "POST /graphql/ HTTP/1.1" 403 2491
[2025-01-25 08:46:33,798] INFO [django.server:213] "GET /admin/ HTTP/1.1" 200 4506
[2025-01-25 08:46:33,830] INFO [django.server:213] "GET /static/admin/css/base.css HTTP/1.1" 304 0
[2025-01-25 08:46:33,836] INFO [django.server:213] "GET /static/admin/css/dark_mode.css HTTP/1.1" 304 0
[2025-01-25 08:46:33,838] INFO [django.server:213] "GET /static/admin/css/nav_sidebar.css HTTP/1.1" 304 0
[2025-01-25 08:46:33,841] INFO [django.server:213] "GET /static/admin/css/dashboard.css HTTP/1.1" 304 0
[2025-01-25 08:46:33,844] INFO [django.server:213] "GET /static/admin/css/responsive.css HTTP/1.1" 304 0
[2025-01-25 08:46:33,845] INFO [django.server:213] "GET /static/admin/js/theme.js HTTP/1.1" 304 0
[2025-01-25 08:46:33,854] INFO [django.server:213] "GET /static/admin/js/nav_sidebar.js HTTP/1.1" 304 0
[2025-01-25 08:46:42,224] INFO [django.utils.autoreload:266] /home/sakib/Desktop/sakib/backend/backend/GraphQL/Employee-management-project/EmployeeManagement/urls.py changed, reloading.
[2025-01-25 08:46:42,900] INFO [django.utils.autoreload:668] Watching for file changes with StatReloader
[2025-01-25 08:46:46,550] INFO [django.server:213] "GET /ae HTTP/1.1" 200 11078
[2025-01-25 08:46:46,678] INFO [django.server:213] "POST /graphql/ HTTP/1.1" 200 90
[2025-01-25 08:46:46,724] INFO [django.server:213] "POST /graphql/ HTTP/1.1" 200 163
[2025-01-25 08:46:46,728] INFO [django.server:213] "POST /graphql/ HTTP/1.1" 200 106
[2025-01-25 08:46:52,652] WARNING [django.request:248] Bad Request: /graphql/
[2025-01-25 08:46:52,653] WARNING [django.server:213] "POST /graphql/ HTTP/1.1" 400 161
[2025-01-25 08:50:32,040] INFO [django.server:213] "GET /ae HTTP/1.1" 200 11078
[2025-01-25 08:50:32,166] INFO [django.server:213] "POST /graphql/ HTTP/1.1" 200 90
[2025-01-25 08:50:32,203] INFO [django.server:213] "POST /graphql/ HTTP/1.1" 200 163
[2025-01-25 08:50:32,206] INFO [django.server:213] "POST /graphql/ HTTP/1.1" 200 106
[2025-01-25 08:52:07,052] INFO [django.server:213] "GET /ae HTTP/1.1" 200 11164
[2025-01-25 08:52:07,197] INFO [django.server:213] "POST /graphql/ HTTP/1.1" 200 90
[2025-01-25 08:52:07,236] INFO [django.server:213] "POST /graphql/ HTTP/1.1" 200 163
[2025-01-25 08:52:07,244] INFO [django.server:213] "POST /graphql/ HTTP/1.1" 200 106
[2025-01-25 08:52:11,724] WARNING [django.request:248] Bad Request: /graphql/
[2025-01-25 08:52:11,725] WARNING [django.server:213] "POST /graphql/ HTTP/1.1" 400 161
[2025-01-25 08:54:31,713] INFO [django.server:213] "POST /graphql/ HTTP/1.1" 200 105
[2025-01-25 08:54:45,071] INFO [django.server:213] "POST /graphql/ HTTP/1.1" 200 161
[2025-01-25 08:55:01,082] INFO [django.server:213] "POST /graphql/ HTTP/1.1" 200 240
[2025-01-25 08:55:06,997] INFO [django.server:213] "POST /graphql/ HTTP/1.1" 200 240
[2025-01-25 08:55:33,475] INFO [django.utils.autoreload:266] /home/sakib/Desktop/sakib/backend/backend/GraphQL/Employee-management-project/company/mutation.py changed, reloading.
[2025-01-25 08:55:34,047] INFO [django.utils.autoreload:668] Watching for file changes with StatReloader
[2025-01-25 08:55:38,839] INFO [django.server:213] "GET /graphql/ HTTP/1.1" 200 2611
[2025-01-25 08:55:39,087] INFO [django.server:213] "POST /graphql/ HTTP/1.1" 200 57600
[2025-01-25 08:55:41,441] INFO [django.server:213] "POST /graphql/ HTTP/1.1" 200 208
[2025-01-25 10:55:43,953] WARNING [django.request:248] Bad Request: /graphql/
[2025-01-25 10:55:43,953] WARNING [django.server:213] "POST /graphql/ HTTP/1.1" 400 130
[2025-01-25 10:56:00,909] INFO [django.utils.autoreload:266] /home/sakib/Desktop/sakib/backend/backend/GraphQL/Employee-management-project/company/mutation.py changed, reloading.
[2025-01-25 10:56:01,481] INFO [django.utils.autoreload:668] Watching for file changes with StatReloader
[2025-01-25 10:56:04,408] INFO [django.server:213] "GET /graphql/ HTTP/1.1" 200 2611
[2025-01-25 10:56:04,470] INFO [django.server:213] "GET /static/graphene_django/graphiql.js HTTP/1.1" 304 0
[2025-01-25 10:56:04,606] INFO [django.server:213] "POST /graphql/ HTTP/1.1" 200 57750
[2025-01-25 10:56:06,486] INFO [django.server:213] "POST /graphql/ HTTP/1.1" 200 105
[2025-01-25 10:56:26,233] INFO [django.server:213] "GET /admin/company/manager/ HTTP/1.1" 200 14410
[2025-01-25 10:56:26,250] INFO [django.server:213] "GET /static/admin/css/base.css HTTP/1.1" 304 0
[2025-01-25 10:56:26,265] INFO [django.server:213] "GET /static/admin/js/theme.js HTTP/1.1" 304 0
[2025-01-25 10:56:26,268] INFO [django.server:213] "GET /static/admin/css/nav_sidebar.css HTTP/1.1" 304 0
[2025-01-25 10:56:26,269] INFO [django.server:213] "GET /static/admin/css/dark_mode.css HTTP/1.1" 304 0
[2025-01-25 10:56:26,269] INFO [django.server:213] "GET /static/admin/css/responsive.css HTTP/1.1" 304 0
[2025-01-25 10:56:26,270] INFO [django.server:213] "GET /static/admin/css/changelists.css HTTP/1.1" 304 0
[2025-01-25 10:56:26,274] INFO [django.server:213] "GET /static/admin/js/jquery.init.js HTTP/1.1" 304 0
[2025-01-25 10:56:26,276] INFO [django.server:213] "GET /static/admin/js/vendor/jquery/jquery.js HTTP/1.1" 304 0
[2025-01-25 10:56:26,276] INFO [django.server:213] "GET /static/admin/js/core.js HTTP/1.1" 304 0
[2025-01-25 10:56:26,281] INFO [django.server:213] "GET /admin/jsi18n/ HTTP/1.1" 200 3342
[2025-01-25 10:56:26,285] INFO [django.server:213] "GET /static/admin/js/admin/RelatedObjectLookups.js HTTP/1.1" 304 0
[2025-01-25 10:56:26,293] INFO [django.server:213] "GET /static/admin/js/actions.js HTTP/1.1" 304 0
[2025-01-25 10:56:26,313] INFO [django.server:213] "GET /static/admin/js/urlify.js HTTP/1.1" 304 0
[2025-01-25 10:56:26,319] INFO [django.server:213] "GET /static/admin/js/prepopulate.js HTTP/1.1" 304 0
[2025-01-25 10:56:26,324] INFO [django.server:213] "GET /static/admin/js/vendor/xregexp/xregexp.js HTTP/1.1" 304 0
[2025-01-25 10:56:26,368] INFO [django.server:213] "GET /static/admin/js/nav_sidebar.js HTTP/1.1" 304 0
[2025-01-25 10:56:26,382] INFO [django.server:213] "GET /static/admin/js/filters.js HTTP/1.1" 304 0
[2025-01-25 10:56:26,402] INFO [django.server:213] "GET /static/admin/img/icon-addlink.svg HTTP/1.1" 304 0
[2025-01-25 10:56:26,403] INFO [django.server:213] "GET /static/admin/img/tooltag-add.svg HTTP/1.1" 304 0
[2025-01-25 10:56:27,743] INFO [django.server:213] "GET /admin/company/manager/12/change/ HTTP/1.1" 200 17654
[2025-01-25 10:56:27,768] INFO [django.server:213] "GET /static/admin/css/forms.css HTTP/1.1" 304 0
[2025-01-25 10:56:27,769] INFO [django.server:213] "GET /static/admin/js/prepopulate_init.js HTTP/1.1" 304 0
[2025-01-25 10:56:27,776] INFO [django.server:213] "GET /admin/jsi18n/ HTTP/1.1" 200 3342
[2025-01-25 10:56:27,782] INFO [django.server:213] "GET /static/admin/img/icon-changelink.svg HTTP/1.1" 304 0
[2025-01-25 10:56:27,814] INFO [django.server:213] "GET /static/admin/css/widgets.css HTTP/1.1" 304 0
[2025-01-25 10:56:27,815] INFO [django.server:213] "GET /static/admin/img/icon-viewlink.svg HTTP/1.1" 304 0
[2025-01-25 10:56:27,840] INFO [django.server:213] "GET /static/admin/js/change_form.js HTTP/1.1" 304 0
[2025-01-25 10:57:46,705] INFO [django.utils.autoreload:266] /home/sakib/Desktop/sakib/backend/backend/GraphQL/Employee-management-project/company/mutation.py changed, reloading.
[2025-01-25 10:57:47,400] INFO [django.utils.autoreload:668] Watching for file changes with StatReloader
[2025-01-25 10:57:50,734] INFO [django.utils.autoreload:266] /home/sakib/Desktop/sakib/backend/backend/GraphQL/Employee-management-project/company/mutation.py changed, reloading.
[2025-01-25 10:57:51,329] INFO [django.utils.autoreload:668] Watching for file changes with StatReloader
[2025-01-25 10:58:28,211] INFO [django.utils.autoreload:266] /home/sakib/Desktop/sakib/backend/backend/GraphQL/Employee-management-project/company/mutation.py changed, reloading.
[2025-01-25 10:58:28,758] INFO [django.utils.autoreload:668] Watching for file changes with StatReloader
[2025-01-25 10:58:30,932] INFO [django.utils.autoreload:266] /home/sakib/Desktop/sakib/backend/backend/GraphQL/Employee-management-project/company/mutation.py changed, reloading.
[2025-01-25 10:58:31,474] INFO [django.utils.autoreload:668] Watching for file changes with StatReloader
[2025-01-25 10:58:36,671] INFO [django.utils.autoreload:266] /home/sakib/Desktop/sakib/backend/backend/GraphQL/Employee-management-project/company/mutation.py changed, reloading.
[2025-01-25 10:58:37,197] INFO [django.utils.autoreload:668] Watching for file changes with StatReloader
[2025-01-25 10:58:47,536] INFO [django.utils.autoreload:266] /home/sakib/Desktop/sakib/backend/backend/GraphQL/Employee-management-project/company/mutation.py changed, reloading.
[2025-01-25 10:58:48,179] INFO [django.utils.autoreload:668] Watching for file changes with StatReloader
[2025-01-25 10:59:04,797] INFO [django.utils.autoreload:266] /home/sakib/Desktop/sakib/backend/backend/GraphQL/Employee-management-project/company/mutation.py changed, reloading.
[2025-01-25 10:59:05,438] INFO [django.utils.autoreload:668] Watching for file changes with StatReloader
[2025-01-25 10:59:06,769] INFO [django.utils.autoreload:266] /home/sakib/Desktop/sakib/backend/backend/GraphQL/Employee-management-project/company/mutation.py changed, reloading.
[2025-01-25 10:59:07,426] INFO [django.utils.autoreload:668] Watching for file changes with StatReloader
[2025-01-25 10:59:09,822] INFO [django.utils.autoreload:266] /home/sakib/Desktop/sakib/backend/backend/GraphQL/Employee-management-project/company/mutation.py changed, reloading.
[2025-01-25 10:59:10,350] INFO [django.utils.autoreload:668] Watching for file changes with StatReloader
[2025-01-25 11:00:02,506] INFO [django.server:213] "GET /admin/User/customuser/ HTTP/1.1" 200 18602
[2025-01-25 11:00:02,533] INFO [django.server:213] "GET /static/admin/img/search.svg HTTP/1.1" 304 0
[2025-01-25 11:00:02,536] INFO [django.server:213] "GET /admin/jsi18n/ HTTP/1.1" 200 3342
[2025-01-25 11:00:23,156] INFO [django.server:213] "GET /ae HTTP/1.1" 200 11164
[2025-01-25 11:00:23,309] INFO [django.server:213] "POST /graphql/ HTTP/1.1" 200 90
[2025-01-25 11:00:23,354] INFO [django.server:213] "POST /graphql/ HTTP/1.1" 200 163
[2025-01-25 11:00:23,363] INFO [django.server:213] "POST /graphql/ HTTP/1.1" 200 106
[2025-01-25 11:00:37,828] INFO [django.server:213] "GET /d HTTP/1.1" 200 12022
[2025-01-25 11:00:38,002] INFO [django.server:213] "GET /graphql/?query=%0A%20%20%20%20%20%20%20%20query%20%7B%0A%20%20%20%20%20%20%20%20%20%20%20%20allEmployee%20%7B%0A%20%20%20%20%20%20%20%20%20%20%20%20%20%20%20%20id%0A%20%20%20%20%20%20%20%20%20%20%20%20%20%20%20%20employeeId%0A%20%20%20%20%20%20%20%20%20%20%20%20%20%20%20%20address%0A%20%20%20%20%20%20%20%20%20%20%20%20%20%20%20%20user%20%7B%0A%20%20%20%20%20%20%20%20%20%20%20%20%20%20%20%20%20%20%20%20id%0A%20%20%20%20%20%20%20%20%20%20%20%20%20%20%20%20%20%20%20%20username%0A%20%20%20%20%20%20%20%20%20%20%20%20%20%20%20%20%20%20%20%20role%7B%0A%20%20%20%20%20%20%20%20%20%20%20%20%20%20%20%20%20%20%20%20name%0A%20%20%20%20%20%20%20%20%20%20%20%20%20%20%20%20%20%20%20%20%7D%0A%20%20%20%20%20%20%20%20%20%20%20%20%20%20%20%20%7D%0A%20%20%20%20%20%20%20%20%20%20%20%20%20%20%20%20department%20%7B%0A%20%20%20%20%20%20%20%20%20%20%20%20%20%20%20%20%20%20%20%20name%0A%20%20%20%20%20%20%20%20%20%20%20%20%20%20%20%20%7D%0A%20%20%20%20%20%20%20%20%20%20%20%20%7D%0A%20%20%20%20%20%20%20%20%7D%0A%20%20%20%20 HTTP/1.1" 200 330
[2025-01-25 11:00:39,374] INFO [django.server:213] "GET /cm HTTP/1.1" 200 9296
[2025-01-25 11:00:39,521] INFO [django.server:213] "POST /graphql/ HTTP/1.1" 200 148
[2025-01-25 11:00:39,524] INFO [django.server:213] "POST /graphql/ HTTP/1.1" 200 263
[2025-01-25 11:01:15,397] INFO [django.server:213] "POST /graphql/ HTTP/1.1" 200 151
[2025-01-25 11:01:16,728] INFO [django.server:213] "POST /graphql/ HTTP/1.1" 200 348
[2025-01-25 11:01:23,774] INFO [django.server:213] "GET /admin/company/manager/ HTTP/1.1" 200 14681
[2025-01-25 11:01:23,805] INFO [django.server:213] "GET /admin/jsi18n/ HTTP/1.1" 200 3342
[2025-01-25 11:01:28,921] INFO [django.server:213] "POST /admin/company/manager/ HTTP/1.1" 200 12663
[2025-01-25 11:01:28,943] INFO [django.server:213] "GET /static/admin/js/cancel.js HTTP/1.1" 304 0
[2025-01-25 11:01:29,718] INFO [django.server:213] "POST /admin/company/manager/ HTTP/1.1" 302 0
[2025-01-25 11:01:29,749] INFO [django.server:213] "GET /admin/company/manager/ HTTP/1.1" 200 14547
[2025-01-25 11:01:29,824] INFO [django.server:213] "GET /admin/jsi18n/ HTTP/1.1" 200 3342
[2025-01-25 11:01:29,890] INFO [django.server:213] "GET /static/admin/img/icon-yes.svg HTTP/1.1" 304 0
[2025-01-25 11:01:32,065] INFO [django.server:213] "GET /admin/company/manager/11/change/ HTTP/1.1" 200 17656
[2025-01-25 11:01:32,099] INFO [django.server:213] "GET /admin/jsi18n/ HTTP/1.1" 200 3342
[2025-01-25 11:01:36,082] INFO [django.server:213] "GET /admin/company/manager/ HTTP/1.1" 200 14410
[2025-01-25 11:01:37,600] INFO [django.server:213] "GET /admin/company/manager/12/change/ HTTP/1.1" 200 17654
[2025-01-25 11:01:37,633] INFO [django.server:213] "GET /admin/jsi18n/ HTTP/1.1" 200 3342
[2025-01-25 11:01:39,507] INFO [django.server:213] "GET /admin/company/manager/ HTTP/1.1" 200 14410
[2025-01-25 11:01:49,773] INFO [django.server:213] "GET /admin/User/customuser/ HTTP/1.1" 200 18602
[2025-01-25 11:01:49,801] INFO [django.server:213] "GET /admin/jsi18n/ HTTP/1.1" 200 3342
[2025-01-25 11:02:27,024] INFO [django.server:213] "GET /graphql/ HTTP/1.1" 200 2611
[2025-01-25 11:02:27,056] INFO [django.server:213] "GET /static/graphene_django/graphiql.js HTTP/1.1" 304 0
[2025-01-25 11:02:27,202] INFO [django.server:213] "POST /graphql/ HTTP/1.1" 200 57750
[2025-01-25 11:02:34,731] INFO [django.server:213] "POST /graphql/ HTTP/1.1" 200 248
[2025-01-25 11:03:15,819] INFO [django.utils.autoreload:266] /home/sakib/Desktop/sakib/backend/backend/GraphQL/Employee-management-project/company/mutation.py changed, reloading.
[2025-01-25 11:03:16,492] INFO [django.utils.autoreload:668] Watching for file changes with StatReloader
[2025-01-25 11:03:17,112] INFO [django.server:213] "GET /graphql/ HTTP/1.1" 200 2611
[2025-01-25 11:03:17,281] INFO [django.server:213] "POST /graphql/ HTTP/1.1" 200 57709
[2025-01-25 11:03:26,583] INFO [django.server:213] "POST /graphql/ HTTP/1.1" 200 208
[2025-01-25 11:03:38,207] INFO [django.utils.autoreload:266] /home/sakib/Desktop/sakib/backend/backend/GraphQL/Employee-management-project/company/mutation.py changed, reloading.
[2025-01-25 11:03:38,834] INFO [django.utils.autoreload:668] Watching for file changes with StatReloader
[2025-01-25 11:03:40,226] INFO [django.server:213] "GET /graphql/ HTTP/1.1" 200 2611
[2025-01-25 11:03:40,345] INFO [django.server:213] "POST /graphql/ HTTP/1.1" 200 57709
[2025-01-25 11:03:42,168] INFO [django.server:213] "POST /graphql/ HTTP/1.1" 200 248
[2025-01-25 11:03:47,506] INFO [django.server:213] "POST /graphql/ HTTP/1.1" 200 248
[2025-01-25 11:04:09,658] INFO [django.utils.autoreload:266] /home/sakib/Desktop/sakib/backend/backend/GraphQL/Employee-management-project/company/mutation.py changed, reloading.
[2025-01-25 11:04:10,239] INFO [django.utils.autoreload:668] Watching for file changes with StatReloader
[2025-01-25 11:05:21,658] INFO [django.utils.autoreload:266] /home/sakib/Desktop/sakib/backend/backend/GraphQL/Employee-management-project/company/mutation.py changed, reloading.
[2025-01-25 11:05:22,252] INFO [django.utils.autoreload:668] Watching for file changes with StatReloader
[2025-01-25 11:05:24,586] INFO [django.utils.autoreload:266] /home/sakib/Desktop/sakib/backend/backend/GraphQL/Employee-management-project/company/mutation.py changed, reloading.
[2025-01-25 11:05:25,207] INFO [django.utils.autoreload:668] Watching for file changes with StatReloader
[2025-01-25 11:05:26,547] INFO [django.utils.autoreload:266] /home/sakib/Desktop/sakib/backend/backend/GraphQL/Employee-management-project/company/mutation.py changed, reloading.
[2025-01-25 11:05:27,120] INFO [django.utils.autoreload:668] Watching for file changes with StatReloader
[2025-01-25 11:05:32,484] INFO [django.utils.autoreload:266] /home/sakib/Desktop/sakib/backend/backend/GraphQL/Employee-management-project/company/mutation.py changed, reloading.
[2025-01-25 11:05:33,039] INFO [django.utils.autoreload:668] Watching for file changes with StatReloader
[2025-01-25 11:05:35,384] INFO [django.utils.autoreload:266] /home/sakib/Desktop/sakib/backend/backend/GraphQL/Employee-management-project/company/mutation.py changed, reloading.
[2025-01-25 11:05:35,943] INFO [django.utils.autoreload:668] Watching for file changes with StatReloader
[2025-01-25 11:05:58,567] INFO [django.utils.autoreload:266] /home/sakib/Desktop/sakib/backend/backend/GraphQL/Employee-management-project/company/mutation.py changed, reloading.
[2025-01-25 11:05:59,155] INFO [django.utils.autoreload:668] Watching for file changes with StatReloader
[2025-01-25 11:06:26,207] INFO [django.server:213] "GET /ae HTTP/1.1" 200 11164
[2025-01-25 11:06:26,358] INFO [django.server:213] "POST /graphql/ HTTP/1.1" 200 90
[2025-01-25 11:06:26,410] INFO [django.server:213] "POST /graphql/ HTTP/1.1" 200 133
[2025-01-25 11:06:26,416] INFO [django.server:213] "POST /graphql/ HTTP/1.1" 200 163
[2025-01-25 11:06:34,206] INFO [django.server:213] "POST /graphql/ HTTP/1.1" 200 150
[2025-01-25 11:06:36,872] INFO [django.server:213] "POST /graphql/ HTTP/1.1" 200 163
[2025-01-25 11:06:48,077] INFO [django.server:213] "GET /ae HTTP/1.1" 200 11164
[2025-01-25 11:06:48,203] INFO [django.server:213] "POST /graphql/ HTTP/1.1" 200 90
[2025-01-25 11:06:48,255] INFO [django.server:213] "POST /graphql/ HTTP/1.1" 200 163
[2025-01-25 11:06:48,263] INFO [django.server:213] "POST /graphql/ HTTP/1.1" 200 163
[2025-01-25 11:09:47,242] INFO [django.server:213] "GET /ae HTTP/1.1" 200 13135
[2025-01-25 11:09:47,389] INFO [django.server:213] "POST /graphql/ HTTP/1.1" 200 90
[2025-01-25 11:09:47,424] INFO [django.server:213] "POST /graphql/ HTTP/1.1" 200 163
[2025-01-25 11:09:47,430] INFO [django.server:213] "POST /graphql/ HTTP/1.1" 200 172
[2025-01-25 11:10:07,376] INFO [django.server:213] "POST /graphql/ HTTP/1.1" 200 80
[2025-01-25 11:10:09,337] INFO [django.server:213] "POST /graphql/ HTTP/1.1" 200 133
[2025-01-25 11:13:22,812] INFO [django.server:213] "POST /graphql/ HTTP/1.1" 200 80
[2025-01-25 11:13:24,325] INFO [django.server:213] "POST /graphql/ HTTP/1.1" 200 172
[2025-01-25 11:13:29,214] INFO [django.server:213] "GET /ae HTTP/1.1" 200 13135
[2025-01-25 11:13:29,337] INFO [django.server:213] "POST /graphql/ HTTP/1.1" 200 90
[2025-01-25 11:13:29,384] INFO [django.server:213] "POST /graphql/ HTTP/1.1" 200 172
[2025-01-25 11:13:29,386] INFO [django.server:213] "POST /graphql/ HTTP/1.1" 200 163
[2025-01-25 11:16:29,008] INFO [django.server:213] "POST /graphql/ HTTP/1.1" 200 106
[2025-01-25 11:17:24,308] INFO [django.utils.autoreload:266] /home/sakib/Desktop/sakib/backend/backend/GraphQL/Employee-management-project/Employee/schema_employee.py changed, reloading.
[2025-01-25 11:17:24,938] INFO [django.utils.autoreload:668] Watching for file changes with StatReloader
[2025-01-25 11:18:45,183] INFO [django.utils.autoreload:266] /home/sakib/Desktop/sakib/backend/backend/GraphQL/Employee-management-project/Employee/models.py changed, reloading.
[2025-01-25 11:18:45,776] INFO [django.utils.autoreload:668] Watching for file changes with StatReloader
[2025-01-25 11:18:48,025] INFO [django.utils.autoreload:266] /home/sakib/Desktop/sakib/backend/backend/GraphQL/Employee-management-project/Employee/models.py changed, reloading.
[2025-01-25 11:18:48,577] INFO [django.utils.autoreload:668] Watching for file changes with StatReloader
[2025-01-25 11:18:50,794] INFO [django.utils.autoreload:266] /home/sakib/Desktop/sakib/backend/backend/GraphQL/Employee-management-project/Employee/models.py changed, reloading.
[2025-01-25 11:18:51,384] INFO [django.utils.autoreload:668] Watching for file changes with StatReloader
[2025-01-25 11:19:42,624] INFO [django.utils.autoreload:668] Watching for file changes with StatReloader
[2025-01-25 11:21:37,824] INFO [django.utils.autoreload:266] /home/sakib/Desktop/sakib/backend/backend/GraphQL/Employee-management-project/company/mutation.py changed, reloading.
[2025-01-25 11:21:38,393] INFO [django.utils.autoreload:668] Watching for file changes with StatReloader
[2025-01-25 11:21:45,802] INFO [django.utils.autoreload:266] /home/sakib/Desktop/sakib/backend/backend/GraphQL/Employee-management-project/company/mutation.py changed, reloading.
[2025-01-25 11:21:46,386] INFO [django.utils.autoreload:668] Watching for file changes with StatReloader
[2025-01-25 11:21:49,779] INFO [django.utils.autoreload:266] /home/sakib/Desktop/sakib/backend/backend/GraphQL/Employee-management-project/company/mutation.py changed, reloading.
[2025-01-25 11:21:50,320] INFO [django.utils.autoreload:668] Watching for file changes with StatReloader
[2025-01-25 11:22:02,805] INFO [django.utils.autoreload:266] /home/sakib/Desktop/sakib/backend/backend/GraphQL/Employee-management-project/company/mutation.py changed, reloading.
[2025-01-25 11:22:03,444] INFO [django.utils.autoreload:668] Watching for file changes with StatReloader
[2025-01-25 11:22:04,806] INFO [django.utils.autoreload:266] /home/sakib/Desktop/sakib/backend/backend/GraphQL/Employee-management-project/company/mutation.py changed, reloading.
[2025-01-25 11:22:05,335] INFO [django.utils.autoreload:668] Watching for file changes with StatReloader
[2025-01-25 11:22:11,664] INFO [django.server:213] "GET /ae HTTP/1.1" 200 13135
[2025-01-25 11:22:11,804] INFO [django.server:213] "POST /graphql/ HTTP/1.1" 200 90
[2025-01-25 11:22:11,850] INFO [django.server:213] "POST /graphql/ HTTP/1.1" 200 163
[2025-01-25 11:22:11,860] INFO [django.server:213] "POST /graphql/ HTTP/1.1" 200 172
[2025-01-25 11:22:14,081] INFO [django.server:213] "POST /graphql/ HTTP/1.1" 200 80
[2025-01-25 11:22:15,138] INFO [django.server:213] "POST /graphql/ HTTP/1.1" 200 133
[2025-01-25 11:22:18,502] INFO [django.server:213] "POST /graphql/ HTTP/1.1" 200 80
[2025-01-25 11:22:19,667] INFO [django.server:213] "POST /graphql/ HTTP/1.1" 200 172
[2025-01-25 11:22:29,378] INFO [django.server:213] "GET /admin/Employee/employees/ HTTP/1.1" 200 14171
[2025-01-25 11:22:29,415] INFO [django.server:213] "GET /admin/jsi18n/ HTTP/1.1" 200 3342
[2025-01-25 11:22:30,649] INFO [django.server:213] "GET /admin/Employee/employees/10/change/ HTTP/1.1" 200 20460
[2025-01-25 11:22:30,681] INFO [django.server:213] "GET /static/admin/js/calendar.js HTTP/1.1" 304 0
[2025-01-25 11:22:30,682] INFO [django.server:213] "GET /static/admin/js/admin/DateTimeShortcuts.js HTTP/1.1" 304 0
[2025-01-25 11:22:30,685] INFO [django.server:213] "GET /admin/jsi18n/ HTTP/1.1" 200 3342
[2025-01-25 11:22:30,692] INFO [django.server:213] "GET /static/admin/img/icon-deletelink.svg HTTP/1.1" 304 0
[2025-01-25 11:22:30,780] INFO [django.server:213] "GET /static/admin/img/icon-calendar.svg HTTP/1.1" 304 0
[2025-01-25 11:22:55,958] INFO [django.utils.autoreload:266] /home/sakib/Desktop/sakib/backend/backend/GraphQL/Employee-management-project/Employee/schema_employee.py changed, reloading.
[2025-01-25 11:22:56,656] INFO [django.utils.autoreload:668] Watching for file changes with StatReloader
[2025-01-25 11:22:59,027] INFO [django.utils.autoreload:266] /home/sakib/Desktop/sakib/backend/backend/GraphQL/Employee-management-project/Employee/schema_employee.py changed, reloading.
[2025-01-25 11:22:59,629] INFO [django.utils.autoreload:668] Watching for file changes with StatReloader
[2025-01-25 11:23:03,024] INFO [django.utils.autoreload:266] /home/sakib/Desktop/sakib/backend/backend/GraphQL/Employee-management-project/Employee/schema_employee.py changed, reloading.
[2025-01-25 11:23:03,590] INFO [django.utils.autoreload:668] Watching for file changes with StatReloader
[2025-01-25 11:23:16,073] INFO [django.utils.autoreload:266] /home/sakib/Desktop/sakib/backend/backend/GraphQL/Employee-management-project/Employee/schema_employee.py changed, reloading.
[2025-01-25 11:23:16,667] INFO [django.utils.autoreload:668] Watching for file changes with StatReloader
[2025-01-25 11:23:22,055] INFO [django.utils.autoreload:266] /home/sakib/Desktop/sakib/backend/backend/GraphQL/Employee-management-project/Employee/schema_employee.py changed, reloading.
[2025-01-25 11:23:22,632] INFO [django.utils.autoreload:668] Watching for file changes with StatReloader
[2025-01-25 11:23:43,228] INFO [django.utils.autoreload:266] /home/sakib/Desktop/sakib/backend/backend/GraphQL/Employee-management-project/Employee/schema_employee.py changed, reloading.
[2025-01-25 11:23:43,767] INFO [django.utils.autoreload:668] Watching for file changes with StatReloader
[2025-01-25 11:23:48,123] INFO [django.utils.autoreload:266] /home/sakib/Desktop/sakib/backend/backend/GraphQL/Employee-management-project/Employee/schema_employee.py changed, reloading.
[2025-01-25 11:23:48,715] INFO [django.utils.autoreload:668] Watching for file changes with StatReloader
[2025-01-25 11:23:52,881] INFO [django.utils.autoreload:266] /home/sakib/Desktop/sakib/backend/backend/GraphQL/Employee-management-project/Employee/schema_employee.py changed, reloading.
[2025-01-25 11:23:53,413] INFO [django.utils.autoreload:668] Watching for file changes with StatReloader
[2025-01-25 11:23:55,554] INFO [django.utils.autoreload:266] /home/sakib/Desktop/sakib/backend/backend/GraphQL/Employee-management-project/Employee/schema_employee.py changed, reloading.
[2025-01-25 11:23:56,061] INFO [django.utils.autoreload:668] Watching for file changes with StatReloader
[2025-01-25 11:24:01,262] INFO [django.utils.autoreload:266] /home/sakib/Desktop/sakib/backend/backend/GraphQL/Employee-management-project/Employee/schema_employee.py changed, reloading.
[2025-01-25 11:24:01,797] INFO [django.utils.autoreload:668] Watching for file changes with StatReloader
[2025-01-25 11:24:04,139] INFO [django.utils.autoreload:266] /home/sakib/Desktop/sakib/backend/backend/GraphQL/Employee-management-project/Employee/schema_employee.py changed, reloading.
[2025-01-25 11:24:04,700] INFO [django.utils.autoreload:668] Watching for file changes with StatReloader
[2025-01-25 11:24:16,644] INFO [django.server:213] "GET /graphql/ HTTP/1.1" 200 2611
[2025-01-25 11:24:16,905] INFO [django.server:213] "POST /graphql/ HTTP/1.1" 200 57922
[2025-01-25 11:24:27,253] INFO [django.server:213] "POST /graphql/ HTTP/1.1" 200 493
[2025-01-25 11:24:29,774] INFO [django.server:213] "POST /graphql/ HTTP/1.1" 200 493
[2025-01-25 11:24:54,881] INFO [django.utils.autoreload:266] /home/sakib/Desktop/sakib/backend/backend/GraphQL/Employee-management-project/Employee/schema_employee.py changed, reloading.
[2025-01-25 11:24:55,459] INFO [django.utils.autoreload:668] Watching for file changes with StatReloader
[2025-01-25 11:24:56,376] INFO [django.server:213] "GET /graphql/ HTTP/1.1" 200 2611
[2025-01-25 11:24:56,544] INFO [django.server:213] "POST /graphql/ HTTP/1.1" 200 57922
[2025-01-25 11:24:57,285] INFO [django.server:213] "POST /graphql/ HTTP/1.1" 200 83
[2025-01-25 11:25:23,900] INFO [django.server:213] "GET /ae HTTP/1.1" 200 13152
[2025-01-25 11:25:24,070] INFO [django.server:213] "POST /graphql/ HTTP/1.1" 200 90
[2025-01-25 11:25:24,108] INFO [django.server:213] "POST /graphql/ HTTP/1.1" 200 172
[2025-01-25 11:25:24,110] INFO [django.server:213] "POST /graphql/ HTTP/1.1" 200 110
[2025-01-25 11:25:26,670] INFO [django.server:213] "GET /ae HTTP/1.1" 200 13152
[2025-01-25 11:25:26,773] INFO [django.server:213] "POST /graphql/ HTTP/1.1" 200 90
[2025-01-25 11:25:26,815] INFO [django.server:213] "POST /graphql/ HTTP/1.1" 200 172
[2025-01-25 11:25:26,821] INFO [django.server:213] "POST /graphql/ HTTP/1.1" 200 110
[2025-01-25 11:26:19,258] INFO [django.server:213] "POST /graphql/ HTTP/1.1" 200 83
[2025-01-25 11:26:41,970] INFO [django.server:213] "GET /ae HTTP/1.1" 200 13132
[2025-01-25 11:26:42,083] INFO [django.server:213] "POST /graphql/ HTTP/1.1" 200 90
[2025-01-25 11:26:42,128] INFO [django.server:213] "POST /graphql/ HTTP/1.1" 200 83
[2025-01-25 11:26:42,134] INFO [django.server:213] "POST /graphql/ HTTP/1.1" 200 172
[2025-01-25 11:27:20,844] INFO [django.server:213] "GET /admin/Employee/employees/ HTTP/1.1" 200 14171
[2025-01-25 11:27:22,444] INFO [django.server:213] "GET /admin/Employee/employees/10/change/ HTTP/1.1" 200 20460
[2025-01-25 11:27:22,480] INFO [django.server:213] "GET /admin/jsi18n/ HTTP/1.1" 200 3342
[2025-01-25 11:27:24,737] INFO [django.server:213] "POST /admin/Employee/employees/10/change/ HTTP/1.1" 302 0
[2025-01-25 11:27:24,766] INFO [django.server:213] "GET /admin/Employee/employees/ HTTP/1.1" 200 14379
[2025-01-25 11:27:24,835] INFO [django.server:213] "GET /admin/jsi18n/ HTTP/1.1" 200 3342
[2025-01-25 11:27:25,767] INFO [django.server:213] "GET /admin/Employee/employees/9/change/ HTTP/1.1" 200 20450
[2025-01-25 11:27:25,799] INFO [django.server:213] "GET /admin/jsi18n/ HTTP/1.1" 200 3342
[2025-01-25 11:27:30,927] INFO [django.server:213] "POST /admin/Employee/employees/9/change/ HTTP/1.1" 302 0
[2025-01-25 11:27:30,964] INFO [django.server:213] "GET /admin/Employee/employees/ HTTP/1.1" 200 14379
[2025-01-25 11:27:31,032] INFO [django.server:213] "GET /admin/jsi18n/ HTTP/1.1" 200 3342
[2025-01-25 11:27:33,261] INFO [django.server:213] "GET /ae HTTP/1.1" 200 13152
[2025-01-25 11:27:33,342] INFO [django.server:213] "POST /graphql/ HTTP/1.1" 200 90
[2025-01-25 11:27:33,385] INFO [django.server:213] "POST /graphql/ HTTP/1.1" 200 180
[2025-01-25 11:27:33,389] INFO [django.server:213] "POST /graphql/ HTTP/1.1" 200 172
[2025-01-25 11:27:38,343] INFO [django.server:213] "POST /graphql/ HTTP/1.1" 200 80
[2025-01-25 11:27:39,419] INFO [django.server:213] "POST /graphql/ HTTP/1.1" 200 133
[2025-01-25 11:27:41,539] INFO [django.server:213] "GET /ae HTTP/1.1" 200 13152
[2025-01-25 11:27:41,692] INFO [django.server:213] "POST /graphql/ HTTP/1.1" 200 90
[2025-01-25 11:27:41,743] INFO [django.server:213] "POST /graphql/ HTTP/1.1" 200 180
[2025-01-25 11:27:41,757] INFO [django.server:213] "POST /graphql/ HTTP/1.1" 200 133
[2025-01-25 11:28:14,200] INFO [django.server:213] "GET /ae HTTP/1.1" 200 13152
[2025-01-25 11:28:14,278] INFO [django.server:213] "POST /graphql/ HTTP/1.1" 200 90
[2025-01-25 11:28:14,335] INFO [django.server:213] "POST /graphql/ HTTP/1.1" 200 180
[2025-01-25 11:28:14,335] INFO [django.server:213] "POST /graphql/ HTTP/1.1" 200 133
[2025-01-25 11:28:34,024] INFO [django.server:213] "GET /ae HTTP/1.1" 200 13169
[2025-01-25 11:28:34,103] INFO [django.server:213] "POST /graphql/ HTTP/1.1" 200 90
[2025-01-25 11:28:34,165] INFO [django.server:213] "POST /graphql/ HTTP/1.1" 200 180
[2025-01-25 11:28:34,166] INFO [django.server:213] "POST /graphql/ HTTP/1.1" 200 133
[2025-01-25 11:28:48,426] INFO [django.server:213] "POST /graphql/ HTTP/1.1" 200 80
[2025-01-25 11:28:49,634] INFO [django.server:213] "POST /graphql/ HTTP/1.1" 200 172
[2025-01-25 11:28:55,219] INFO [django.server:213] "GET /ae HTTP/1.1" 200 13169
[2025-01-25 11:28:55,305] INFO [django.server:213] "POST /graphql/ HTTP/1.1" 200 90
[2025-01-25 11:28:55,336] INFO [django.server:213] "POST /graphql/ HTTP/1.1" 200 113
[2025-01-25 11:28:55,345] INFO [django.server:213] "POST /graphql/ HTTP/1.1" 200 172
[2025-01-25 11:29:35,523] INFO [django.server:213] "GET /ae HTTP/1.1" 200 13175
[2025-01-25 11:29:35,627] INFO [django.server:213] "POST /graphql/ HTTP/1.1" 200 90
[2025-01-25 11:29:35,661] INFO [django.server:213] "POST /graphql/ HTTP/1.1" 200 113
[2025-01-25 11:29:35,667] INFO [django.server:213] "POST /graphql/ HTTP/1.1" 200 172
[2025-01-25 11:29:38,195] INFO [django.server:213] "POST /graphql/ HTTP/1.1" 200 80
[2025-01-25 11:29:38,214] INFO [django.server:213] "POST /graphql/ HTTP/1.1" 200 133
[2025-01-25 11:34:03,257] INFO [django.server:213] "GET /ae HTTP/1.1" 200 12769
[2025-01-25 11:34:03,326] INFO [django.server:213] "POST /graphql/ HTTP/1.1" 200 90
[2025-01-25 11:34:03,356] INFO [django.server:213] "POST /graphql/ HTTP/1.1" 200 180
[2025-01-25 11:34:03,363] INFO [django.server:213] "POST /graphql/ HTTP/1.1" 200 133
[2025-01-25 11:34:07,627] INFO [django.server:213] "POST /graphql/ HTTP/1.1" 200 80
[2025-01-25 11:34:07,657] INFO [django.server:213] "POST /graphql/ HTTP/1.1" 200 113
[2025-01-25 11:34:07,664] INFO [django.server:213] "POST /graphql/ HTTP/1.1" 200 172
[2025-01-25 11:34:11,210] INFO [django.server:213] "POST /graphql/ HTTP/1.1" 200 80
[2025-01-25 11:34:11,243] INFO [django.server:213] "POST /graphql/ HTTP/1.1" 200 133
[2025-01-25 11:34:11,245] INFO [django.server:213] "POST /graphql/ HTTP/1.1" 200 180
[2025-01-25 11:34:32,552] INFO [django.server:213] "GET /l HTTP/1.1" 200 9125
[2025-01-25 11:34:53,378] INFO [django.server:213] "GET /admin/company/manager/ HTTP/1.1" 200 14681
[2025-01-25 11:34:53,403] INFO [django.server:213] "GET /admin/jsi18n/ HTTP/1.1" 200 3342
[2025-01-25 11:35:05,578] INFO [django.server:213] "POST /graphql/ HTTP/1.1" 200 133
[2025-01-25 11:35:10,549] INFO [django.server:213] "GET /admin/ HTTP/1.1" 200 16365
[2025-01-25 11:35:10,593] INFO [django.server:213] "GET /static/admin/css/dashboard.css HTTP/1.1" 304 0
[2025-01-25 11:35:16,055] INFO [django.server:213] "POST /admin/logout/ HTTP/1.1" 200 3555
[2025-01-25 11:35:19,526] INFO [django.server:213] "GET /admin/ HTTP/1.1" 302 0
[2025-01-25 11:35:19,547] INFO [django.server:213] "GET /admin/login/?next=/admin/ HTTP/1.1" 200 4160
[2025-01-25 11:35:19,608] INFO [django.server:213] "GET /static/admin/css/login.css HTTP/1.1" 304 0
[2025-01-25 11:35:26,123] INFO [django.server:213] "POST /admin/login/?next=/admin/ HTTP/1.1" 200 4320
[2025-01-25 11:35:32,756] INFO [django.server:213] "GET /admin/User/customuser/ HTTP/1.1" 302 0
[2025-01-25 11:35:32,770] INFO [django.server:213] "GET /admin/login/?next=/admin/User/customuser/ HTTP/1.1" 200 4192
[2025-01-25 11:35:40,976] INFO [django.server:213] "POST /admin/login/?next=/admin/User/customuser/ HTTP/1.1" 302 0
[2025-01-25 11:35:41,008] INFO [django.server:213] "GET /admin/User/customuser/ HTTP/1.1" 200 18602
[2025-01-25 11:35:41,078] INFO [django.server:213] "GET /admin/jsi18n/ HTTP/1.1" 200 3342
[2025-01-25 11:35:44,074] INFO [django.server:213] "GET /admin/User/customuser/ HTTP/1.1" 200 18602
[2025-01-25 11:35:44,106] INFO [django.server:213] "GET /admin/jsi18n/ HTTP/1.1" 200 3342
[2025-01-25 11:35:49,282] INFO [django.server:213] "GET /admin/User/customuser/5/change/ HTTP/1.1" 200 32302
[2025-01-25 11:35:49,318] INFO [django.server:213] "GET /admin/jsi18n/ HTTP/1.1" 200 3342
[2025-01-25 11:35:49,412] INFO [django.server:213] "GET /static/admin/img/icon-clock.svg HTTP/1.1" 304 0
[2025-01-25 11:35:53,867] INFO [django.server:213] "GET /admin/User/customuser/ HTTP/1.1" 200 18602
[2025-01-25 11:35:57,338] INFO [django.server:213] "GET /admin/User/customuser/4/change/ HTTP/1.1" 200 32171
[2025-01-25 11:35:57,366] INFO [django.server:213] "GET /admin/jsi18n/ HTTP/1.1" 200 3342
[2025-01-25 11:35:59,450] INFO [django.server:213] "GET /admin/User/customuser/ HTTP/1.1" 200 18602
[2025-01-25 11:36:29,870] INFO [django.server:213] "GET /admin/User/customuser/21/change/ HTTP/1.1" 200 32193
[2025-01-25 11:36:29,896] INFO [django.server:213] "GET /admin/jsi18n/ HTTP/1.1" 200 3342
[2025-01-25 11:36:31,725] INFO [django.server:213] "GET /admin/User/customuser/ HTTP/1.1" 200 18602
[2025-01-25 11:36:33,669] INFO [django.server:213] "GET /admin/User/customuser/20/change/ HTTP/1.1" 200 32257
[2025-01-25 11:36:33,694] INFO [django.server:213] "GET /admin/jsi18n/ HTTP/1.1" 200 3342
[2025-01-25 11:36:36,589] INFO [django.server:213] "GET /admin/User/customuser/ HTTP/1.1" 200 18602
[2025-01-25 11:36:42,037] INFO [django.server:213] "GET /admin/User/customuser/20/change/ HTTP/1.1" 200 32257
[2025-01-25 11:36:42,071] INFO [django.server:213] "GET /admin/jsi18n/ HTTP/1.1" 200 3342
[2025-01-25 11:36:56,960] INFO [django.server:213] "POST /admin/User/customuser/20/change/ HTTP/1.1" 302 0
[2025-01-25 11:36:57,001] INFO [django.server:213] "GET /admin/User/customuser/ HTTP/1.1" 200 18804
[2025-01-25 11:36:57,071] INFO [django.server:213] "GET /admin/jsi18n/ HTTP/1.1" 200 3342
[2025-01-25 11:37:06,594] WARNING [django.security.csrf:248] Forbidden (CSRF token from POST incorrect.): /admin/login/
[2025-01-25 11:37:06,595] WARNING [django.server:213] "POST /admin/login/?next=/admin/ HTTP/1.1" 403 2503
[2025-01-25 11:37:09,050] INFO [django.server:213] "GET /admin/login/?next=/admin/ HTTP/1.1" 302 0
[2025-01-25 11:37:09,081] INFO [django.server:213] "GET /admin/ HTTP/1.1" 200 16408
[2025-01-25 11:37:24,676] WARNING [django.request:248] Not Found: /admin
[2025-01-25 11:37:24,677] WARNING [django.server:213] "GET /admin HTTP/1.1" 404 5117
[2025-01-25 11:37:24,790] WARNING [django.request:248] Not Found: /favicon.ico
[2025-01-25 11:37:24,791] WARNING [django.server:213] "GET /favicon.ico HTTP/1.1" 404 5141
[2025-01-25 11:37:29,757] INFO [django.server:213] "GET /admin/ HTTP/1.1" 302 0
[2025-01-25 11:37:29,777] INFO [django.server:213] "GET /admin/login/?next=/admin/ HTTP/1.1" 200 4160
[2025-01-25 11:37:29,909] INFO [django.server:213] "GET /static/admin/css/responsive.css HTTP/1.1" 200 17972
[2025-01-25 11:37:29,910] INFO [django.server:213] "GET /static/admin/css/base.css HTTP/1.1" 200 22092
[2025-01-25 11:37:29,910] INFO [django.server:213] "GET /static/admin/js/theme.js HTTP/1.1" 200 1653
[2025-01-25 11:37:29,912] INFO [django.server:213] "GET /static/admin/css/dark_mode.css HTTP/1.1" 200 2804
[2025-01-25 11:37:29,913] INFO [django.server:213] "GET /static/admin/css/nav_sidebar.css HTTP/1.1" 200 2810
[2025-01-25 11:37:29,914] INFO [django.server:213] "GET /static/admin/css/login.css HTTP/1.1" 200 951
[2025-01-25 11:37:29,925] INFO [django.server:213] "GET /static/admin/js/nav_sidebar.js HTTP/1.1" 200 3063
[2025-01-25 11:37:36,321] INFO [django.server:213] "POST /admin/login/?next=/admin/ HTTP/1.1" 200 4321
[2025-01-25 11:37:40,550] INFO [django.server:213] "POST /admin/login/?next=/admin/ HTTP/1.1" 200 4321
[2025-01-25 11:37:47,081] INFO [django.server:213] "GET /admin/User/customuser/20/change/ HTTP/1.1" 200 32257
[2025-01-25 11:37:47,126] INFO [django.server:213] "GET /admin/jsi18n/ HTTP/1.1" 200 3342
[2025-01-25 11:37:52,995] INFO [django.server:213] "POST /admin/User/customuser/20/change/ HTTP/1.1" 302 0
[2025-01-25 11:37:53,036] INFO [django.server:213] "GET /admin/User/customuser/ HTTP/1.1" 200 18804
[2025-01-25 11:37:53,111] INFO [django.server:213] "GET /admin/jsi18n/ HTTP/1.1" 200 3342
[2025-01-25 11:37:58,574] INFO [django.server:213] "GET /admin/login/?next=/admin/ HTTP/1.1" 200 4160
[2025-01-25 11:38:03,526] INFO [django.server:213] "POST /admin/login/?next=/admin/ HTTP/1.1" 302 0
[2025-01-25 11:38:03,545] INFO [django.server:213] "GET /admin/ HTTP/1.1" 200 4506
[2025-01-25 11:38:03,622] INFO [django.server:213] "GET /static/admin/css/dashboard.css HTTP/1.1" 200 441
[2025-01-25 11:38:15,218] INFO [django.server:213] "GET /ae HTTP/1.1" 200 12769
[2025-01-25 11:38:15,360] INFO [django.server:213] "POST /graphql/ HTTP/1.1" 200 90
[2025-01-25 11:38:15,424] INFO [django.server:213] "POST /graphql/ HTTP/1.1" 200 180
[2025-01-25 11:38:15,424] INFO [django.server:213] "POST /graphql/ HTTP/1.1" 200 133
[2025-01-25 11:38:25,598] INFO [django.server:213] "POST /graphql/ HTTP/1.1" 200 80
[2025-01-25 11:38:25,634] INFO [django.server:213] "POST /graphql/ HTTP/1.1" 200 113
[2025-01-25 11:38:25,642] INFO [django.server:213] "POST /graphql/ HTTP/1.1" 200 172
[2025-01-25 11:38:28,014] INFO [django.server:213] "GET /ae HTTP/1.1" 200 12769
[2025-01-25 11:38:28,111] INFO [django.server:213] "POST /graphql/ HTTP/1.1" 200 90
[2025-01-25 11:38:28,143] INFO [django.server:213] "POST /graphql/ HTTP/1.1" 200 113
[2025-01-25 11:38:28,147] INFO [django.server:213] "POST /graphql/ HTTP/1.1" 200 172
[2025-01-25 11:38:40,834] INFO [django.server:213] "POST /graphql/ HTTP/1.1" 200 80
[2025-01-25 11:38:40,868] INFO [django.server:213] "POST /graphql/ HTTP/1.1" 200 180
[2025-01-25 11:38:40,871] INFO [django.server:213] "POST /graphql/ HTTP/1.1" 200 133
[2025-01-25 11:38:43,116] INFO [django.server:213] "GET /ae HTTP/1.1" 200 12769
[2025-01-25 11:38:43,178] INFO [django.server:213] "POST /graphql/ HTTP/1.1" 200 90
[2025-01-25 11:38:43,205] INFO [django.server:213] "POST /graphql/ HTTP/1.1" 200 180
[2025-01-25 11:38:43,213] INFO [django.server:213] "POST /graphql/ HTTP/1.1" 200 133
[2025-01-25 11:41:34,041] INFO [django.utils.autoreload:266] /home/sakib/Desktop/sakib/backend/backend/GraphQL/Employee-management-project/company/mutation.py changed, reloading.
[2025-01-25 11:41:34,640] INFO [django.utils.autoreload:668] Watching for file changes with StatReloader
[2025-01-25 11:41:39,004] INFO [django.utils.autoreload:266] /home/sakib/Desktop/sakib/backend/backend/GraphQL/Employee-management-project/company/mutation.py changed, reloading.
[2025-01-25 11:41:39,576] INFO [django.utils.autoreload:668] Watching for file changes with StatReloader
[2025-01-25 11:41:45,961] INFO [django.utils.autoreload:266] /home/sakib/Desktop/sakib/backend/backend/GraphQL/Employee-management-project/company/mutation.py changed, reloading.
[2025-01-25 11:41:46,510] INFO [django.utils.autoreload:668] Watching for file changes with StatReloader
[2025-01-25 11:41:52,892] INFO [django.utils.autoreload:266] /home/sakib/Desktop/sakib/backend/backend/GraphQL/Employee-management-project/company/mutation.py changed, reloading.
[2025-01-25 11:41:53,653] INFO [django.utils.autoreload:668] Watching for file changes with StatReloader
[2025-01-25 11:41:58,868] INFO [django.utils.autoreload:266] /home/sakib/Desktop/sakib/backend/backend/GraphQL/Employee-management-project/company/mutation.py changed, reloading.
[2025-01-25 11:41:59,479] INFO [django.utils.autoreload:668] Watching for file changes with StatReloader
[2025-01-25 11:42:02,868] INFO [django.utils.autoreload:266] /home/sakib/Desktop/sakib/backend/backend/GraphQL/Employee-management-project/company/mutation.py changed, reloading.
[2025-01-25 11:42:03,427] INFO [django.utils.autoreload:668] Watching for file changes with StatReloader
[2025-01-25 11:42:12,733] INFO [django.server:213] "GET /cm HTTP/1.1" 200 9296
[2025-01-25 11:42:12,864] INFO [django.server:213] "POST /graphql/ HTTP/1.1" 200 91
[2025-01-25 11:42:12,870] INFO [django.server:213] "POST /graphql/ HTTP/1.1" 200 348
[2025-01-25 11:42:32,765] INFO [django.server:213] "GET /admin/company/manager/ HTTP/1.1" 200 14681
[2025-01-25 11:42:32,802] INFO [django.server:213] "GET /admin/jsi18n/ HTTP/1.1" 200 3342
[2025-01-25 11:42:39,589] INFO [django.server:213] "POST /admin/company/manager/ HTTP/1.1" 200 12659
[2025-01-25 11:42:40,793] INFO [django.server:213] "POST /admin/company/manager/ HTTP/1.1" 302 0
[2025-01-25 11:42:40,822] INFO [django.server:213] "GET /admin/company/manager/ HTTP/1.1" 200 14555
[2025-01-25 11:42:40,890] INFO [django.server:213] "GET /admin/jsi18n/ HTTP/1.1" 200 3342
[2025-01-25 11:42:44,204] INFO [django.server:213] "GET /admin/User/customuser/ HTTP/1.1" 200 18604
[2025-01-25 11:42:44,237] INFO [django.server:213] "GET /admin/jsi18n/ HTTP/1.1" 200 3342
[2025-01-25 11:42:46,313] INFO [django.server:213] "GET /admin/User/customuser/4/change/ HTTP/1.1" 200 32171
[2025-01-25 11:42:46,348] INFO [django.server:213] "GET /admin/jsi18n/ HTTP/1.1" 200 3342
[2025-01-25 11:42:51,869] INFO [django.server:213] "POST /admin/User/customuser/4/change/ HTTP/1.1" 302 0
[2025-01-25 11:42:51,909] INFO [django.server:213] "GET /admin/User/customuser/ HTTP/1.1" 200 18800
[2025-01-25 11:42:51,980] INFO [django.server:213] "GET /admin/jsi18n/ HTTP/1.1" 200 3342
[2025-01-25 11:44:02,908] INFO [django.utils.autoreload:266] /home/sakib/Desktop/sakib/backend/backend/GraphQL/Employee-management-project/User/schema_user.py changed, reloading.
[2025-01-25 11:44:03,515] INFO [django.utils.autoreload:668] Watching for file changes with StatReloader
[2025-01-25 11:44:24,149] INFO [django.utils.autoreload:266] /home/sakib/Desktop/sakib/backend/backend/GraphQL/Employee-management-project/User/schema_user.py changed, reloading.
[2025-01-25 11:44:24,671] INFO [django.utils.autoreload:668] Watching for file changes with StatReloader
[2025-01-25 11:44:32,475] INFO [django.server:213] "GET /cm HTTP/1.1" 200 9296
[2025-01-25 11:44:32,618] INFO [django.server:213] "POST /graphql/ HTTP/1.1" 200 145
[2025-01-25 11:44:32,618] INFO [django.server:213] "POST /graphql/ HTTP/1.1" 200 271
[2025-01-25 11:44:44,292] INFO [django.server:213] "POST /graphql/ HTTP/1.1" 200 111
[2025-01-25 11:45:17,170] INFO [django.server:213] "POST /graphql/ HTTP/1.1" 200 271
[2025-01-25 11:45:44,232] INFO [django.utils.autoreload:266] /home/sakib/Desktop/sakib/backend/backend/GraphQL/Employee-management-project/company/mutation.py changed, reloading.
[2025-01-25 11:45:44,790] INFO [django.utils.autoreload:668] Watching for file changes with StatReloader
[2025-01-25 11:45:51,651] INFO [django.server:213] "GET /admin/User/customuser/ HTTP/1.1" 200 18602
[2025-01-25 11:45:51,683] INFO [django.server:213] "GET /admin/jsi18n/ HTTP/1.1" 200 3342
[2025-01-25 11:45:56,192] INFO [django.server:213] "GET /cm HTTP/1.1" 200 9296
[2025-01-25 11:45:56,327] INFO [django.server:213] "POST /graphql/ HTTP/1.1" 200 145
[2025-01-25 11:45:56,328] INFO [django.server:213] "POST /graphql/ HTTP/1.1" 200 271
[2025-01-25 11:46:04,320] INFO [django.server:213] "POST /graphql/ HTTP/1.1" 200 109
[2025-01-25 11:46:08,266] INFO [django.server:213] "POST /graphql/ HTTP/1.1" 200 271
[2025-01-25 11:46:28,887] INFO [django.server:213] "GET /admin/User/customuser/ HTTP/1.1" 200 18602
[2025-01-25 11:46:28,919] INFO [django.server:213] "GET /admin/jsi18n/ HTTP/1.1" 200 3342
[2025-01-25 11:46:44,194] INFO [django.utils.autoreload:266] /home/sakib/Desktop/sakib/backend/backend/GraphQL/Employee-management-project/company/mutation.py changed, reloading.
[2025-01-25 11:46:44,755] INFO [django.utils.autoreload:668] Watching for file changes with StatReloader
[2025-01-25 11:46:48,181] INFO [django.utils.autoreload:266] /home/sakib/Desktop/sakib/backend/backend/GraphQL/Employee-management-project/company/mutation.py changed, reloading.
[2025-01-25 11:46:48,728] INFO [django.utils.autoreload:668] Watching for file changes with StatReloader
[2025-01-25 11:46:54,040] INFO [django.server:213] "GET /admin/User/customuser/ HTTP/1.1" 200 18602
[2025-01-25 11:46:54,078] INFO [django.server:213] "GET /admin/jsi18n/ HTTP/1.1" 200 3342
[2025-01-25 11:47:01,092] INFO [django.server:213] "POST /graphql/ HTTP/1.1" 200 163
[2025-01-25 11:47:04,989] INFO [django.server:213] "POST /graphql/ HTTP/1.1" 200 271
[2025-01-25 11:47:14,650] INFO [django.utils.autoreload:266] /home/sakib/Desktop/sakib/backend/backend/GraphQL/Employee-management-project/company/mutation.py changed, reloading.
[2025-01-25 11:47:15,228] INFO [django.utils.autoreload:668] Watching for file changes with StatReloader
[2025-01-25 11:47:17,610] INFO [django.server:213] "GET /cm HTTP/1.1" 200 9296
[2025-01-25 11:47:17,731] INFO [django.server:213] "POST /graphql/ HTTP/1.1" 200 145
[2025-01-25 11:47:17,742] INFO [django.server:213] "POST /graphql/ HTTP/1.1" 200 271
[2025-01-25 11:47:22,556] INFO [django.server:213] "POST /graphql/ HTTP/1.1" 200 145
[2025-01-25 11:47:24,721] INFO [django.server:213] "POST /graphql/ HTTP/1.1" 200 348
[2025-01-25 11:47:29,193] INFO [django.server:213] "GET /admin/User/customuser/ HTTP/1.1" 200 18602
[2025-01-25 11:47:29,221] INFO [django.server:213] "GET /admin/jsi18n/ HTTP/1.1" 200 3342
[2025-01-25 11:47:36,688] INFO [django.server:213] "GET /admin/User/customuser/ HTTP/1.1" 200 18602
[2025-01-25 11:47:36,717] INFO [django.server:213] "GET /admin/jsi18n/ HTTP/1.1" 200 3342
[2025-01-25 11:47:44,532] INFO [django.utils.autoreload:266] /home/sakib/Desktop/sakib/backend/backend/GraphQL/Employee-management-project/company/mutation.py changed, reloading.
[2025-01-25 11:47:45,073] INFO [django.utils.autoreload:668] Watching for file changes with StatReloader
[2025-01-25 11:47:53,526] INFO [django.utils.autoreload:266] /home/sakib/Desktop/sakib/backend/backend/GraphQL/Employee-management-project/company/mutation.py changed, reloading.
[2025-01-25 11:47:54,222] INFO [django.utils.autoreload:668] Watching for file changes with StatReloader
[2025-01-25 11:47:56,627] INFO [django.utils.autoreload:266] /home/sakib/Desktop/sakib/backend/backend/GraphQL/Employee-management-project/company/mutation.py changed, reloading.
[2025-01-25 11:47:57,241] INFO [django.utils.autoreload:668] Watching for file changes with StatReloader
[2025-01-25 11:48:03,684] INFO [django.utils.autoreload:266] /home/sakib/Desktop/sakib/backend/backend/GraphQL/Employee-management-project/company/mutation.py changed, reloading.
[2025-01-25 11:48:04,235] INFO [django.utils.autoreload:668] Watching for file changes with StatReloader
[2025-01-25 11:48:16,012] INFO [django.server:213] "GET /admin/company/manager/ HTTP/1.1" 200 14681
[2025-01-25 11:48:16,037] INFO [django.server:213] "GET /admin/jsi18n/ HTTP/1.1" 200 3342
[2025-01-25 11:48:21,142] INFO [django.server:213] "POST /admin/company/manager/ HTTP/1.1" 200 12659
[2025-01-25 11:48:22,341] INFO [django.server:213] "POST /admin/company/manager/ HTTP/1.1" 302 0
[2025-01-25 11:48:22,365] INFO [django.server:213] "GET /admin/company/manager/ HTTP/1.1" 200 14555
[2025-01-25 11:48:22,441] INFO [django.server:213] "GET /admin/jsi18n/ HTTP/1.1" 200 3342
[2025-01-25 11:48:55,485] INFO [django.server:213] "GET /admin/User/customuser/ HTTP/1.1" 200 18602
[2025-01-25 11:48:55,516] INFO [django.server:213] "GET /admin/jsi18n/ HTTP/1.1" 200 3342
[2025-01-25 11:49:04,510] INFO [django.server:213] "POST /graphql/ HTTP/1.1" 200 240
[2025-01-25 11:51:23,901] INFO [django.utils.autoreload:266] /home/sakib/Desktop/sakib/backend/backend/GraphQL/Employee-management-project/company/mutation.py changed, reloading.
[2025-01-25 11:51:24,673] INFO [django.utils.autoreload:668] Watching for file changes with StatReloader
[2025-01-25 11:51:26,871] INFO [django.utils.autoreload:266] /home/sakib/Desktop/sakib/backend/backend/GraphQL/Employee-management-project/company/mutation.py changed, reloading.
[2025-01-25 11:51:27,464] INFO [django.utils.autoreload:668] Watching for file changes with StatReloader
[2025-01-25 11:51:31,881] INFO [django.utils.autoreload:266] /home/sakib/Desktop/sakib/backend/backend/GraphQL/Employee-management-project/company/mutation.py changed, reloading.
[2025-01-25 11:51:32,550] INFO [django.utils.autoreload:668] Watching for file changes with StatReloader
[2025-01-25 11:51:46,141] INFO [django.server:213] "GET /admin/company/manager/ HTTP/1.1" 200 14681
[2025-01-25 11:51:46,175] INFO [django.server:213] "GET /admin/jsi18n/ HTTP/1.1" 200 3342
[2025-01-25 11:51:51,343] INFO [django.server:213] "POST /admin/company/manager/ HTTP/1.1" 200 12659
[2025-01-25 11:51:52,476] INFO [django.server:213] "POST /admin/company/manager/ HTTP/1.1" 302 0
[2025-01-25 11:51:52,503] INFO [django.server:213] "GET /admin/company/manager/ HTTP/1.1" 200 14555
[2025-01-25 11:51:52,573] INFO [django.server:213] "GET /admin/jsi18n/ HTTP/1.1" 200 3342
[2025-01-25 11:52:16,599] INFO [django.server:213] "GET /cm HTTP/1.1" 200 9296
[2025-01-25 11:52:16,748] INFO [django.server:213] "POST /graphql/ HTTP/1.1" 200 271
[2025-01-25 11:52:16,751] INFO [django.server:213] "POST /graphql/ HTTP/1.1" 200 145
[2025-01-25 11:52:23,318] INFO [django.server:213] "POST /graphql/ HTTP/1.1" 200 124
[2025-01-25 11:52:28,750] INFO [django.server:213] "POST /graphql/ HTTP/1.1" 200 271
[2025-01-25 11:52:49,375] INFO [django.server:213] "GET /admin/User/role/ HTTP/1.1" 200 14616
[2025-01-25 11:52:49,408] INFO [django.server:213] "GET /admin/jsi18n/ HTTP/1.1" 200 3342
[2025-01-25 11:52:51,023] INFO [django.server:213] "GET /admin/User/role/2/change/ HTTP/1.1" 200 14213
[2025-01-25 11:52:51,056] INFO [django.server:213] "GET /admin/jsi18n/ HTTP/1.1" 200 3342
[2025-01-25 11:53:09,794] INFO [django.server:213] "POST /graphql/ HTTP/1.1" 200 124
[2025-01-25 11:55:09,651] INFO [django.utils.autoreload:266] /home/sakib/Desktop/sakib/backend/backend/GraphQL/Employee-management-project/company/mutation.py changed, reloading.
[2025-01-25 11:55:10,259] INFO [django.utils.autoreload:668] Watching for file changes with StatReloader
[2025-01-25 11:55:22,834] INFO [django.utils.autoreload:266] /home/sakib/Desktop/sakib/backend/backend/GraphQL/Employee-management-project/company/mutation.py changed, reloading.
[2025-01-25 11:55:23,419] INFO [django.utils.autoreload:668] Watching for file changes with StatReloader
[2025-01-25 11:55:26,878] INFO [django.utils.autoreload:266] /home/sakib/Desktop/sakib/backend/backend/GraphQL/Employee-management-project/company/mutation.py changed, reloading.
[2025-01-25 11:55:27,602] INFO [django.utils.autoreload:668] Watching for file changes with StatReloader
[2025-01-25 11:55:29,785] INFO [django.utils.autoreload:266] /home/sakib/Desktop/sakib/backend/backend/GraphQL/Employee-management-project/company/mutation.py changed, reloading.
[2025-01-25 11:55:30,464] INFO [django.utils.autoreload:668] Watching for file changes with StatReloader
[2025-01-25 11:56:22,600] INFO [django.utils.autoreload:266] /home/sakib/Desktop/sakib/backend/backend/GraphQL/Employee-management-project/company/mutation.py changed, reloading.
[2025-01-25 11:56:23,215] INFO [django.utils.autoreload:668] Watching for file changes with StatReloader
[2025-01-25 11:56:28,646] INFO [django.utils.autoreload:266] /home/sakib/Desktop/sakib/backend/backend/GraphQL/Employee-management-project/company/mutation.py changed, reloading.
[2025-01-25 11:56:29,304] INFO [django.utils.autoreload:668] Watching for file changes with StatReloader
[2025-01-25 11:56:31,473] INFO [django.utils.autoreload:266] /home/sakib/Desktop/sakib/backend/backend/GraphQL/Employee-management-project/company/mutation.py changed, reloading.
[2025-01-25 11:56:32,000] INFO [django.utils.autoreload:668] Watching for file changes with StatReloader
[2025-01-25 11:56:35,461] INFO [django.utils.autoreload:266] /home/sakib/Desktop/sakib/backend/backend/GraphQL/Employee-management-project/company/mutation.py changed, reloading.
[2025-01-25 11:56:36,072] INFO [django.utils.autoreload:668] Watching for file changes with StatReloader
[2025-01-25 11:56:48,607] INFO [django.utils.autoreload:266] /home/sakib/Desktop/sakib/backend/backend/GraphQL/Employee-management-project/company/mutation.py changed, reloading.
[2025-01-25 11:56:49,240] INFO [django.utils.autoreload:668] Watching for file changes with StatReloader
[2025-01-25 11:56:52,527] INFO [django.utils.autoreload:266] /home/sakib/Desktop/sakib/backend/backend/GraphQL/Employee-management-project/company/mutation.py changed, reloading.
[2025-01-25 11:56:53,185] INFO [django.utils.autoreload:668] Watching for file changes with StatReloader
[2025-01-25 11:56:54,332] INFO [django.utils.autoreload:266] /home/sakib/Desktop/sakib/backend/backend/GraphQL/Employee-management-project/company/mutation.py changed, reloading.
[2025-01-25 11:56:54,915] INFO [django.utils.autoreload:668] Watching for file changes with StatReloader
[2025-01-25 11:57:12,908] INFO [django.server:213] "GET /cm HTTP/1.1" 200 9296
[2025-01-25 11:57:13,049] INFO [django.server:213] "POST /graphql/ HTTP/1.1" 200 145
[2025-01-25 11:57:13,053] INFO [django.server:213] "POST /graphql/ HTTP/1.1" 200 271
[2025-01-25 11:57:25,261] INFO [django.server:213] "POST /graphql/ HTTP/1.1" 200 147
[2025-01-25 11:57:27,324] INFO [django.server:213] "POST /graphql/ HTTP/1.1" 200 348
[2025-01-25 11:57:32,585] INFO [django.server:213] "GET /admin/User/customuser/ HTTP/1.1" 200 18604
[2025-01-25 11:57:32,616] INFO [django.server:213] "GET /admin/jsi18n/ HTTP/1.1" 200 3342
[2025-01-25 11:57:41,286] INFO [django.server:213] "GET /cm HTTP/1.1" 200 9296
[2025-01-25 11:57:41,434] INFO [django.server:213] "POST /graphql/ HTTP/1.1" 200 348
[2025-01-25 11:57:41,434] INFO [django.server:213] "POST /graphql/ HTTP/1.1" 200 91
[2025-01-25 11:57:59,570] INFO [django.server:213] "GET /admin/User/customuser/ HTTP/1.1" 200 18604
[2025-01-25 11:57:59,601] INFO [django.server:213] "GET /admin/jsi18n/ HTTP/1.1" 200 3342
[2025-01-25 11:58:54,886] INFO [django.server:213] "GET /admin/User/role/ HTTP/1.1" 200 14616
[2025-01-25 11:58:54,920] INFO [django.server:213] "GET /admin/jsi18n/ HTTP/1.1" 200 3342
[2025-01-25 12:00:51,305] INFO [django.server:213] "GET /admin/User/role/3/change/ HTTP/1.1" 200 14210
[2025-01-25 12:00:51,340] INFO [django.server:213] "GET /admin/jsi18n/ HTTP/1.1" 200 3342
[2025-01-25 12:01:06,202] INFO [django.server:213] "GET /admin/User/role/ HTTP/1.1" 200 14616
[2025-01-25 14:09:51,676] INFO [django.server:213] "GET /cm HTTP/1.1" 200 9296
[2025-01-25 14:09:51,780] INFO [django.server:213] "POST /graphql/ HTTP/1.1" 200 91
[2025-01-25 14:09:51,787] INFO [django.server:213] "POST /graphql/ HTTP/1.1" 200 348
[2025-01-25 14:10:10,718] INFO [django.server:213] "GET /ae HTTP/1.1" 200 12769
[2025-01-25 14:10:10,818] INFO [django.server:213] "POST /graphql/ HTTP/1.1" 200 90
[2025-01-25 14:10:10,852] INFO [django.server:213] "POST /graphql/ HTTP/1.1" 200 180
[2025-01-25 14:10:10,859] INFO [django.server:213] "POST /graphql/ HTTP/1.1" 200 133
[2025-01-25 14:10:13,432] INFO [django.server:213] "POST /graphql/ HTTP/1.1" 200 80
[2025-01-25 14:10:13,466] INFO [django.server:213] "POST /graphql/ HTTP/1.1" 200 113
[2025-01-25 14:10:13,474] INFO [django.server:213] "POST /graphql/ HTTP/1.1" 200 172
[2025-01-25 14:10:16,096] INFO [django.server:213] "POST /graphql/ HTTP/1.1" 200 80
[2025-01-25 14:10:16,133] INFO [django.server:213] "POST /graphql/ HTTP/1.1" 200 180
[2025-01-25 14:10:16,134] INFO [django.server:213] "POST /graphql/ HTTP/1.1" 200 133
[2025-01-25 14:10:18,859] INFO [django.server:213] "POST /graphql/ HTTP/1.1" 200 80
[2025-01-25 14:10:18,898] INFO [django.server:213] "POST /graphql/ HTTP/1.1" 200 44
[2025-01-25 14:10:18,899] INFO [django.server:213] "POST /graphql/ HTTP/1.1" 200 212
[2025-01-25 14:10:27,353] INFO [django.server:213] "GET / HTTP/1.1" 200 9413
[2025-01-25 14:10:27,437] WARNING [django.server:213] "GET /static/images/img3.jpg HTTP/1.1" 404 1972
[2025-01-25 14:10:27,437] INFO [django.server:213] "GET /static/image/img1.jpg HTTP/1.1" 200 100315
[2025-01-25 14:10:27,449] INFO [django.server:213] "GET /static/image/img2.jpg HTTP/1.1" 200 2436694
[2025-01-25 14:10:31,115] INFO [django.server:213] "GET /d HTTP/1.1" 200 14574
[2025-01-25 14:10:31,176] WARNING [django.request:248] Bad Request: /graphql/
[2025-01-25 14:10:31,177] WARNING [django.server:213] "GET /graphql/?query=%0A%20%20%20%20%20%20%20%20query%20%7B%0A%20%20%20%20%20%20%20%20%20%20%20%20allEmployee%20%7B%0A%20%20%20%20%20%20%20%20%20%20%20%20%20%20%20%20id%0A%20%20%20%20%20%20%20%20%20%20%20%20%20%20%20%20employeeId%0A%20%20%20%20%20%20%20%20%20%20%20%20%20%20%20%20address%0A%20%20%20%20%20%20%20%20%20%20%20%20%20%20%20%20user%20%7B%0A%20%20%20%20%20%20%20%20%20%20%20%20%20%20%20%20%20%20%20%20id%0A%20%20%20%20%20%20%20%20%20%20%20%20%20%20%20%20%20%20%20%20username%0A%20%20%20%20%20%20%20%20%20%20%20%20%20%20%20%20%20%20%20%20role%7B%0A%20%20%20%20%20%20%20%20%20%20%20%20%20%20%20%20%20%20%20%20name%0A%20%20%20%20%20%20%20%20%20%20%20%20%20%20%20%20%20%20%20%20%7D%0A%20%20%20%20%20%20%20%20%20%20%20%20%20%20%20%20%7D%0A%20%20%20%20%20%20%20%20%20%20%20%20%20%20%20%20department%20%7B%0A%20%20%20%20%20%20%20%20%20%20%20%20%20%20%20%20%20%20%20%20name%0A%20%20%20%20%20%20%20%20%20%20%20%20%20%20%20%20%7D%0A%20%20%20%20%20%20%20%20%20%20%20%20%7D%0A%20%20%20%20%20%20%20%20%7D%0A%20%20%20%20 HTTP/1.1" 400 113
[2025-01-25 14:12:10,208] INFO [django.utils.autoreload:266] /home/sakib/Desktop/sakib/backend/backend/GraphQL/Employee-management-project/company/schema_company.py changed, reloading.
[2025-01-25 14:12:10,819] INFO [django.utils.autoreload:668] Watching for file changes with StatReloader
[2025-01-25 14:12:33,462] INFO [django.utils.autoreload:266] /home/sakib/Desktop/sakib/backend/backend/GraphQL/Employee-management-project/Employee/schema_employee.py changed, reloading.
[2025-01-25 14:12:34,014] INFO [django.utils.autoreload:668] Watching for file changes with StatReloader
[2025-01-25 14:12:45,481] INFO [django.utils.autoreload:266] /home/sakib/Desktop/sakib/backend/backend/GraphQL/Employee-management-project/Employee/schema_employee.py changed, reloading.
[2025-01-25 14:12:46,072] INFO [django.utils.autoreload:668] Watching for file changes with StatReloader
[2025-01-25 14:12:51,283] INFO [django.utils.autoreload:266] /home/sakib/Desktop/sakib/backend/backend/GraphQL/Employee-management-project/Employee/schema_employee.py changed, reloading.
[2025-01-25 14:12:51,918] INFO [django.utils.autoreload:668] Watching for file changes with StatReloader
[2025-01-25 14:12:57,198] INFO [django.utils.autoreload:266] /home/sakib/Desktop/sakib/backend/backend/GraphQL/Employee-management-project/Employee/schema_employee.py changed, reloading.
[2025-01-25 14:12:57,840] INFO [django.utils.autoreload:668] Watching for file changes with StatReloader
[2025-01-25 14:13:00,042] INFO [django.utils.autoreload:266] /home/sakib/Desktop/sakib/backend/backend/GraphQL/Employee-management-project/Employee/schema_employee.py changed, reloading.
[2025-01-25 14:13:00,625] INFO [django.utils.autoreload:668] Watching for file changes with StatReloader
[2025-01-25 14:13:19,233] INFO [django.utils.autoreload:266] /home/sakib/Desktop/sakib/backend/backend/GraphQL/Employee-management-project/Employee/schema_employee.py changed, reloading.
[2025-01-25 14:13:19,881] INFO [django.utils.autoreload:668] Watching for file changes with StatReloader
[2025-01-25 14:13:25,310] INFO [django.utils.autoreload:266] /home/sakib/Desktop/sakib/backend/backend/GraphQL/Employee-management-project/company/schema_company.py changed, reloading.
[2025-01-25 14:13:25,959] INFO [django.utils.autoreload:668] Watching for file changes with StatReloader
[2025-01-25 14:13:27,116] INFO [django.utils.autoreload:266] /home/sakib/Desktop/sakib/backend/backend/GraphQL/Employee-management-project/company/schema_company.py changed, reloading.
[2025-01-25 14:13:27,652] INFO [django.utils.autoreload:668] Watching for file changes with StatReloader
[2025-01-25 14:13:33,900] INFO [django.utils.autoreload:266] /home/sakib/Desktop/sakib/backend/backend/GraphQL/Employee-management-project/company/schema_company.py changed, reloading.
[2025-01-25 14:13:34,453] INFO [django.utils.autoreload:668] Watching for file changes with StatReloader
[2025-01-25 14:13:35,674] INFO [django.utils.autoreload:266] /home/sakib/Desktop/sakib/backend/backend/GraphQL/Employee-management-project/company/schema_company.py changed, reloading.
[2025-01-25 14:13:36,217] INFO [django.utils.autoreload:668] Watching for file changes with StatReloader
[2025-01-25 14:13:37,370] INFO [django.utils.autoreload:266] /home/sakib/Desktop/sakib/backend/backend/GraphQL/Employee-management-project/company/schema_company.py changed, reloading.
[2025-01-25 14:13:37,959] INFO [django.utils.autoreload:668] Watching for file changes with StatReloader
[2025-01-25 14:13:51,462] INFO [django.utils.autoreload:266] /home/sakib/Desktop/sakib/backend/backend/GraphQL/Employee-management-project/company/schema_company.py changed, reloading.
[2025-01-25 14:13:52,077] INFO [django.utils.autoreload:668] Watching for file changes with StatReloader
[2025-01-25 14:14:00,335] INFO [django.utils.autoreload:266] /home/sakib/Desktop/sakib/backend/backend/GraphQL/Employee-management-project/company/schema_company.py changed, reloading.
[2025-01-25 14:14:00,856] INFO [django.utils.autoreload:668] Watching for file changes with StatReloader
[2025-01-25 14:14:06,262] INFO [django.utils.autoreload:266] /home/sakib/Desktop/sakib/backend/backend/GraphQL/Employee-management-project/company/schema_company.py changed, reloading.
[2025-01-25 14:14:06,825] INFO [django.utils.autoreload:668] Watching for file changes with StatReloader
[2025-01-25 14:14:39,596] INFO [django.utils.autoreload:266] /home/sakib/Desktop/sakib/backend/backend/GraphQL/Employee-management-project/company/schema_company.py changed, reloading.
[2025-01-25 14:14:40,133] INFO [django.utils.autoreload:668] Watching for file changes with StatReloader
[2025-01-25 14:16:08,753] INFO [django.utils.autoreload:266] /home/sakib/Desktop/sakib/backend/backend/GraphQL/Employee-management-project/company/type.py changed, reloading.
[2025-01-25 14:16:09,443] INFO [django.utils.autoreload:668] Watching for file changes with StatReloader
[2025-01-25 14:16:12,733] INFO [django.utils.autoreload:266] /home/sakib/Desktop/sakib/backend/backend/GraphQL/Employee-management-project/company/type.py changed, reloading.
[2025-01-25 14:16:13,292] INFO [django.utils.autoreload:668] Watching for file changes with StatReloader
[2025-01-25 14:16:15,561] INFO [django.utils.autoreload:266] /home/sakib/Desktop/sakib/backend/backend/GraphQL/Employee-management-project/company/type.py changed, reloading.
[2025-01-25 14:16:16,246] INFO [django.utils.autoreload:668] Watching for file changes with StatReloader
[2025-01-25 14:16:31,613] INFO [django.utils.autoreload:266] /home/sakib/Desktop/sakib/backend/backend/GraphQL/Employee-management-project/company/type.py changed, reloading.
[2025-01-25 14:16:32,193] INFO [django.utils.autoreload:668] Watching for file changes with StatReloader
[2025-01-25 14:16:58,914] INFO [django.utils.autoreload:266] /home/sakib/Desktop/sakib/backend/backend/GraphQL/Employee-management-project/company/type.py changed, reloading.
[2025-01-25 14:16:59,511] INFO [django.utils.autoreload:668] Watching for file changes with StatReloader
[2025-01-25 14:17:04,739] INFO [django.utils.autoreload:266] /home/sakib/Desktop/sakib/backend/backend/GraphQL/Employee-management-project/company/type.py changed, reloading.
[2025-01-25 14:17:05,254] INFO [django.utils.autoreload:668] Watching for file changes with StatReloader
[2025-01-25 14:17:30,931] INFO [django.utils.autoreload:266] /home/sakib/Desktop/sakib/backend/backend/GraphQL/Employee-management-project/company/schema_company.py changed, reloading.
[2025-01-25 14:17:31,562] INFO [django.utils.autoreload:668] Watching for file changes with StatReloader
[2025-01-25 14:17:32,716] INFO [django.utils.autoreload:266] /home/sakib/Desktop/sakib/backend/backend/GraphQL/Employee-management-project/company/schema_company.py changed, reloading.
[2025-01-25 14:17:33,348] INFO [django.utils.autoreload:668] Watching for file changes with StatReloader
[2025-01-25 14:17:43,652] INFO [django.utils.autoreload:266] /home/sakib/Desktop/sakib/backend/backend/GraphQL/Employee-management-project/company/schema_company.py changed, reloading.
[2025-01-25 14:17:44,204] INFO [django.utils.autoreload:668] Watching for file changes with StatReloader
[2025-01-25 14:17:49,447] INFO [django.utils.autoreload:266] /home/sakib/Desktop/sakib/backend/backend/GraphQL/Employee-management-project/company/schema_company.py changed, reloading.
[2025-01-25 14:17:50,031] INFO [django.utils.autoreload:668] Watching for file changes with StatReloader
[2025-01-25 14:18:10,690] INFO [django.utils.autoreload:266] /home/sakib/Desktop/sakib/backend/backend/GraphQL/Employee-management-project/company/schema_company.py changed, reloading.
[2025-01-25 14:18:11,232] INFO [django.utils.autoreload:668] Watching for file changes with StatReloader
[2025-01-25 14:18:22,701] INFO [django.utils.autoreload:266] /home/sakib/Desktop/sakib/backend/backend/GraphQL/Employee-management-project/company/schema_company.py changed, reloading.
[2025-01-25 14:18:23,273] INFO [django.utils.autoreload:668] Watching for file changes with StatReloader
[2025-01-25 14:18:24,651] INFO [django.utils.autoreload:266] /home/sakib/Desktop/sakib/backend/backend/GraphQL/Employee-management-project/company/schema_company.py changed, reloading.
[2025-01-25 14:18:25,244] INFO [django.utils.autoreload:668] Watching for file changes with StatReloader
[2025-01-25 14:18:27,577] INFO [django.utils.autoreload:266] /home/sakib/Desktop/sakib/backend/backend/GraphQL/Employee-management-project/company/schema_company.py changed, reloading.
[2025-01-25 14:18:28,149] INFO [django.utils.autoreload:668] Watching for file changes with StatReloader
[2025-01-25 14:18:38,588] INFO [django.utils.autoreload:266] /home/sakib/Desktop/sakib/backend/backend/GraphQL/Employee-management-project/company/schema_company.py changed, reloading.
[2025-01-25 14:18:39,159] INFO [django.utils.autoreload:668] Watching for file changes with StatReloader
[2025-01-25 14:18:42,488] INFO [django.utils.autoreload:266] /home/sakib/Desktop/sakib/backend/backend/GraphQL/Employee-management-project/company/schema_company.py changed, reloading.
[2025-01-25 14:18:43,130] INFO [django.utils.autoreload:668] Watching for file changes with StatReloader
[2025-01-25 14:20:03,221] INFO [django.server:213] "GET /graphql/ HTTP/1.1" 200 2611
[2025-01-25 14:20:03,342] INFO [django.server:213] "GET /static/graphene_django/graphiql.js HTTP/1.1" 304 0
[2025-01-25 14:20:03,549] INFO [django.server:213] "POST /graphql/ HTTP/1.1" 200 59181
[2025-01-25 14:20:11,560] INFO [django.server:213] "GET /d HTTP/1.1" 200 14574
[2025-01-25 14:20:11,636] WARNING [django.request:248] Bad Request: /graphql/
[2025-01-25 14:20:11,637] WARNING [django.server:213] "GET /graphql/?query=%0A%20%20%20%20%20%20%20%20query%20%7B%0A%20%20%20%20%20%20%20%20%20%20%20%20allEmployee%20%7B%0A%20%20%20%20%20%20%20%20%20%20%20%20%20%20%20%20id%0A%20%20%20%20%20%20%20%20%20%20%20%20%20%20%20%20employeeId%0A%20%20%20%20%20%20%20%20%20%20%20%20%20%20%20%20address%0A%20%20%20%20%20%20%20%20%20%20%20%20%20%20%20%20user%20%7B%0A%20%20%20%20%20%20%20%20%20%20%20%20%20%20%20%20%20%20%20%20id%0A%20%20%20%20%20%20%20%20%20%20%20%20%20%20%20%20%20%20%20%20username%0A%20%20%20%20%20%20%20%20%20%20%20%20%20%20%20%20%20%20%20%20role%7B%0A%20%20%20%20%20%20%20%20%20%20%20%20%20%20%20%20%20%20%20%20name%0A%20%20%20%20%20%20%20%20%20%20%20%20%20%20%20%20%20%20%20%20%7D%0A%20%20%20%20%20%20%20%20%20%20%20%20%20%20%20%20%7D%0A%20%20%20%20%20%20%20%20%20%20%20%20%20%20%20%20department%20%7B%0A%20%20%20%20%20%20%20%20%20%20%20%20%20%20%20%20%20%20%20%20name%0A%20%20%20%20%20%20%20%20%20%20%20%20%20%20%20%20%7D%0A%20%20%20%20%20%20%20%20%20%20%20%20%7D%0A%20%20%20%20%20%20%20%20%7D%0A%20%20%20%20 HTTP/1.1" 400 113
[2025-01-25 14:20:22,794] INFO [django.server:213] "GET /ae HTTP/1.1" 200 12769
[2025-01-25 14:20:22,874] INFO [django.server:213] "POST /graphql/ HTTP/1.1" 200 90
[2025-01-25 14:20:22,900] INFO [django.server:213] "POST /graphql/ HTTP/1.1" 200 44
[2025-01-25 14:20:22,910] INFO [django.server:213] "POST /graphql/ HTTP/1.1" 200 212
[2025-01-25 14:20:25,611] INFO [django.server:213] "GET /ae HTTP/1.1" 200 12769
[2025-01-25 14:20:25,672] INFO [django.server:213] "POST /graphql/ HTTP/1.1" 200 90
[2025-01-25 14:20:25,706] INFO [django.server:213] "POST /graphql/ HTTP/1.1" 200 44
[2025-01-25 14:20:25,711] INFO [django.server:213] "POST /graphql/ HTTP/1.1" 200 212
[2025-01-25 14:20:30,918] INFO [django.server:213] "GET /ae HTTP/1.1" 200 12769
[2025-01-25 14:20:31,060] INFO [django.server:213] "POST /graphql/ HTTP/1.1" 200 90
[2025-01-25 14:20:31,101] INFO [django.server:213] "POST /graphql/ HTTP/1.1" 200 44
[2025-01-25 14:20:31,109] INFO [django.server:213] "POST /graphql/ HTTP/1.1" 200 212
[2025-01-25 14:21:56,393] INFO [django.server:213] "POST /graphql/ HTTP/1.1" 200 199
[2025-01-25 14:24:15,801] INFO [django.utils.autoreload:266] /home/sakib/Desktop/sakib/backend/backend/GraphQL/Employee-management-project/company/schema_company.py changed, reloading.
[2025-01-25 14:24:16,425] INFO [django.utils.autoreload:668] Watching for file changes with StatReloader
[2025-01-25 14:24:18,616] INFO [django.utils.autoreload:266] /home/sakib/Desktop/sakib/backend/backend/GraphQL/Employee-management-project/company/schema_company.py changed, reloading.
[2025-01-25 14:24:19,159] INFO [django.utils.autoreload:668] Watching for file changes with StatReloader
[2025-01-25 14:24:23,307] INFO [django.server:213] "POST /graphql/ HTTP/1.1" 200 350
[2025-01-25 14:24:42,892] INFO [django.utils.autoreload:266] /home/sakib/Desktop/sakib/backend/backend/GraphQL/Employee-management-project/company/schema_company.py changed, reloading.
[2025-01-25 14:24:43,600] INFO [django.utils.autoreload:668] Watching for file changes with StatReloader
[2025-01-25 14:24:44,752] INFO [django.utils.autoreload:266] /home/sakib/Desktop/sakib/backend/backend/GraphQL/Employee-management-project/company/schema_company.py changed, reloading.
[2025-01-25 14:24:45,270] INFO [django.utils.autoreload:668] Watching for file changes with StatReloader
[2025-01-25 14:24:47,100] WARNING [django.request:248] Bad Request: /graphql/
[2025-01-25 14:24:47,101] WARNING [django.server:213] "POST /graphql/ HTTP/1.1" 400 378
[2025-01-25 14:25:03,946] INFO [django.utils.autoreload:266] /home/sakib/Desktop/sakib/backend/backend/GraphQL/Employee-management-project/company/schema_company.py changed, reloading.
[2025-01-25 14:25:04,511] INFO [django.utils.autoreload:668] Watching for file changes with StatReloader
[2025-01-25 14:25:07,888] INFO [django.utils.autoreload:266] /home/sakib/Desktop/sakib/backend/backend/GraphQL/Employee-management-project/company/schema_company.py changed, reloading.
[2025-01-25 14:25:08,507] INFO [django.utils.autoreload:668] Watching for file changes with StatReloader
[2025-01-25 14:25:10,641] WARNING [django.request:248] Bad Request: /graphql/
[2025-01-25 14:25:10,642] WARNING [django.server:213] "POST /graphql/ HTTP/1.1" 400 378
[2025-01-25 14:25:10,932] INFO [django.utils.autoreload:266] /home/sakib/Desktop/sakib/backend/backend/GraphQL/Employee-management-project/company/schema_company.py changed, reloading.
[2025-01-25 14:25:11,746] INFO [django.utils.autoreload:668] Watching for file changes with StatReloader
[2025-01-25 14:25:16,593] INFO [django.server:213] "GET /d HTTP/1.1" 200 14574
[2025-01-25 14:25:16,692] WARNING [django.request:248] Bad Request: /graphql/
[2025-01-25 14:25:16,693] WARNING [django.server:213] "GET /graphql/?query=%0A%20%20%20%20%20%20%20%20query%20%7B%0A%20%20%20%20%20%20%20%20%20%20%20%20allEmployee%20%7B%0A%20%20%20%20%20%20%20%20%20%20%20%20%20%20%20%20id%0A%20%20%20%20%20%20%20%20%20%20%20%20%20%20%20%20employeeId%0A%20%20%20%20%20%20%20%20%20%20%20%20%20%20%20%20address%0A%20%20%20%20%20%20%20%20%20%20%20%20%20%20%20%20user%20%7B%0A%20%20%20%20%20%20%20%20%20%20%20%20%20%20%20%20%20%20%20%20id%0A%20%20%20%20%20%20%20%20%20%20%20%20%20%20%20%20%20%20%20%20username%0A%20%20%20%20%20%20%20%20%20%20%20%20%20%20%20%20%20%20%20%20role%7B%0A%20%20%20%20%20%20%20%20%20%20%20%20%20%20%20%20%20%20%20%20name%0A%20%20%20%20%20%20%20%20%20%20%20%20%20%20%20%20%20%20%20%20%7D%0A%20%20%20%20%20%20%20%20%20%20%20%20%20%20%20%20%7D%0A%20%20%20%20%20%20%20%20%20%20%20%20%20%20%20%20department%20%7B%0A%20%20%20%20%20%20%20%20%20%20%20%20%20%20%20%20%20%20%20%20name%0A%20%20%20%20%20%20%20%20%20%20%20%20%20%20%20%20%7D%0A%20%20%20%20%20%20%20%20%20%20%20%20%7D%0A%20%20%20%20%20%20%20%20%7D%0A%20%20%20%20 HTTP/1.1" 400 113
[2025-01-25 14:25:19,746] INFO [django.server:213] "GET /graphql/ HTTP/1.1" 200 2611
[2025-01-25 14:25:19,935] INFO [django.server:213] "POST /graphql/ HTTP/1.1" 200 59181
[2025-01-25 14:25:26,725] INFO [django.server:213] "GET /graphql/ HTTP/1.1" 200 2611
[2025-01-25 14:25:26,857] INFO [django.server:213] "POST /graphql/ HTTP/1.1" 200 59181
[2025-01-25 14:25:28,727] WARNING [django.request:248] Bad Request: /graphql/
[2025-01-25 14:25:28,727] WARNING [django.server:213] "POST /graphql/ HTTP/1.1" 400 378
[2025-01-25 14:26:20,288] INFO [django.utils.autoreload:266] /home/sakib/Desktop/sakib/backend/backend/GraphQL/Employee-management-project/company/schema_company.py changed, reloading.
[2025-01-25 14:26:20,852] INFO [django.utils.autoreload:668] Watching for file changes with StatReloader
[2025-01-25 14:26:44,880] INFO [django.server:213] "GET /graphql/ HTTP/1.1" 200 2611
[2025-01-25 14:26:45,068] INFO [django.server:213] "POST /graphql/ HTTP/1.1" 200 59180
[2025-01-25 14:26:47,964] INFO [django.server:213] "POST /graphql/ HTTP/1.1" 200 348
[2025-01-25 14:27:12,199] INFO [django.server:213] "POST /graphql/ HTTP/1.1" 200 348
[2025-01-25 14:27:40,752] INFO [django.server:213] "POST /graphql/ HTTP/1.1" 200 348
[2025-01-25 14:28:01,882] INFO [django.utils.autoreload:266] /home/sakib/Desktop/sakib/backend/backend/GraphQL/Employee-management-project/company/schema_company.py changed, reloading.
[2025-01-25 14:28:02,545] INFO [django.utils.autoreload:668] Watching for file changes with StatReloader
[2025-01-25 14:28:09,792] INFO [django.utils.autoreload:266] /home/sakib/Desktop/sakib/backend/backend/GraphQL/Employee-management-project/company/schema_company.py changed, reloading.
[2025-01-25 14:28:10,369] INFO [django.utils.autoreload:668] Watching for file changes with StatReloader
[2025-01-25 14:28:18,778] INFO [django.server:213] "GET /graphql/ HTTP/1.1" 200 2611
[2025-01-25 14:28:18,989] INFO [django.server:213] "POST /graphql/ HTTP/1.1" 200 59181
[2025-01-25 14:28:19,946] INFO [django.server:213] "POST /graphql/ HTTP/1.1" 200 350
[2025-01-25 14:32:32,074] INFO [django.utils.autoreload:266] /home/sakib/Desktop/sakib/backend/backend/GraphQL/Employee-management-project/company/schema_company.py changed, reloading.
[2025-01-25 14:32:32,653] INFO [django.utils.autoreload:668] Watching for file changes with StatReloader
[2025-01-25 14:32:58,347] INFO [django.utils.autoreload:266] /home/sakib/Desktop/sakib/backend/backend/GraphQL/Employee-management-project/company/schema_company.py changed, reloading.
[2025-01-25 14:32:59,017] INFO [django.utils.autoreload:668] Watching for file changes with StatReloader
[2025-01-25 14:34:18,427] INFO [django.utils.autoreload:266] /home/sakib/Desktop/sakib/backend/backend/GraphQL/Employee-management-project/company/schema_company.py changed, reloading.
[2025-01-25 14:34:19,046] INFO [django.utils.autoreload:668] Watching for file changes with StatReloader
[2025-01-25 14:34:47,836] INFO [django.utils.autoreload:266] /home/sakib/Desktop/sakib/backend/backend/GraphQL/Employee-management-project/company/schema_company.py changed, reloading.
[2025-01-25 14:34:48,431] INFO [django.utils.autoreload:668] Watching for file changes with StatReloader
[2025-01-25 14:35:01,904] INFO [django.utils.autoreload:266] /home/sakib/Desktop/sakib/backend/backend/GraphQL/Employee-management-project/company/schema_company.py changed, reloading.
[2025-01-25 14:35:02,442] INFO [django.utils.autoreload:668] Watching for file changes with StatReloader
[2025-01-25 14:36:27,142] WARNING [django.request:248] Bad Request: /graphql/
[2025-01-25 14:36:27,143] WARNING [django.server:213] "POST /graphql/ HTTP/1.1" 400 162
[2025-01-25 14:36:42,539] INFO [django.server:213] "POST /graphql/ HTTP/1.1" 200 159
[2025-01-25 14:36:50,074] INFO [django.server:213] "GET /graphql/ HTTP/1.1" 200 2611
[2025-01-25 14:36:50,275] INFO [django.server:213] "POST /graphql/ HTTP/1.1" 200 59181
[2025-01-25 14:36:52,185] INFO [django.server:213] "POST /graphql/ HTTP/1.1" 200 159
[2025-01-25 14:37:32,138] INFO [django.server:213] "POST /graphql/ HTTP/1.1" 200 276
[2025-01-25 14:40:21,951] INFO [django.server:213] "GET /d HTTP/1.1" 200 14488
[2025-01-25 14:40:22,044] INFO [django.server:213] "GET /graphql/?query=%0A%20%20%20%20%20%20%20%20query%7B%0A%20%20%20%20%20%20%20%20managerEmployees%7B%0A%20%20%20%20%20%20%20%20%20%20%20%20id%0A%20%20%20%20%20%20%20%20%20%20%20%20user%7B%0A%20%20%20%20%20%20%20%20%20%20%20%20username%0A%20%20%20%20%20%20%20%20%20%20%20%20email%0A%20%20%20%20%20%20%20%20%20%20%20%20%7D%0A%20%20%20%20%20%20%20%20%20%20%20%20employeeId%20%0A%20%20%20%20%20%20%20%20%20%20%20%20department%7B%0A%20%20%20%20%20%20%20%20%20%20%20%20name%0A%20%20%20%20%20%20%20%20%20%20%20%20%7D%0A%20%20%20%20%20%20%20%20%7D%0A%20%20%20%20%20%20%20%20%7D%0A%20%20%20%20 HTTP/1.1" 200 276
[2025-01-25 14:40:23,331] INFO [django.server:213] "GET /d HTTP/1.1" 200 14488
[2025-01-25 14:40:23,405] INFO [django.server:213] "GET /graphql/?query=%0A%20%20%20%20%20%20%20%20query%7B%0A%20%20%20%20%20%20%20%20managerEmployees%7B%0A%20%20%20%20%20%20%20%20%20%20%20%20id%0A%20%20%20%20%20%20%20%20%20%20%20%20user%7B%0A%20%20%20%20%20%20%20%20%20%20%20%20username%0A%20%20%20%20%20%20%20%20%20%20%20%20email%0A%20%20%20%20%20%20%20%20%20%20%20%20%7D%0A%20%20%20%20%20%20%20%20%20%20%20%20employeeId%20%0A%20%20%20%20%20%20%20%20%20%20%20%20department%7B%0A%20%20%20%20%20%20%20%20%20%20%20%20name%0A%20%20%20%20%20%20%20%20%20%20%20%20%7D%0A%20%20%20%20%20%20%20%20%7D%0A%20%20%20%20%20%20%20%20%7D%0A%20%20%20%20 HTTP/1.1" 200 276
[2025-01-25 14:40:41,314] INFO [django.server:213] "GET /d HTTP/1.1" 200 14488
[2025-01-25 14:40:41,506] INFO [django.server:213] "GET /graphql/?query=%0A%20%20%20%20%20%20%20%20query%7B%0A%20%20%20%20%20%20%20%20managerEmployees%7B%0A%20%20%20%20%20%20%20%20%20%20%20%20id%0A%20%20%20%20%20%20%20%20%20%20%20%20user%7B%0A%20%20%20%20%20%20%20%20%20%20%20%20username%0A%20%20%20%20%20%20%20%20%20%20%20%20email%0A%20%20%20%20%20%20%20%20%20%20%20%20%7D%0A%20%20%20%20%20%20%20%20%20%20%20%20employeeId%20%0A%20%20%20%20%20%20%20%20%20%20%20%20department%7B%0A%20%20%20%20%20%20%20%20%20%20%20%20name%0A%20%20%20%20%20%20%20%20%20%20%20%20%7D%0A%20%20%20%20%20%20%20%20%7D%0A%20%20%20%20%20%20%20%20%7D%0A%20%20%20%20 HTTP/1.1" 200 276
[2025-01-25 14:41:52,983] INFO [django.server:213] "GET /d HTTP/1.1" 200 14499
[2025-01-25 14:41:53,171] INFO [django.server:213] "GET /graphql/?query=%0A%20%20%20%20%20%20%20%20query%7B%0A%20%20%20%20%20%20%20%20managerEmployees%7B%0A%20%20%20%20%20%20%20%20%20%20%20%20id%0A%20%20%20%20%20%20%20%20%20%20%20%20user%7B%0A%20%20%20%20%20%20%20%20%20%20%20%20username%0A%20%20%20%20%20%20%20%20%20%20%20%20email%0A%20%20%20%20%20%20%20%20%20%20%20%20%7D%0A%20%20%20%20%20%20%20%20%20%20%20%20employeeId%20%0A%20%20%20%20%20%20%20%20%20%20%20%20department%7B%0A%20%20%20%20%20%20%20%20%20%20%20%20name%0A%20%20%20%20%20%20%20%20%20%20%20%20%7D%0A%20%20%20%20%20%20%20%20%7D%0A%20%20%20%20%20%20%20%20%7D%0A%20%20%20%20 HTTP/1.1" 200 276
[2025-01-25 14:42:32,761] INFO [django.server:213] "GET /d HTTP/1.1" 200 14562
[2025-01-25 14:42:32,937] INFO [django.server:213] "GET /graphql/?query=%0A%20%20%20%20%20%20%20%20query%7B%0A%20%20%20%20%20%20%20%20managerEmployees%7B%0A%20%20%20%20%20%20%20%20%20%20%20%20id%0A%20%20%20%20%20%20%20%20%20%20%20%20user%7B%0A%20%20%20%20%20%20%20%20%20%20%20%20username%0A%20%20%20%20%20%20%20%20%20%20%20%20email%0A%20%20%20%20%20%20%20%20%20%20%20%20%7D%0A%20%20%20%20%20%20%20%20%20%20%20%20employeeId%20%0A%20%20%20%20%20%20%20%20%20%20%20%20department%7B%0A%20%20%20%20%20%20%20%20%20%20%20%20name%0A%20%20%20%20%20%20%20%20%20%20%20%20%7D%0A%20%20%20%20%20%20%20%20%7D%0A%20%20%20%20%20%20%20%20%7D%0A%20%20%20%20 HTTP/1.1" 200 276
[2025-01-25 14:42:48,873] INFO [django.server:213] "GET /d HTTP/1.1" 200 14565
[2025-01-25 14:42:49,061] INFO [django.server:213] "GET /graphql/?query=%0A%20%20%20%20%20%20%20%20query%7B%0A%20%20%20%20%20%20%20%20managerEmployees%7B%0A%20%20%20%20%20%20%20%20%20%20%20%20id%0A%20%20%20%20%20%20%20%20%20%20%20%20user%7B%0A%20%20%20%20%20%20%20%20%20%20%20%20username%0A%20%20%20%20%20%20%20%20%20%20%20%20email%0A%20%20%20%20%20%20%20%20%20%20%20%20%7D%0A%20%20%20%20%20%20%20%20%20%20%20%20employeeId%20%0A%20%20%20%20%20%20%20%20%20%20%20%20department%7B%0A%20%20%20%20%20%20%20%20%20%20%20%20name%0A%20%20%20%20%20%20%20%20%20%20%20%20%7D%0A%20%20%20%20%20%20%20%20%7D%0A%20%20%20%20%20%20%20%20%7D%0A%20%20%20%20 HTTP/1.1" 200 276
[2025-01-25 14:43:06,662] INFO [django.server:213] "GET /d HTTP/1.1" 200 14573
[2025-01-25 14:43:06,842] INFO [django.server:213] "GET /graphql/?query=%0A%20%20%20%20%20%20%20%20query%7B%0A%20%20%20%20%20%20%20%20managerEmployees%7B%0A%20%20%20%20%20%20%20%20%20%20%20%20id%0A%20%20%20%20%20%20%20%20%20%20%20%20user%7B%0A%20%20%20%20%20%20%20%20%20%20%20%20username%0A%20%20%20%20%20%20%20%20%20%20%20%20email%0A%20%20%20%20%20%20%20%20%20%20%20%20%7D%0A%20%20%20%20%20%20%20%20%20%20%20%20employeeId%20%0A%20%20%20%20%20%20%20%20%20%20%20%20department%7B%0A%20%20%20%20%20%20%20%20%20%20%20%20name%0A%20%20%20%20%20%20%20%20%20%20%20%20%7D%0A%20%20%20%20%20%20%20%20%7D%0A%20%20%20%20%20%20%20%20%7D%0A%20%20%20%20 HTTP/1.1" 200 276
[2025-01-25 14:43:27,265] INFO [django.server:213] "GET /d HTTP/1.1" 200 14573
[2025-01-25 14:43:27,442] INFO [django.server:213] "GET /graphql/?query=%0A%20%20%20%20%20%20%20%20query%7B%0A%20%20%20%20%20%20%20%20managerEmployees%7B%0A%20%20%20%20%20%20%20%20%20%20%20%20id%0A%20%20%20%20%20%20%20%20%20%20%20%20user%7B%0A%20%20%20%20%20%20%20%20%20%20%20%20username%0A%20%20%20%20%20%20%20%20%20%20%20%20email%0A%20%20%20%20%20%20%20%20%20%20%20%20%7D%0A%20%20%20%20%20%20%20%20%20%20%20%20employeeId%20%0A%20%20%20%20%20%20%20%20%20%20%20%20department%7B%0A%20%20%20%20%20%20%20%20%20%20%20%20name%0A%20%20%20%20%20%20%20%20%20%20%20%20%7D%0A%20%20%20%20%20%20%20%20%7D%0A%20%20%20%20%20%20%20%20%7D%0A%20%20%20%20 HTTP/1.1" 200 276
[2025-01-25 14:43:47,700] INFO [django.server:213] "GET /d HTTP/1.1" 200 14572
[2025-01-25 14:43:47,876] INFO [django.server:213] "GET /graphql/?query=%0A%20%20%20%20%20%20%20%20query%7B%0A%20%20%20%20%20%20%20%20managerEmployees%7B%0A%20%20%20%20%20%20%20%20%20%20%20%20id%0A%20%20%20%20%20%20%20%20%20%20%20%20user%7B%0A%20%20%20%20%20%20%20%20%20%20%20%20username%0A%20%20%20%20%20%20%20%20%20%20%20%20email%0A%20%20%20%20%20%20%20%20%20%20%20%20%7D%0A%20%20%20%20%20%20%20%20%20%20%20%20employeeId%20%0A%20%20%20%20%20%20%20%20%20%20%20%20department%7B%0A%20%20%20%20%20%20%20%20%20%20%20%20name%0A%20%20%20%20%20%20%20%20%20%20%20%20%7D%0A%20%20%20%20%20%20%20%20%7D%0A%20%20%20%20%20%20%20%20%7D%0A%20%20%20%20 HTTP/1.1" 200 276
[2025-01-25 14:43:57,232] INFO [django.server:213] "GET /d HTTP/1.1" 200 14580
[2025-01-25 14:43:57,413] INFO [django.server:213] "GET /graphql/?query=%0A%20%20%20%20%20%20%20%20query%7B%0A%20%20%20%20%20%20%20%20managerEmployees%7B%0A%20%20%20%20%20%20%20%20%20%20%20%20id%0A%20%20%20%20%20%20%20%20%20%20%20%20user%7B%0A%20%20%20%20%20%20%20%20%20%20%20%20username%0A%20%20%20%20%20%20%20%20%20%20%20%20email%0A%20%20%20%20%20%20%20%20%20%20%20%20%7D%0A%20%20%20%20%20%20%20%20%20%20%20%20employeeId%20%0A%20%20%20%20%20%20%20%20%20%20%20%20department%7B%0A%20%20%20%20%20%20%20%20%20%20%20%20name%0A%20%20%20%20%20%20%20%20%20%20%20%20%7D%0A%20%20%20%20%20%20%20%20%7D%0A%20%20%20%20%20%20%20%20%7D%0A%20%20%20%20 HTTP/1.1" 200 276
[2025-01-25 14:44:16,771] INFO [django.server:213] "GET /d HTTP/1.1" 200 14583
[2025-01-25 14:44:16,955] INFO [django.server:213] "GET /graphql/?query=%0A%20%20%20%20%20%20%20%20query%7B%0A%20%20%20%20%20%20%20%20managerEmployees%7B%0A%20%20%20%20%20%20%20%20%20%20%20%20id%0A%20%20%20%20%20%20%20%20%20%20%20%20user%7B%0A%20%20%20%20%20%20%20%20%20%20%20%20username%0A%20%20%20%20%20%20%20%20%20%20%20%20email%0A%20%20%20%20%20%20%20%20%20%20%20%20%7D%0A%20%20%20%20%20%20%20%20%20%20%20%20employeeId%20%0A%20%20%20%20%20%20%20%20%20%20%20%20department%7B%0A%20%20%20%20%20%20%20%20%20%20%20%20name%0A%20%20%20%20%20%20%20%20%20%20%20%20%7D%0A%20%20%20%20%20%20%20%20%7D%0A%20%20%20%20%20%20%20%20%7D%0A%20%20%20%20 HTTP/1.1" 200 276
[2025-01-25 14:44:27,350] INFO [django.server:213] "GET /d HTTP/1.1" 200 14584
[2025-01-25 14:44:27,509] INFO [django.server:213] "GET /graphql/?query=%0A%20%20%20%20%20%20%20%20query%7B%0A%20%20%20%20%20%20%20%20managerEmployees%7B%0A%20%20%20%20%20%20%20%20%20%20%20%20id%0A%20%20%20%20%20%20%20%20%20%20%20%20user%7B%0A%20%20%20%20%20%20%20%20%20%20%20%20username%0A%20%20%20%20%20%20%20%20%20%20%20%20email%0A%20%20%20%20%20%20%20%20%20%20%20%20%7D%0A%20%20%20%20%20%20%20%20%20%20%20%20employeeId%20%0A%20%20%20%20%20%20%20%20%20%20%20%20department%7B%0A%20%20%20%20%20%20%20%20%20%20%20%20name%0A%20%20%20%20%20%20%20%20%20%20%20%20%7D%0A%20%20%20%20%20%20%20%20%7D%0A%20%20%20%20%20%20%20%20%7D%0A%20%20%20%20 HTTP/1.1" 200 276
[2025-01-25 14:48:48,036] INFO [django.server:213] "GET /d HTTP/1.1" 200 14736
[2025-01-25 14:48:48,215] INFO [django.server:213] "GET /graphql/?query=%0A%20%20%20%20query%20%7B%0A%20%20%20%20%20%20%20%20managerEmployees%20%7B%0A%20%20%20%20%20%20%20%20%20%20%20%20id%0A%20%20%20%20%20%20%20%20%20%20%20%20user%20%7B%0A%20%20%20%20%20%20%20%20%20%20%20%20%20%20%20%20username%0A%20%20%20%20%20%20%20%20%20%20%20%20%20%20%20%20email%0A%20%20%20%20%20%20%20%20%20%20%20%20%20%20%20%20role%20%7B%0A%20%20%20%20%20%20%20%20%20%20%20%20%20%20%20%20%20%20%20%20name%0A%20%20%20%20%20%20%20%20%20%20%20%20%20%20%20%20%7D%0A%20%20%20%20%20%20%20%20%20%20%20%20%7D%0A%20%20%20%20%20%20%20%20%20%20%20%20employeeId%0A%20%20%20%20%20%20%20%20%20%20%20%20address%0A%20%20%20%20%20%20%20%20%20%20%20%20department%20%7B%0A%20%20%20%20%20%20%20%20%20%20%20%20%20%20%20%20name%0A%20%20%20%20%20%20%20%20%20%20%20%20%7D%0A%20%20%20%20%20%20%20%20%7D%0A%20%20%20%20%7D%0A HTTP/1.1" 200 374
[2025-01-25 14:49:12,461] INFO [django.server:213] "GET /eu/9/ HTTP/1.1" 200 20698
[2025-01-25 14:49:12,574] INFO [django.server:213] "GET /graphql/?query=query%20%7B%20allDepartment%20%7B%20id%20name%20%7D%20%7D HTTP/1.1" 200 158
[2025-01-25 14:49:12,582] INFO [django.server:213] "GET /graphql/?query=%0A%20%20%20%20%20%20%20%20%20%20%20%20query%20%7B%0A%20%20%20%20%20%20%20%20%20%20%20%20%20%20%20%20getParticularEmployee(id%3A%209)%20%7B%0A%20%20%20%20%20%20%20%20%20%20%20%20%20%20%20%20%20%20%20%20employeeId%0A%20%20%20%20%20%20%20%20%20%20%20%20%20%20%20%20%20%20%20%20address%0A%20%20%20%20%20%20%20%20%20%20%20%20%20%20%20%20%20%20%20%20dateOfBirth%0A%20%20%20%20%20%20%20%20%20%20%20%20%20%20%20%20%20%20%20%20phoneNumber%0A%20%20%20%20%20%20%20%20%20%20%20%20%20%20%20%20%20%20%20%20department%20%7B%0A%20%20%20%20%20%20%20%20%20%20%20%20%20%20%20%20%20%20%20%20%20%20%20%20id%0A%20%20%20%20%20%20%20%20%20%20%20%20%20%20%20%20%20%20%20%20%20%20%20%20name%0A%20%20%20%20%20%20%20%20%20%20%20%20%20%20%20%20%20%20%20%20%7D%0A%20%20%20%20%20%20%20%20%20%20%20%20%20%20%20%20%20%20%20%20employmentDetails%20%7B%0A%20%20%20%20%20%20%20%20%20%20%20%20%20%20%20%20%20%20%20%20%20%20%20%20id%0A%20%20%20%20%20%20%20%20%20%20%20%20%20%20%20%20%20%20%20%20%20%20%20%20startDate%0A%20%20%20%20%20%20%20%20%20%20%20%20%20%20%20%20%20%20%20%20%20%20%20%20dateOfResignation%0A%20%20%20%20%20%20%20%20%20%20%20%20%20%20%20%20%20%20%20%20%20%20%20%20jobTitle%0A%20%20%20%20%20%20%20%20%20%20%20%20%20%20%20%20%20%20%20%20%20%20%20%20supervisor%0A%20%20%20%20%20%20%20%20%20%20%20%20%20%20%20%20%20%20%20%20%20%20%20%20employmentType%0A%20%20%20%20%20%20%20%20%20%20%20%20%20%20%20%20%20%20%20%20%20%20%20%20employmentStatus%0A%20%20%20%20%20%20%20%20%20%20%20%20%20%20%20%20%20%20%20%20%20%20%20%20officeLocation%0A%20%20%20%20%20%20%20%20%20%20%20%20%20%20%20%20%20%20%20%20%20%20%20%20reason%0A%20%20%20%20%20%20%20%20%20%20%20%20%20%20%20%20%20%20%20%20%7D%0A%20%20%20%20%20%20%20%20%20%20%20%20%20%20%20%20%7D%0A%20%20%20%20%20%20%20%20%20%20%20%20%7D%0A%20%20%20%20%20%20%20%20 HTTP/1.1" 200 593
[2025-01-25 14:49:20,129] INFO [django.server:213] "GET /eu/10/ HTTP/1.1" 200 20699
[2025-01-25 14:49:20,235] INFO [django.server:213] "GET /graphql/?query=%0A%20%20%20%20%20%20%20%20%20%20%20%20query%20%7B%0A%20%20%20%20%20%20%20%20%20%20%20%20%20%20%20%20getParticularEmployee(id%3A%2010)%20%7B%0A%20%20%20%20%20%20%20%20%20%20%20%20%20%20%20%20%20%20%20%20employeeId%0A%20%20%20%20%20%20%20%20%20%20%20%20%20%20%20%20%20%20%20%20address%0A%20%20%20%20%20%20%20%20%20%20%20%20%20%20%20%20%20%20%20%20dateOfBirth%0A%20%20%20%20%20%20%20%20%20%20%20%20%20%20%20%20%20%20%20%20phoneNumber%0A%20%20%20%20%20%20%20%20%20%20%20%20%20%20%20%20%20%20%20%20department%20%7B%0A%20%20%20%20%20%20%20%20%20%20%20%20%20%20%20%20%20%20%20%20%20%20%20%20id%0A%20%20%20%20%20%20%20%20%20%20%20%20%20%20%20%20%20%20%20%20%20%20%20%20name%0A%20%20%20%20%20%20%20%20%20%20%20%20%20%20%20%20%20%20%20%20%7D%0A%20%20%20%20%20%20%20%20%20%20%20%20%20%20%20%20%20%20%20%20employmentDetails%20%7B%0A%20%20%20%20%20%20%20%20%20%20%20%20%20%20%20%20%20%20%20%20%20%20%20%20id%0A%20%20%20%20%20%20%20%20%20%20%20%20%20%20%20%20%20%20%20%20%20%20%20%20startDate%0A%20%20%20%20%20%20%20%20%20%20%20%20%20%20%20%20%20%20%20%20%20%20%20%20dateOfResignation%0A%20%20%20%20%20%20%20%20%20%20%20%20%20%20%20%20%20%20%20%20%20%20%20%20jobTitle%0A%20%20%20%20%20%20%20%20%20%20%20%20%20%20%20%20%20%20%20%20%20%20%20%20supervisor%0A%20%20%20%20%20%20%20%20%20%20%20%20%20%20%20%20%20%20%20%20%20%20%20%20employmentType%0A%20%20%20%20%20%20%20%20%20%20%20%20%20%20%20%20%20%20%20%20%20%20%20%20employmentStatus%0A%20%20%20%20%20%20%20%20%20%20%20%20%20%20%20%20%20%20%20%20%20%20%20%20officeLocation%0A%20%20%20%20%20%20%20%20%20%20%20%20%20%20%20%20%20%20%20%20%20%20%20%20reason%0A%20%20%20%20%20%20%20%20%20%20%20%20%20%20%20%20%20%20%20%20%7D%0A%20%20%20%20%20%20%20%20%20%20%20%20%20%20%20%20%7D%0A%20%20%20%20%20%20%20%20%20%20%20%20%7D%0A%20%20%20%20%20%20%20%20 HTTP/1.1" 200 1016
[2025-01-25 14:49:20,238] INFO [django.server:213] "GET /graphql/?query=query%20%7B%20allDepartment%20%7B%20id%20name%20%7D%20%7D HTTP/1.1" 200 158
[2025-01-25 14:49:26,018] INFO [django.server:213] "GET /eu/10/ HTTP/1.1" 200 20699
[2025-01-25 14:49:26,107] INFO [django.server:213] "GET /graphql/?query=query%20%7B%20allDepartment%20%7B%20id%20name%20%7D%20%7D HTTP/1.1" 200 158
[2025-01-25 14:49:26,116] INFO [django.server:213] "GET /graphql/?query=%0A%20%20%20%20%20%20%20%20%20%20%20%20query%20%7B%0A%20%20%20%20%20%20%20%20%20%20%20%20%20%20%20%20getParticularEmployee(id%3A%2010)%20%7B%0A%20%20%20%20%20%20%20%20%20%20%20%20%20%20%20%20%20%20%20%20employeeId%0A%20%20%20%20%20%20%20%20%20%20%20%20%20%20%20%20%20%20%20%20address%0A%20%20%20%20%20%20%20%20%20%20%20%20%20%20%20%20%20%20%20%20dateOfBirth%0A%20%20%20%20%20%20%20%20%20%20%20%20%20%20%20%20%20%20%20%20phoneNumber%0A%20%20%20%20%20%20%20%20%20%20%20%20%20%20%20%20%20%20%20%20department%20%7B%0A%20%20%20%20%20%20%20%20%20%20%20%20%20%20%20%20%20%20%20%20%20%20%20%20id%0A%20%20%20%20%20%20%20%20%20%20%20%20%20%20%20%20%20%20%20%20%20%20%20%20name%0A%20%20%20%20%20%20%20%20%20%20%20%20%20%20%20%20%20%20%20%20%7D%0A%20%20%20%20%20%20%20%20%20%20%20%20%20%20%20%20%20%20%20%20employmentDetails%20%7B%0A%20%20%20%20%20%20%20%20%20%20%20%20%20%20%20%20%20%20%20%20%20%20%20%20id%0A%20%20%20%20%20%20%20%20%20%20%20%20%20%20%20%20%20%20%20%20%20%20%20%20startDate%0A%20%20%20%20%20%20%20%20%20%20%20%20%20%20%20%20%20%20%20%20%20%20%20%20dateOfResignation%0A%20%20%20%20%20%20%20%20%20%20%20%20%20%20%20%20%20%20%20%20%20%20%20%20jobTitle%0A%20%20%20%20%20%20%20%20%20%20%20%20%20%20%20%20%20%20%20%20%20%20%20%20supervisor%0A%20%20%20%20%20%20%20%20%20%20%20%20%20%20%20%20%20%20%20%20%20%20%20%20employmentType%0A%20%20%20%20%20%20%20%20%20%20%20%20%20%20%20%20%20%20%20%20%20%20%20%20employmentStatus%0A%20%20%20%20%20%20%20%20%20%20%20%20%20%20%20%20%20%20%20%20%20%20%20%20officeLocation%0A%20%20%20%20%20%20%20%20%20%20%20%20%20%20%20%20%20%20%20%20%20%20%20%20reason%0A%20%20%20%20%20%20%20%20%20%20%20%20%20%20%20%20%20%20%20%20%7D%0A%20%20%20%20%20%20%20%20%20%20%20%20%20%20%20%20%7D%0A%20%20%20%20%20%20%20%20%20%20%20%20%7D%0A%20%20%20%20%20%20%20%20 HTTP/1.1" 200 1016
[2025-01-25 14:49:45,696] INFO [django.server:213] "GET /d HTTP/1.1" 200 14736
[2025-01-25 14:49:45,794] INFO [django.server:213] "GET /graphql/?query=%0A%20%20%20%20query%20%7B%0A%20%20%20%20%20%20%20%20managerEmployees%20%7B%0A%20%20%20%20%20%20%20%20%20%20%20%20id%0A%20%20%20%20%20%20%20%20%20%20%20%20user%20%7B%0A%20%20%20%20%20%20%20%20%20%20%20%20%20%20%20%20username%0A%20%20%20%20%20%20%20%20%20%20%20%20%20%20%20%20email%0A%20%20%20%20%20%20%20%20%20%20%20%20%20%20%20%20role%20%7B%0A%20%20%20%20%20%20%20%20%20%20%20%20%20%20%20%20%20%20%20%20name%0A%20%20%20%20%20%20%20%20%20%20%20%20%20%20%20%20%7D%0A%20%20%20%20%20%20%20%20%20%20%20%20%7D%0A%20%20%20%20%20%20%20%20%20%20%20%20employeeId%0A%20%20%20%20%20%20%20%20%20%20%20%20address%0A%20%20%20%20%20%20%20%20%20%20%20%20department%20%7B%0A%20%20%20%20%20%20%20%20%20%20%20%20%20%20%20%20name%0A%20%20%20%20%20%20%20%20%20%20%20%20%7D%0A%20%20%20%20%20%20%20%20%7D%0A%20%20%20%20%7D%0A HTTP/1.1" 200 32
[2025-01-25 14:50:11,417] INFO [django.server:213] "GET /ae HTTP/1.1" 200 12769
[2025-01-25 14:50:11,505] INFO [django.server:213] "POST /graphql/ HTTP/1.1" 200 90
[2025-01-25 14:50:11,546] INFO [django.server:213] "POST /graphql/ HTTP/1.1" 200 212
[2025-01-25 14:50:11,552] INFO [django.server:213] "POST /graphql/ HTTP/1.1" 200 44
[2025-01-25 14:50:51,552] INFO [django.server:213] "POST /graphql/ HTTP/1.1" 200 80
[2025-01-25 14:50:51,583] INFO [django.server:213] "POST /graphql/ HTTP/1.1" 200 110
[2025-01-25 14:50:51,590] INFO [django.server:213] "POST /graphql/ HTTP/1.1" 200 172
[2025-01-25 14:50:58,838] INFO [django.server:213] "GET /ae HTTP/1.1" 200 12769
[2025-01-25 14:50:58,934] INFO [django.server:213] "POST /graphql/ HTTP/1.1" 200 90
[2025-01-25 14:50:58,965] INFO [django.server:213] "POST /graphql/ HTTP/1.1" 200 110
[2025-01-25 14:50:58,975] INFO [django.server:213] "POST /graphql/ HTTP/1.1" 200 172
[2025-01-25 14:51:03,034] INFO [django.server:213] "POST /graphql/ HTTP/1.1" 200 80
[2025-01-25 14:51:03,063] INFO [django.server:213] "POST /graphql/ HTTP/1.1" 200 44
[2025-01-25 14:51:03,073] INFO [django.server:213] "POST /graphql/ HTTP/1.1" 200 211
[2025-01-25 14:51:07,703] INFO [django.server:213] "GET /d HTTP/1.1" 200 14736
[2025-01-25 14:51:07,762] INFO [django.server:213] "GET /graphql/?query=%0A%20%20%20%20query%20%7B%0A%20%20%20%20%20%20%20%20managerEmployees%20%7B%0A%20%20%20%20%20%20%20%20%20%20%20%20id%0A%20%20%20%20%20%20%20%20%20%20%20%20user%20%7B%0A%20%20%20%20%20%20%20%20%20%20%20%20%20%20%20%20username%0A%20%20%20%20%20%20%20%20%20%20%20%20%20%20%20%20email%0A%20%20%20%20%20%20%20%20%20%20%20%20%20%20%20%20role%20%7B%0A%20%20%20%20%20%20%20%20%20%20%20%20%20%20%20%20%20%20%20%20name%0A%20%20%20%20%20%20%20%20%20%20%20%20%20%20%20%20%7D%0A%20%20%20%20%20%20%20%20%20%20%20%20%7D%0A%20%20%20%20%20%20%20%20%20%20%20%20employeeId%0A%20%20%20%20%20%20%20%20%20%20%20%20address%0A%20%20%20%20%20%20%20%20%20%20%20%20department%20%7B%0A%20%20%20%20%20%20%20%20%20%20%20%20%20%20%20%20name%0A%20%20%20%20%20%20%20%20%20%20%20%20%7D%0A%20%20%20%20%20%20%20%20%7D%0A%20%20%20%20%7D%0A HTTP/1.1" 200 200
[2025-01-25 14:51:26,419] INFO [django.server:213] "GET /ae HTTP/1.1" 200 12769
[2025-01-25 14:51:26,481] INFO [django.server:213] "POST /graphql/ HTTP/1.1" 200 90
[2025-01-25 14:51:26,514] INFO [django.server:213] "POST /graphql/ HTTP/1.1" 200 44
[2025-01-25 14:51:26,524] INFO [django.server:213] "POST /graphql/ HTTP/1.1" 200 211
[2025-01-25 14:52:06,738] INFO [django.server:213] "GET /ae HTTP/1.1" 200 12765
[2025-01-25 14:52:06,799] INFO [django.server:213] "POST /graphql/ HTTP/1.1" 200 90
[2025-01-25 14:52:06,829] INFO [django.server:213] "POST /graphql/ HTTP/1.1" 200 44
[2025-01-25 14:52:06,839] INFO [django.server:213] "POST /graphql/ HTTP/1.1" 200 211
[2025-01-25 15:05:34,784] INFO [django.server:213] "GET /d HTTP/1.1" 200 14736
[2025-01-25 15:05:34,873] INFO [django.server:213] "GET /graphql/?query=%0A%20%20%20%20query%20%7B%0A%20%20%20%20%20%20%20%20managerEmployees%20%7B%0A%20%20%20%20%20%20%20%20%20%20%20%20id%0A%20%20%20%20%20%20%20%20%20%20%20%20user%20%7B%0A%20%20%20%20%20%20%20%20%20%20%20%20%20%20%20%20username%0A%20%20%20%20%20%20%20%20%20%20%20%20%20%20%20%20email%0A%20%20%20%20%20%20%20%20%20%20%20%20%20%20%20%20role%20%7B%0A%20%20%20%20%20%20%20%20%20%20%20%20%20%20%20%20%20%20%20%20name%0A%20%20%20%20%20%20%20%20%20%20%20%20%20%20%20%20%7D%0A%20%20%20%20%20%20%20%20%20%20%20%20%7D%0A%20%20%20%20%20%20%20%20%20%20%20%20employeeId%0A%20%20%20%20%20%20%20%20%20%20%20%20address%0A%20%20%20%20%20%20%20%20%20%20%20%20department%20%7B%0A%20%20%20%20%20%20%20%20%20%20%20%20%20%20%20%20name%0A%20%20%20%20%20%20%20%20%20%20%20%20%7D%0A%20%20%20%20%20%20%20%20%7D%0A%20%20%20%20%7D%0A HTTP/1.1" 200 200
[2025-01-25 15:05:36,390] INFO [django.server:213] "GET /ae HTTP/1.1" 200 12765
[2025-01-25 15:05:36,446] INFO [django.server:213] "POST /graphql/ HTTP/1.1" 200 90
[2025-01-25 15:05:36,483] INFO [django.server:213] "POST /graphql/ HTTP/1.1" 200 44
[2025-01-25 15:05:36,488] INFO [django.server:213] "POST /graphql/ HTTP/1.1" 200 211
[2025-01-25 15:05:40,452] INFO [django.server:213] "GET /le HTTP/1.1" 200 12125
[2025-01-25 15:05:40,506] INFO [django.server:213] "GET /graphql/?query=%0A%20%20%20%20%20%20%20%20%20%20%20%20%20%20%20%20query%7B%0A%20%20%20%20%20%20%20%20%20%20%20%20%20%20%20%20allLeave%7B%0A%20%20%20%20%20%20%20%20%20%20%20%20%20%20%20%20%20%20%20%20id%0A%20%20%20%20%20%20%20%20%20%20%20%20%20%20%20%20%20%20%20%20employee%7B%0A%20%20%20%20%20%20%20%20%20%20%20%20%20%20%20%20%20%20%20%20user%7B%0A%20%20%20%20%20%20%20%20%20%20%20%20%20%20%20%20%20%20%20%20%20%20%20%20username%0A%20%20%20%20%20%20%20%20%20%20%20%20%20%20%20%20%20%20%20%20%7D%0A%20%20%20%20%20%20%20%20%20%20%20%20%20%20%20%20%20%20%20%20%7D%0A%20%20%20%20%20%20%20%20%20%20%20%20%20%20%20%20%20%20%20%20status%0A%20%20%20%20%20%20%20%20%20%20%20%20%20%20%20%20%20%20%20%20startDate%0A%20%20%20%20%20%20%20%20%20%20%20%20%20%20%20%20%20%20%20%20endDate%0A%20%20%20%20%20%20%20%20%20%20%20%20%20%20%20%20%7D%0A%20%20%20%20%20%20%20%20%20%20%20%20%20%20%20%20%7D%0A%20%20%20%20%20%20%20%20%20%20%20%20 HTTP/1.1" 200 24
[2025-01-25 15:08:17,279] INFO [django.server:213] "GET /d HTTP/1.1" 200 14762
[2025-01-25 15:08:17,347] INFO [django.server:213] "GET /graphql/?query=%0A%20%20%20%20query%20%7B%0A%20%20%20%20%20%20%20%20managerEmployees%20%7B%0A%20%20%20%20%20%20%20%20%20%20%20%20id%0A%20%20%20%20%20%20%20%20%20%20%20%20user%20%7B%0A%20%20%20%20%20%20%20%20%20%20%20%20%20%20%20%20username%0A%20%20%20%20%20%20%20%20%20%20%20%20%20%20%20%20email%0A%20%20%20%20%20%20%20%20%20%20%20%20%20%20%20%20role%20%7B%0A%20%20%20%20%20%20%20%20%20%20%20%20%20%20%20%20%20%20%20%20name%0A%20%20%20%20%20%20%20%20%20%20%20%20%20%20%20%20%7D%0A%20%20%20%20%20%20%20%20%20%20%20%20%7D%0A%20%20%20%20%20%20%20%20%20%20%20%20employeeId%0A%20%20%20%20%20%20%20%20%20%20%20%20address%0A%20%20%20%20%20%20%20%20%20%20%20%20department%20%7B%0A%20%20%20%20%20%20%20%20%20%20%20%20%20%20%20%20name%0A%20%20%20%20%20%20%20%20%20%20%20%20%7D%0A%20%20%20%20%20%20%20%20%7D%0A%20%20%20%20%7D%0A HTTP/1.1" 200 200
[2025-01-25 15:08:51,547] INFO [django.server:213] "GET /d HTTP/1.1" 200 14772
[2025-01-25 15:08:51,611] INFO [django.server:213] "GET /graphql/?query=%0A%20%20%20%20query%20%7B%0A%20%20%20%20%20%20%20%20managerEmployees%20%7B%0A%20%20%20%20%20%20%20%20%20%20%20%20id%0A%20%20%20%20%20%20%20%20%20%20%20%20user%20%7B%0A%20%20%20%20%20%20%20%20%20%20%20%20%20%20%20%20username%0A%20%20%20%20%20%20%20%20%20%20%20%20%20%20%20%20email%0A%20%20%20%20%20%20%20%20%20%20%20%20%20%20%20%20role%20%7B%0A%20%20%20%20%20%20%20%20%20%20%20%20%20%20%20%20%20%20%20%20name%0A%20%20%20%20%20%20%20%20%20%20%20%20%20%20%20%20%7D%0A%20%20%20%20%20%20%20%20%20%20%20%20%7D%0A%20%20%20%20%20%20%20%20%20%20%20%20employeeId%0A%20%20%20%20%20%20%20%20%20%20%20%20address%0A%20%20%20%20%20%20%20%20%20%20%20%20department%20%7B%0A%20%20%20%20%20%20%20%20%20%20%20%20%20%20%20%20name%0A%20%20%20%20%20%20%20%20%20%20%20%20%7D%0A%20%20%20%20%20%20%20%20%7D%0A%20%20%20%20%7D%0A HTTP/1.1" 200 200
[2025-01-25 15:09:33,105] INFO [django.server:213] "GET /d HTTP/1.1" 200 14896
[2025-01-25 15:09:33,165] INFO [django.server:213] "GET /graphql/?query=%0A%20%20%20%20query%20%7B%0A%20%20%20%20%20%20%20%20managerEmployees%20%7B%0A%20%20%20%20%20%20%20%20%20%20%20%20id%0A%20%20%20%20%20%20%20%20%20%20%20%20user%20%7B%0A%20%20%20%20%20%20%20%20%20%20%20%20%20%20%20%20username%0A%20%20%20%20%20%20%20%20%20%20%20%20%20%20%20%20email%0A%20%20%20%20%20%20%20%20%20%20%20%20%20%20%20%20role%20%7B%0A%20%20%20%20%20%20%20%20%20%20%20%20%20%20%20%20%20%20%20%20name%0A%20%20%20%20%20%20%20%20%20%20%20%20%20%20%20%20%7D%0A%20%20%20%20%20%20%20%20%20%20%20%20%7D%0A%20%20%20%20%20%20%20%20%20%20%20%20employeeId%0A%20%20%20%20%20%20%20%20%20%20%20%20address%0A%20%20%20%20%20%20%20%20%20%20%20%20department%20%7B%0A%20%20%20%20%20%20%20%20%20%20%20%20%20%20%20%20name%0A%20%20%20%20%20%20%20%20%20%20%20%20%7D%0A%20%20%20%20%20%20%20%20%7D%0A%20%20%20%20%7D%0A HTTP/1.1" 200 200
[2025-01-25 15:09:46,956] INFO [django.server:213] "GET /d HTTP/1.1" 200 14905
[2025-01-25 15:09:47,018] INFO [django.server:213] "GET /graphql/?query=%0A%20%20%20%20query%20%7B%0A%20%20%20%20%20%20%20%20managerEmployees%20%7B%0A%20%20%20%20%20%20%20%20%20%20%20%20id%0A%20%20%20%20%20%20%20%20%20%20%20%20user%20%7B%0A%20%20%20%20%20%20%20%20%20%20%20%20%20%20%20%20username%0A%20%20%20%20%20%20%20%20%20%20%20%20%20%20%20%20email%0A%20%20%20%20%20%20%20%20%20%20%20%20%20%20%20%20role%20%7B%0A%20%20%20%20%20%20%20%20%20%20%20%20%20%20%20%20%20%20%20%20name%0A%20%20%20%20%20%20%20%20%20%20%20%20%20%20%20%20%7D%0A%20%20%20%20%20%20%20%20%20%20%20%20%7D%0A%20%20%20%20%20%20%20%20%20%20%20%20employeeId%0A%20%20%20%20%20%20%20%20%20%20%20%20address%0A%20%20%20%20%20%20%20%20%20%20%20%20department%20%7B%0A%20%20%20%20%20%20%20%20%20%20%20%20%20%20%20%20name%0A%20%20%20%20%20%20%20%20%20%20%20%20%7D%0A%20%20%20%20%20%20%20%20%7D%0A%20%20%20%20%7D%0A HTTP/1.1" 200 200
[2025-01-25 15:10:52,391] INFO [django.server:213] "GET /d HTTP/1.1" 200 14916
[2025-01-25 15:10:52,457] INFO [django.server:213] "GET /graphql/?query=%0A%20%20%20%20query%20%7B%0A%20%20%20%20%20%20%20%20managerEmployees%20%7B%0A%20%20%20%20%20%20%20%20%20%20%20%20id%0A%20%20%20%20%20%20%20%20%20%20%20%20user%20%7B%0A%20%20%20%20%20%20%20%20%20%20%20%20%20%20%20%20username%0A%20%20%20%20%20%20%20%20%20%20%20%20%20%20%20%20email%0A%20%20%20%20%20%20%20%20%20%20%20%20%20%20%20%20role%20%7B%0A%20%20%20%20%20%20%20%20%20%20%20%20%20%20%20%20%20%20%20%20name%0A%20%20%20%20%20%20%20%20%20%20%20%20%20%20%20%20%7D%0A%20%20%20%20%20%20%20%20%20%20%20%20%7D%0A%20%20%20%20%20%20%20%20%20%20%20%20employeeId%0A%20%20%20%20%20%20%20%20%20%20%20%20address%0A%20%20%20%20%20%20%20%20%20%20%20%20department%20%7B%0A%20%20%20%20%20%20%20%20%20%20%20%20%20%20%20%20name%0A%20%20%20%20%20%20%20%20%20%20%20%20%7D%0A%20%20%20%20%20%20%20%20%7D%0A%20%20%20%20%7D%0A HTTP/1.1" 200 200
[2025-01-25 15:11:10,050] INFO [django.server:213] "GET /d HTTP/1.1" 200 14916
[2025-01-25 15:11:10,152] INFO [django.server:213] "GET /graphql/?query=%0A%20%20%20%20query%20%7B%0A%20%20%20%20%20%20%20%20managerEmployees%20%7B%0A%20%20%20%20%20%20%20%20%20%20%20%20id%0A%20%20%20%20%20%20%20%20%20%20%20%20user%20%7B%0A%20%20%20%20%20%20%20%20%20%20%20%20%20%20%20%20username%0A%20%20%20%20%20%20%20%20%20%20%20%20%20%20%20%20email%0A%20%20%20%20%20%20%20%20%20%20%20%20%20%20%20%20role%20%7B%0A%20%20%20%20%20%20%20%20%20%20%20%20%20%20%20%20%20%20%20%20name%0A%20%20%20%20%20%20%20%20%20%20%20%20%20%20%20%20%7D%0A%20%20%20%20%20%20%20%20%20%20%20%20%7D%0A%20%20%20%20%20%20%20%20%20%20%20%20employeeId%0A%20%20%20%20%20%20%20%20%20%20%20%20address%0A%20%20%20%20%20%20%20%20%20%20%20%20department%20%7B%0A%20%20%20%20%20%20%20%20%20%20%20%20%20%20%20%20name%0A%20%20%20%20%20%20%20%20%20%20%20%20%7D%0A%20%20%20%20%20%20%20%20%7D%0A%20%20%20%20%7D%0A HTTP/1.1" 200 205
[2025-01-25 15:11:17,072] INFO [django.server:213] "GET /d HTTP/1.1" 200 14912
[2025-01-25 15:11:17,181] INFO [django.server:213] "GET /graphql/?query=%0A%20%20%20%20query%20%7B%0A%20%20%20%20%20%20%20%20managerEmployees%20%7B%0A%20%20%20%20%20%20%20%20%20%20%20%20id%0A%20%20%20%20%20%20%20%20%20%20%20%20user%20%7B%0A%20%20%20%20%20%20%20%20%20%20%20%20%20%20%20%20username%0A%20%20%20%20%20%20%20%20%20%20%20%20%20%20%20%20email%0A%20%20%20%20%20%20%20%20%20%20%20%20%20%20%20%20role%20%7B%0A%20%20%20%20%20%20%20%20%20%20%20%20%20%20%20%20%20%20%20%20name%0A%20%20%20%20%20%20%20%20%20%20%20%20%20%20%20%20%7D%0A%20%20%20%20%20%20%20%20%20%20%20%20%7D%0A%20%20%20%20%20%20%20%20%20%20%20%20employeeId%0A%20%20%20%20%20%20%20%20%20%20%20%20address%0A%20%20%20%20%20%20%20%20%20%20%20%20department%20%7B%0A%20%20%20%20%20%20%20%20%20%20%20%20%20%20%20%20name%0A%20%20%20%20%20%20%20%20%20%20%20%20%7D%0A%20%20%20%20%20%20%20%20%7D%0A%20%20%20%20%7D%0A HTTP/1.1" 200 205
[2025-01-25 15:12:03,353] INFO [django.server:213] "GET /d HTTP/1.1" 200 12360
[2025-01-25 15:12:03,438] INFO [django.server:213] "GET /graphql/?query=%0A%20%20%20%20query%20%7B%0A%20%20%20%20%20%20%20%20managerEmployees%20%7B%0A%20%20%20%20%20%20%20%20%20%20%20%20id%0A%20%20%20%20%20%20%20%20%20%20%20%20user%20%7B%0A%20%20%20%20%20%20%20%20%20%20%20%20%20%20%20%20username%0A%20%20%20%20%20%20%20%20%20%20%20%20%20%20%20%20email%0A%20%20%20%20%20%20%20%20%20%20%20%20%20%20%20%20role%20%7B%0A%20%20%20%20%20%20%20%20%20%20%20%20%20%20%20%20%20%20%20%20name%0A%20%20%20%20%20%20%20%20%20%20%20%20%20%20%20%20%7D%0A%20%20%20%20%20%20%20%20%20%20%20%20%7D%0A%20%20%20%20%20%20%20%20%20%20%20%20employeeId%0A%20%20%20%20%20%20%20%20%20%20%20%20address%0A%20%20%20%20%20%20%20%20%20%20%20%20department%20%7B%0A%20%20%20%20%20%20%20%20%20%20%20%20%20%20%20%20name%0A%20%20%20%20%20%20%20%20%20%20%20%20%7D%0A%20%20%20%20%20%20%20%20%7D%0A%20%20%20%20%7D%0A HTTP/1.1" 200 161
[2025-01-25 15:12:04,637] INFO [django.server:213] "GET /cm HTTP/1.1" 200 9296
[2025-01-25 15:12:04,692] INFO [django.server:213] "POST /graphql/ HTTP/1.1" 200 91
[2025-01-25 15:12:04,702] INFO [django.server:213] "POST /graphql/ HTTP/1.1" 200 348
[2025-01-25 15:12:15,130] INFO [django.server:213] "GET /d HTTP/1.1" 200 14912
[2025-01-25 15:12:15,221] INFO [django.server:213] "GET /graphql/?query=%0A%20%20%20%20query%20%7B%0A%20%20%20%20%20%20%20%20managerEmployees%20%7B%0A%20%20%20%20%20%20%20%20%20%20%20%20id%0A%20%20%20%20%20%20%20%20%20%20%20%20user%20%7B%0A%20%20%20%20%20%20%20%20%20%20%20%20%20%20%20%20username%0A%20%20%20%20%20%20%20%20%20%20%20%20%20%20%20%20email%0A%20%20%20%20%20%20%20%20%20%20%20%20%20%20%20%20role%20%7B%0A%20%20%20%20%20%20%20%20%20%20%20%20%20%20%20%20%20%20%20%20name%0A%20%20%20%20%20%20%20%20%20%20%20%20%20%20%20%20%7D%0A%20%20%20%20%20%20%20%20%20%20%20%20%7D%0A%20%20%20%20%20%20%20%20%20%20%20%20employeeId%0A%20%20%20%20%20%20%20%20%20%20%20%20address%0A%20%20%20%20%20%20%20%20%20%20%20%20department%20%7B%0A%20%20%20%20%20%20%20%20%20%20%20%20%20%20%20%20name%0A%20%20%20%20%20%20%20%20%20%20%20%20%7D%0A%20%20%20%20%20%20%20%20%7D%0A%20%20%20%20%7D%0A HTTP/1.1" 200 200
[2025-01-25 15:12:20,077] INFO [django.server:213] "GET /d HTTP/1.1" 200 12360
[2025-01-25 15:12:20,125] INFO [django.server:213] "GET /graphql/?query=%0A%20%20%20%20query%20%7B%0A%20%20%20%20%20%20%20%20managerEmployees%20%7B%0A%20%20%20%20%20%20%20%20%20%20%20%20id%0A%20%20%20%20%20%20%20%20%20%20%20%20user%20%7B%0A%20%20%20%20%20%20%20%20%20%20%20%20%20%20%20%20username%0A%20%20%20%20%20%20%20%20%20%20%20%20%20%20%20%20email%0A%20%20%20%20%20%20%20%20%20%20%20%20%20%20%20%20role%20%7B%0A%20%20%20%20%20%20%20%20%20%20%20%20%20%20%20%20%20%20%20%20name%0A%20%20%20%20%20%20%20%20%20%20%20%20%20%20%20%20%7D%0A%20%20%20%20%20%20%20%20%20%20%20%20%7D%0A%20%20%20%20%20%20%20%20%20%20%20%20employeeId%0A%20%20%20%20%20%20%20%20%20%20%20%20address%0A%20%20%20%20%20%20%20%20%20%20%20%20department%20%7B%0A%20%20%20%20%20%20%20%20%20%20%20%20%20%20%20%20name%0A%20%20%20%20%20%20%20%20%20%20%20%20%7D%0A%20%20%20%20%20%20%20%20%7D%0A%20%20%20%20%7D%0A HTTP/1.1" 200 161
[2025-01-25 15:12:29,505] INFO [django.server:213] "GET /d HTTP/1.1" 200 12360
[2025-01-25 15:12:29,554] INFO [django.server:213] "GET /graphql/?query=%0A%20%20%20%20query%20%7B%0A%20%20%20%20%20%20%20%20managerEmployees%20%7B%0A%20%20%20%20%20%20%20%20%20%20%20%20id%0A%20%20%20%20%20%20%20%20%20%20%20%20user%20%7B%0A%20%20%20%20%20%20%20%20%20%20%20%20%20%20%20%20username%0A%20%20%20%20%20%20%20%20%20%20%20%20%20%20%20%20email%0A%20%20%20%20%20%20%20%20%20%20%20%20%20%20%20%20role%20%7B%0A%20%20%20%20%20%20%20%20%20%20%20%20%20%20%20%20%20%20%20%20name%0A%20%20%20%20%20%20%20%20%20%20%20%20%20%20%20%20%7D%0A%20%20%20%20%20%20%20%20%20%20%20%20%7D%0A%20%20%20%20%20%20%20%20%20%20%20%20employeeId%0A%20%20%20%20%20%20%20%20%20%20%20%20address%0A%20%20%20%20%20%20%20%20%20%20%20%20department%20%7B%0A%20%20%20%20%20%20%20%20%20%20%20%20%20%20%20%20name%0A%20%20%20%20%20%20%20%20%20%20%20%20%7D%0A%20%20%20%20%20%20%20%20%7D%0A%20%20%20%20%7D%0A HTTP/1.1" 200 161
[2025-01-25 15:12:30,238] INFO [django.server:213] "GET /d HTTP/1.1" 200 12360
[2025-01-25 15:12:30,283] INFO [django.server:213] "GET /graphql/?query=%0A%20%20%20%20query%20%7B%0A%20%20%20%20%20%20%20%20managerEmployees%20%7B%0A%20%20%20%20%20%20%20%20%20%20%20%20id%0A%20%20%20%20%20%20%20%20%20%20%20%20user%20%7B%0A%20%20%20%20%20%20%20%20%20%20%20%20%20%20%20%20username%0A%20%20%20%20%20%20%20%20%20%20%20%20%20%20%20%20email%0A%20%20%20%20%20%20%20%20%20%20%20%20%20%20%20%20role%20%7B%0A%20%20%20%20%20%20%20%20%20%20%20%20%20%20%20%20%20%20%20%20name%0A%20%20%20%20%20%20%20%20%20%20%20%20%20%20%20%20%7D%0A%20%20%20%20%20%20%20%20%20%20%20%20%7D%0A%20%20%20%20%20%20%20%20%20%20%20%20employeeId%0A%20%20%20%20%20%20%20%20%20%20%20%20address%0A%20%20%20%20%20%20%20%20%20%20%20%20department%20%7B%0A%20%20%20%20%20%20%20%20%20%20%20%20%20%20%20%20name%0A%20%20%20%20%20%20%20%20%20%20%20%20%7D%0A%20%20%20%20%20%20%20%20%7D%0A%20%20%20%20%7D%0A HTTP/1.1" 200 161
[2025-01-25 15:13:23,880] INFO [django.server:213] "GET /d HTTP/1.1" 200 12102
[2025-01-25 15:13:23,944] INFO [django.server:213] "GET /graphql/?query=%0A%20%20%20%20query%20%7B%0A%20%20%20%20%20%20%20%20managerEmployees%20%7B%0A%20%20%20%20%20%20%20%20%20%20%20%20id%0A%20%20%20%20%20%20%20%20%20%20%20%20user%20%7B%0A%20%20%20%20%20%20%20%20%20%20%20%20%20%20%20%20username%0A%20%20%20%20%20%20%20%20%20%20%20%20%20%20%20%20email%0A%20%20%20%20%20%20%20%20%20%20%20%20%20%20%20%20role%20%7B%0A%20%20%20%20%20%20%20%20%20%20%20%20%20%20%20%20%20%20%20%20name%0A%20%20%20%20%20%20%20%20%20%20%20%20%20%20%20%20%7D%0A%20%20%20%20%20%20%20%20%20%20%20%20%7D%0A%20%20%20%20%20%20%20%20%20%20%20%20employeeId%0A%20%20%20%20%20%20%20%20%20%20%20%20address%0A%20%20%20%20%20%20%20%20%20%20%20%20department%20%7B%0A%20%20%20%20%20%20%20%20%20%20%20%20%20%20%20%20name%0A%20%20%20%20%20%20%20%20%20%20%20%20%7D%0A%20%20%20%20%20%20%20%20%7D%0A%20%20%20%20%7D%0A HTTP/1.1" 200 200
[2025-01-25 15:15:06,492] INFO [django.server:213] "GET /d HTTP/1.1" 200 12711
[2025-01-25 15:15:06,548] INFO [django.server:213] "GET /graphql/?query=%0A%20%20%20%20query%20%7B%0A%20%20%20%20%20%20%20%20managerEmployees%20%7B%0A%20%20%20%20%20%20%20%20%20%20%20%20id%0A%20%20%20%20%20%20%20%20%20%20%20%20user%20%7B%0A%20%20%20%20%20%20%20%20%20%20%20%20%20%20%20%20username%0A%20%20%20%20%20%20%20%20%20%20%20%20%20%20%20%20email%0A%20%20%20%20%20%20%20%20%20%20%20%20%20%20%20%20role%20%7B%0A%20%20%20%20%20%20%20%20%20%20%20%20%20%20%20%20%20%20%20%20name%0A%20%20%20%20%20%20%20%20%20%20%20%20%20%20%20%20%7D%0A%20%20%20%20%20%20%20%20%20%20%20%20%7D%0A%20%20%20%20%20%20%20%20%20%20%20%20employeeId%0A%20%20%20%20%20%20%20%20%20%20%20%20address%0A%20%20%20%20%20%20%20%20%20%20%20%20department%20%7B%0A%20%20%20%20%20%20%20%20%20%20%20%20%20%20%20%20name%0A%20%20%20%20%20%20%20%20%20%20%20%20%7D%0A%20%20%20%20%20%20%20%20%7D%0A%20%20%20%20%7D%0A HTTP/1.1" 200 161
[2025-01-25 15:15:38,500] INFO [django.server:213] "GET /d HTTP/1.1" 200 12711
[2025-01-25 15:15:38,559] INFO [django.server:213] "GET /graphql/?query=%0A%20%20%20%20query%20%7B%0A%20%20%20%20%20%20%20%20managerEmployees%20%7B%0A%20%20%20%20%20%20%20%20%20%20%20%20id%0A%20%20%20%20%20%20%20%20%20%20%20%20user%20%7B%0A%20%20%20%20%20%20%20%20%20%20%20%20%20%20%20%20username%0A%20%20%20%20%20%20%20%20%20%20%20%20%20%20%20%20email%0A%20%20%20%20%20%20%20%20%20%20%20%20%20%20%20%20role%20%7B%0A%20%20%20%20%20%20%20%20%20%20%20%20%20%20%20%20%20%20%20%20name%0A%20%20%20%20%20%20%20%20%20%20%20%20%20%20%20%20%7D%0A%20%20%20%20%20%20%20%20%20%20%20%20%7D%0A%20%20%20%20%20%20%20%20%20%20%20%20employeeId%0A%20%20%20%20%20%20%20%20%20%20%20%20address%0A%20%20%20%20%20%20%20%20%20%20%20%20department%20%7B%0A%20%20%20%20%20%20%20%20%20%20%20%20%20%20%20%20name%0A%20%20%20%20%20%20%20%20%20%20%20%20%7D%0A%20%20%20%20%20%20%20%20%7D%0A%20%20%20%20%7D%0A HTTP/1.1" 200 161
[2025-01-25 15:15:44,983] INFO [django.server:213] "GET /cm HTTP/1.1" 200 9296
[2025-01-25 15:15:45,041] INFO [django.server:213] "POST /graphql/ HTTP/1.1" 200 91
[2025-01-25 15:15:45,048] INFO [django.server:213] "POST /graphql/ HTTP/1.1" 200 348
[2025-01-25 15:17:01,083] INFO [django.server:213] "GET /d HTTP/1.1" 200 13224
[2025-01-25 15:17:01,165] INFO [django.server:213] "GET /graphql/?query=%0A%20%20%20%20query%20%7B%0A%20%20%20%20%20%20%20%20managerEmployees%20%7B%0A%20%20%20%20%20%20%20%20%20%20%20%20id%0A%20%20%20%20%20%20%20%20%20%20%20%20user%20%7B%0A%20%20%20%20%20%20%20%20%20%20%20%20%20%20%20%20username%0A%20%20%20%20%20%20%20%20%20%20%20%20%20%20%20%20email%0A%20%20%20%20%20%20%20%20%20%20%20%20%20%20%20%20role%20%7B%0A%20%20%20%20%20%20%20%20%20%20%20%20%20%20%20%20%20%20%20%20name%0A%20%20%20%20%20%20%20%20%20%20%20%20%20%20%20%20%7D%0A%20%20%20%20%20%20%20%20%20%20%20%20%7D%0A%20%20%20%20%20%20%20%20%20%20%20%20employeeId%0A%20%20%20%20%20%20%20%20%20%20%20%20address%0A%20%20%20%20%20%20%20%20%20%20%20%20department%20%7B%0A%20%20%20%20%20%20%20%20%20%20%20%20%20%20%20%20name%0A%20%20%20%20%20%20%20%20%20%20%20%20%7D%0A%20%20%20%20%20%20%20%20%7D%0A%20%20%20%20%7D%0A HTTP/1.1" 200 161
[2025-01-25 15:17:44,638] INFO [django.server:213] "GET /d HTTP/1.1" 200 13472
[2025-01-25 15:17:44,686] INFO [django.server:213] "GET /graphql/?query=%0A%20%20%20%20query%20%7B%0A%20%20%20%20%20%20%20%20managerEmployees%20%7B%0A%20%20%20%20%20%20%20%20%20%20%20%20id%0A%20%20%20%20%20%20%20%20%20%20%20%20user%20%7B%0A%20%20%20%20%20%20%20%20%20%20%20%20%20%20%20%20username%0A%20%20%20%20%20%20%20%20%20%20%20%20%20%20%20%20email%0A%20%20%20%20%20%20%20%20%20%20%20%20%20%20%20%20role%20%7B%0A%20%20%20%20%20%20%20%20%20%20%20%20%20%20%20%20%20%20%20%20name%0A%20%20%20%20%20%20%20%20%20%20%20%20%20%20%20%20%7D%0A%20%20%20%20%20%20%20%20%20%20%20%20%7D%0A%20%20%20%20%20%20%20%20%20%20%20%20employeeId%0A%20%20%20%20%20%20%20%20%20%20%20%20address%0A%20%20%20%20%20%20%20%20%20%20%20%20department%20%7B%0A%20%20%20%20%20%20%20%20%20%20%20%20%20%20%20%20name%0A%20%20%20%20%20%20%20%20%20%20%20%20%7D%0A%20%20%20%20%20%20%20%20%7D%0A%20%20%20%20%7D%0A HTTP/1.1" 200 161
[2025-01-25 15:17:45,939] INFO [django.server:213] "GET /d HTTP/1.1" 200 13472
[2025-01-25 15:17:45,991] INFO [django.server:213] "GET /graphql/?query=%0A%20%20%20%20query%20%7B%0A%20%20%20%20%20%20%20%20managerEmployees%20%7B%0A%20%20%20%20%20%20%20%20%20%20%20%20id%0A%20%20%20%20%20%20%20%20%20%20%20%20user%20%7B%0A%20%20%20%20%20%20%20%20%20%20%20%20%20%20%20%20username%0A%20%20%20%20%20%20%20%20%20%20%20%20%20%20%20%20email%0A%20%20%20%20%20%20%20%20%20%20%20%20%20%20%20%20role%20%7B%0A%20%20%20%20%20%20%20%20%20%20%20%20%20%20%20%20%20%20%20%20name%0A%20%20%20%20%20%20%20%20%20%20%20%20%20%20%20%20%7D%0A%20%20%20%20%20%20%20%20%20%20%20%20%7D%0A%20%20%20%20%20%20%20%20%20%20%20%20employeeId%0A%20%20%20%20%20%20%20%20%20%20%20%20address%0A%20%20%20%20%20%20%20%20%20%20%20%20department%20%7B%0A%20%20%20%20%20%20%20%20%20%20%20%20%20%20%20%20name%0A%20%20%20%20%20%20%20%20%20%20%20%20%7D%0A%20%20%20%20%20%20%20%20%7D%0A%20%20%20%20%7D%0A HTTP/1.1" 200 161
[2025-01-25 15:19:15,585] INFO [django.server:213] "GET /d HTTP/1.1" 200 13486
[2025-01-25 15:19:15,639] INFO [django.server:213] "GET /graphql/?query=%0A%20%20%20%20query%20%7B%0A%20%20%20%20%20%20%20%20managerEmployees%20%7B%0A%20%20%20%20%20%20%20%20%20%20%20%20id%0A%20%20%20%20%20%20%20%20%20%20%20%20user%20%7B%0A%20%20%20%20%20%20%20%20%20%20%20%20%20%20%20%20username%0A%20%20%20%20%20%20%20%20%20%20%20%20%20%20%20%20email%0A%20%20%20%20%20%20%20%20%20%20%20%20%20%20%20%20role%20%7B%0A%20%20%20%20%20%20%20%20%20%20%20%20%20%20%20%20%20%20%20%20name%0A%20%20%20%20%20%20%20%20%20%20%20%20%20%20%20%20%7D%0A%20%20%20%20%20%20%20%20%20%20%20%20%7D%0A%20%20%20%20%20%20%20%20%20%20%20%20employeeId%0A%20%20%20%20%20%20%20%20%20%20%20%20address%0A%20%20%20%20%20%20%20%20%20%20%20%20department%20%7B%0A%20%20%20%20%20%20%20%20%20%20%20%20%20%20%20%20name%0A%20%20%20%20%20%20%20%20%20%20%20%20%7D%0A%20%20%20%20%20%20%20%20%7D%0A%20%20%20%20%7D%0A HTTP/1.1" 200 161
[2025-01-25 15:19:17,643] INFO [django.server:213] "GET /cm HTTP/1.1" 200 9296
[2025-01-25 15:19:17,712] INFO [django.server:213] "POST /graphql/ HTTP/1.1" 200 91
[2025-01-25 15:19:17,714] INFO [django.server:213] "POST /graphql/ HTTP/1.1" 200 348
[2025-01-25 15:20:03,127] INFO [django.server:213] "GET /d HTTP/1.1" 200 13700
[2025-01-25 15:20:03,177] INFO [django.server:213] "GET /graphql/?query=%0A%20%20%20%20query%20%7B%0A%20%20%20%20%20%20%20%20managerEmployees%20%7B%0A%20%20%20%20%20%20%20%20%20%20%20%20id%0A%20%20%20%20%20%20%20%20%20%20%20%20user%20%7B%0A%20%20%20%20%20%20%20%20%20%20%20%20%20%20%20%20username%0A%20%20%20%20%20%20%20%20%20%20%20%20%20%20%20%20email%0A%20%20%20%20%20%20%20%20%20%20%20%20%20%20%20%20role%20%7B%0A%20%20%20%20%20%20%20%20%20%20%20%20%20%20%20%20%20%20%20%20name%0A%20%20%20%20%20%20%20%20%20%20%20%20%20%20%20%20%7D%0A%20%20%20%20%20%20%20%20%20%20%20%20%7D%0A%20%20%20%20%20%20%20%20%20%20%20%20employeeId%0A%20%20%20%20%20%20%20%20%20%20%20%20address%0A%20%20%20%20%20%20%20%20%20%20%20%20department%20%7B%0A%20%20%20%20%20%20%20%20%20%20%20%20%20%20%20%20name%0A%20%20%20%20%20%20%20%20%20%20%20%20%7D%0A%20%20%20%20%20%20%20%20%7D%0A%20%20%20%20%7D%0A HTTP/1.1" 200 161
[2025-01-25 15:20:28,233] INFO [django.server:213] "GET /d HTTP/1.1" 200 13667
[2025-01-25 15:20:28,286] INFO [django.server:213] "GET /graphql/?query=%0A%20%20%20%20query%20%7B%0A%20%20%20%20%20%20%20%20managerEmployees%20%7B%0A%20%20%20%20%20%20%20%20%20%20%20%20id%0A%20%20%20%20%20%20%20%20%20%20%20%20user%20%7B%0A%20%20%20%20%20%20%20%20%20%20%20%20%20%20%20%20username%0A%20%20%20%20%20%20%20%20%20%20%20%20%20%20%20%20email%0A%20%20%20%20%20%20%20%20%20%20%20%20%20%20%20%20role%20%7B%0A%20%20%20%20%20%20%20%20%20%20%20%20%20%20%20%20%20%20%20%20name%0A%20%20%20%20%20%20%20%20%20%20%20%20%20%20%20%20%7D%0A%20%20%20%20%20%20%20%20%20%20%20%20%7D%0A%20%20%20%20%20%20%20%20%20%20%20%20employeeId%0A%20%20%20%20%20%20%20%20%20%20%20%20address%0A%20%20%20%20%20%20%20%20%20%20%20%20department%20%7B%0A%20%20%20%20%20%20%20%20%20%20%20%20%20%20%20%20name%0A%20%20%20%20%20%20%20%20%20%20%20%20%7D%0A%20%20%20%20%20%20%20%20%7D%0A%20%20%20%20%7D%0A HTTP/1.1" 200 161
[2025-01-25 15:21:12,112] INFO [django.server:213] "GET /cm HTTP/1.1" 200 9296
[2025-01-25 15:21:12,174] INFO [django.server:213] "POST /graphql/ HTTP/1.1" 200 91
[2025-01-25 15:21:12,182] INFO [django.server:213] "POST /graphql/ HTTP/1.1" 200 348
[2025-01-25 15:21:17,624] INFO [django.server:213] "GET /cm HTTP/1.1" 200 9296
[2025-01-25 15:21:17,687] INFO [django.server:213] "POST /graphql/ HTTP/1.1" 200 91
[2025-01-25 15:21:17,691] INFO [django.server:213] "POST /graphql/ HTTP/1.1" 200 348
[2025-01-25 15:22:04,184] INFO [django.server:213] "GET /d HTTP/1.1" 200 13676
[2025-01-25 15:22:04,235] INFO [django.server:213] "GET /graphql/?query=%0A%20%20%20%20query%20%7B%0A%20%20%20%20%20%20%20%20managerEmployees%20%7B%0A%20%20%20%20%20%20%20%20%20%20%20%20id%0A%20%20%20%20%20%20%20%20%20%20%20%20user%20%7B%0A%20%20%20%20%20%20%20%20%20%20%20%20%20%20%20%20username%0A%20%20%20%20%20%20%20%20%20%20%20%20%20%20%20%20email%0A%20%20%20%20%20%20%20%20%20%20%20%20%20%20%20%20role%20%7B%0A%20%20%20%20%20%20%20%20%20%20%20%20%20%20%20%20%20%20%20%20name%0A%20%20%20%20%20%20%20%20%20%20%20%20%20%20%20%20%7D%0A%20%20%20%20%20%20%20%20%20%20%20%20%7D%0A%20%20%20%20%20%20%20%20%20%20%20%20employeeId%0A%20%20%20%20%20%20%20%20%20%20%20%20address%0A%20%20%20%20%20%20%20%20%20%20%20%20department%20%7B%0A%20%20%20%20%20%20%20%20%20%20%20%20%20%20%20%20name%0A%20%20%20%20%20%20%20%20%20%20%20%20%7D%0A%20%20%20%20%20%20%20%20%7D%0A%20%20%20%20%7D%0A HTTP/1.1" 200 161
[2025-01-25 15:22:29,022] INFO [django.server:213] "GET /a HTTP/1.1" 200 11786
[2025-01-25 15:22:29,206] INFO [django.server:213] "GET /graphql/?query=%0A%20%20%20%20%20%20query%20%7B%0A%20%20%20%20%20%20%20%20myAttendance%20%7B%0A%20%20%20%20%20%20%20%20%20%20date%0A%20%20%20%20%20%20%20%20%20%20status%0A%20%20%20%20%20%20%20%20%7D%0A%20%20%20%20%20%20%7D%0A%20%20%20%20 HTTP/1.1" 200 162
[2025-01-25 15:22:48,540] INFO [django.server:213] "GET /a? HTTP/1.1" 200 11786
[2025-01-25 15:22:48,540] INFO [django.server:213] "POST /graphql/ HTTP/1.1" 200 87
[2025-01-25 15:22:48,732] INFO [django.server:213] "GET /graphql/?query=%0A%20%20%20%20%20%20query%20%7B%0A%20%20%20%20%20%20%20%20myAttendance%20%7B%0A%20%20%20%20%20%20%20%20%20%20date%0A%20%20%20%20%20%20%20%20%20%20status%0A%20%20%20%20%20%20%20%20%7D%0A%20%20%20%20%20%20%7D%0A%20%20%20%20 HTTP/1.1" 200 162
[2025-01-25 15:22:53,889] INFO [django.server:213] "POST /graphql/ HTTP/1.1" 200 87
[2025-01-25 15:23:00,401] INFO [django.server:213] "POST /graphql/ HTTP/1.1" 200 87
[2025-01-25 15:23:03,305] INFO [django.server:213] "GET /a? HTTP/1.1" 200 11786
[2025-01-25 15:23:03,429] INFO [django.server:213] "GET /graphql/?query=%0A%20%20%20%20%20%20query%20%7B%0A%20%20%20%20%20%20%20%20myAttendance%20%7B%0A%20%20%20%20%20%20%20%20%20%20date%0A%20%20%20%20%20%20%20%20%20%20status%0A%20%20%20%20%20%20%20%20%7D%0A%20%20%20%20%20%20%7D%0A%20%20%20%20 HTTP/1.1" 200 162
[2025-01-25 15:23:10,332] INFO [django.server:213] "POST /graphql/ HTTP/1.1" 200 87
[2025-01-25 15:23:19,347] INFO [django.server:213] "GET /a? HTTP/1.1" 200 11786
[2025-01-25 15:23:19,685] INFO [django.server:213] "GET /graphql/?query=%0A%20%20%20%20%20%20query%20%7B%0A%20%20%20%20%20%20%20%20myAttendance%20%7B%0A%20%20%20%20%20%20%20%20%20%20date%0A%20%20%20%20%20%20%20%20%20%20status%0A%20%20%20%20%20%20%20%20%7D%0A%20%20%20%20%20%20%7D%0A%20%20%20%20 HTTP/1.1" 200 162
[2025-01-25 15:23:24,684] INFO [django.server:213] "POST /graphql/ HTTP/1.1" 200 87
[2025-01-25 15:23:38,863] INFO [django.server:213] "GET /graphql/ HTTP/1.1" 200 2611
[2025-01-25 15:23:39,091] INFO [django.server:213] "POST /graphql/ HTTP/1.1" 200 59181
